game_id,season,week,gameday,gametime,away_team,home_team,away_score,home_score,location,spread_line
cfb_401282714,2021,1,2021-08-28,17:20,NEB,ILL,22.0,30.0,Home,
cfb_401286187,2021,1,2021-08-28,18:00,CONN,FRES,0.0,45.0,Home,
cfb_401309833,2021,1,2021-08-28,19:30,HAW,UCLA,10.0,44.0,Home,
cfb_401282049,2021,1,2021-08-29,01:30,UTEP,NMSU,30.0,3.0,Home,
cfb_401300995,2021,1,2021-09-02,23:00,BSU,UCF,31.0,36.0,Home,
cfb_401282607,2021,1,2021-09-02,23:30,USF,NCST,0.0,45.0,Home,
cfb_401300993,2021,1,2021-09-02,23:30,ECU,APP,19.0,33.0,Neutral,
cfb_401282789,2021,1,2021-09-03,00:00,OSU,MINN,45.0,31.0,Home,
cfb_401281952,2021,1,2021-09-03,00:00,BGSU,TENN,6.0,38.0,Home,
cfb_401309937,2021,1,2021-09-03,22:00,UNC,VT,10.0,17.0,Home,
cfb_401282052,2021,1,2021-09-03,23:00,DUKE,CLT,28.0,31.0,Home,
cfb_401282608,2021,1,2021-09-03,23:00,ODU,WAKE,10.0,42.0,Home,
cfb_401282782,2021,1,2021-09-04,01:00,MSU,NU,38.0,21.0,Home,
cfb_401281942,2021,1,2021-09-04,19:30,ALA,MIA,44.0,13.0,Neutral,
cfb_401287894,2021,1,2021-09-04,16:00,TULN,OU,35.0,40.0,Home,
cfb_401281946,2021,1,2021-09-04,23:30,UGA,CLEM,10.0,3.0,Neutral,
cfb_401309838,2021,1,2021-09-04,18:00,FRES,ORE,24.0,31.0,Home,
cfb_401282815,2021,1,2021-09-04,16:00,PSU,WISC,16.0,10.0,Home,
cfb_401281945,2021,1,2021-09-04,23:30,FAU,FLA,14.0,35.0,Home,
cfb_401309842,2021,1,2021-09-04,21:00,SJSU,USC,7.0,30.0,Home,
cfb_401282723,2021,1,2021-09-04,19:30,IU,IOWA,6.0,34.0,Home,
cfb_401287892,2021,1,2021-09-04,20:30,UL,TEX,18.0,38.0,Home,
cfb_401281947,2021,1,2021-09-04,16:00,ULM,UK,10.0,45.0,Home,
cfb_401282772,2021,1,2021-09-04,16:00,WMU,MICH,14.0,47.0,Home,
cfb_401282822,2021,1,2021-09-04,16:00,TEM,RUTG,14.0,61.0,Home,
cfb_401287889,2021,1,2021-09-04,16:00,STAN,KSU,7.0,24.0,Neutral,
cfb_401309601,2021,1,2021-09-04,16:00,ARMY,GAST,43.0,10.0,Home,
cfb_401281943,2021,1,2021-09-04,18:00,RICE,ARK,17.0,38.0,Home,
cfb_401282174,2021,1,2021-09-04,19:30,MRSH,NAVY,49.0,7.0,Home,
cfb_401282764,2021,1,2021-09-04,19:30,WVU,MD,24.0,30.0,Home,
cfb_401300996,2021,1,2021-09-04,19:30,M-OH,CIN,14.0,49.0,Home,
cfb_401281949,2021,1,2021-09-04,20:00,LT,MSST,34.0,35.0,Home,
cfb_401281950,2021,1,2021-09-04,20:00,CMU,MIZ,24.0,34.0,Home,
cfb_401282612,2021,1,2021-09-04,20:00,MASS,PITT,7.0,51.0,Home,
cfb_401281944,2021,1,2021-09-04,23:00,AKR,AUB,10.0,60.0,Home,
cfb_401282611,2021,1,2021-09-04,23:00,SYR,OHIO,29.0,9.0,Home,
cfb_401282819,2021,1,2021-09-04,23:00,ORST,PUR,21.0,30.0,Home,
cfb_401287886,2021,1,2021-09-04,23:00,TTU,HOU,38.0,21.0,Neutral,
cfb_401287893,2021,1,2021-09-04,23:00,BAY,TXST,29.0,20.0,Home,
cfb_401282179,2021,1,2021-09-04,23:30,UTSA,ILL,37.0,30.0,Home,
cfb_401282610,2021,1,2021-09-04,23:30,NIU,GT,22.0,21.0,Home,
cfb_401282053,2021,1,2021-09-05,00:00,KENT,TA&M,10.0,41.0,Home,
cfb_401282177,2021,1,2021-09-05,00:00,USM,USA,7.0,31.0,Home,
cfb_401281948,2021,1,2021-09-05,00:30,LSU,UCLA,27.0,38.0,Home,
cfb_401309837,2021,1,2021-09-05,02:30,NEV,CAL,22.0,17.0,Home,
cfb_401309841,2021,1,2021-09-05,02:30,BYU,ARIZ,24.0,16.0,Neutral,
cfb_401310699,2021,1,2021-09-05,02:30,NMSU,SDSU,10.0,28.0,Home,
cfb_401309840,2021,1,2021-09-05,03:00,USU,WSU,26.0,23.0,Home,
cfb_401282614,2021,1,2021-09-05,23:30,ND,FSU,41.0,38.0,Home,
cfb_401282055,2021,1,2021-09-07,00:00,LOU,MISS,24.0,43.0,Neutral,
cfb_401287896,2021,2,2021-09-10,23:30,KU,CCU,22.0,49.0,Home,
cfb_401282191,2021,2,2021-09-11,01:30,UTEP,BSU,13.0,54.0,Home,
cfb_401282060,2021,2,2021-09-11,19:30,UAB,UGA,7.0,56.0,Home,
cfb_401282809,2021,2,2021-09-11,16:00,ORE,OSU,35.0,28.0,Home,
cfb_401282705,2021,2,2021-09-11,18:30,TOL,ND,29.0,32.0,Home,
cfb_401282754,2021,2,2021-09-11,20:30,IOWA,ISU,27.0,17.0,Home,
cfb_401282057,2021,2,2021-09-11,23:00,TEX,ARK,21.0,40.0,Home,
cfb_401282825,2021,2,2021-09-11,23:00,EMU,WISC,7.0,34.0,Home,
cfb_401282620,2021,2,2021-09-11,23:00,APP,MIA,23.0,25.0,Home,
cfb_401282621,2021,2,2021-09-11,23:30,GAST,UNC,17.0,59.0,Home,
cfb_401282624,2021,2,2021-09-11,15:00,ILL,UVA,14.0,42.0,Home,
cfb_401282193,2021,2,2021-09-11,15:30,WKU,ARMY,35.0,38.0,Home,
cfb_401282065,2021,2,2021-09-11,16:00,SC,ECU,20.0,17.0,Home,
cfb_401282066,2021,2,2021-09-11,16:00,PITT,TENN,41.0,34.0,Home,
cfb_401282790,2021,2,2021-09-11,16:00,M-OH,MINN,26.0,31.0,Home,
cfb_401287899,2021,2,2021-09-11,16:00,TLSA,OKST,23.0,28.0,Home,
cfb_401282059,2021,2,2021-09-11,17:00,FLA,USF,42.0,20.0,Home,
cfb_401309547,2021,2,2021-09-11,17:30,WYO,NIU,50.0,43.0,Home,
cfb_401282186,2021,2,2021-09-11,18:00,MTSU,VT,14.0,35.0,Home,
cfb_401282622,2021,2,2021-09-11,18:00,RUTG,SYR,17.0,7.0,Home,
cfb_401282820,2021,2,2021-09-11,19:00,PUR,CONN,49.0,0.0,Home,
cfb_401282067,2021,2,2021-09-11,19:30,TA&M,COLO,10.0,7.0,Neutral,
cfb_401282183,2021,2,2021-09-11,19:30,GASO,FAU,6.0,38.0,Home,
cfb_401282623,2021,2,2021-09-11,19:30,BC,MASS,45.0,28.0,Home,
cfb_401282797,2021,2,2021-09-11,19:30,BUFF,NEB,3.0,28.0,Home,
cfb_401282816,2021,2,2021-09-11,19:30,BALL,PSU,13.0,44.0,Home,
cfb_401287900,2021,2,2021-09-11,19:30,CAL,TCU,32.0,34.0,Home,
cfb_401300999,2021,2,2021-09-11,19:30,TEM,AKR,45.0,24.0,Home,
cfb_401301004,2021,2,2021-09-11,19:30,AFA,NAVY,23.0,3.0,Home,
cfb_401309546,2021,2,2021-09-11,20:00,USA,BGSU,22.0,19.0,Home,
cfb_401282189,2021,2,2021-09-11,22:30,HOU,RICE,44.0,7.0,Home,
cfb_401282064,2021,2,2021-09-11,23:00,NCST,MSST,10.0,24.0,Home,
cfb_401282182,2021,2,2021-09-11,23:00,TXST,FIU,23.0,17.0,Home,
cfb_401282187,2021,2,2021-09-11,23:00,UNT,SMU,12.0,35.0,Home,
cfb_401286295,2021,2,2021-09-11,23:00,LIB,TROY,21.0,13.0,Home,
cfb_401301003,2021,2,2021-09-11,23:00,MEM,ARST,55.0,50.0,Home,
cfb_401310700,2021,2,2021-09-11,23:00,NMSU,UNM,25.0,34.0,Home,
cfb_401282061,2021,2,2021-09-11,23:30,MIZ,UK,28.0,35.0,Home,
cfb_401309843,2021,2,2021-09-12,02:30,STAN,USC,42.0,28.0,Home,
cfb_401309848,2021,2,2021-09-12,02:15,UTAH,BYU,17.0,26.0,Home,
cfb_401309847,2021,2,2021-09-12,02:30,UNLV,ASU,10.0,37.0,Home,
cfb_401282773,2021,2,2021-09-12,00:00,WASH,MICH,10.0,31.0,Home,
cfb_401282068,2021,2,2021-09-12,02:00,VAN,CSU,24.0,21.0,Home,
cfb_401309846,2021,2,2021-09-12,02:00,SDSU,ARIZ,38.0,14.0,Home,
cfb_401309844,2021,2,2021-09-12,03:00,HAW,ORST,27.0,45.0,Home,
cfb_401309606,2021,3,2021-09-17,00:00,OHIO,UL,14.0,49.0,Home,
cfb_401282626,2021,3,2021-09-17,23:30,UCF,LOU,35.0,42.0,Home,
cfb_401282715,2021,3,2021-09-18,01:00,MD,ILL,20.0,17.0,Home,
cfb_401282072,2021,3,2021-09-18,23:10,SC,UGA,13.0,40.0,Home,
cfb_401282798,2021,3,2021-09-18,16:00,NEB,OU,16.0,23.0,Home,
cfb_401282079,2021,3,2021-09-18,16:00,UNM,TA&M,0.0,34.0,Home,
cfb_401282810,2021,3,2021-09-18,19:30,TLSA,OSU,20.0,41.0,Home,
cfb_401282070,2021,3,2021-09-18,23:30,AUB,PSU,20.0,28.0,Home,
cfb_401282636,2021,3,2021-09-18,16:00,VT,WVU,21.0,27.0,Home,
cfb_401309552,2021,3,2021-09-18,16:00,CCU,BUFF,28.0,25.0,Home,
cfb_401282069,2021,3,2021-09-18,20:00,GASO,ARK,10.0,45.0,Home,
cfb_401282629,2021,3,2021-09-18,16:00,MSU,MIA,38.0,17.0,Home,
cfb_401282774,2021,3,2021-09-18,16:00,NIU,MICH,10.0,63.0,Home,
cfb_401282632,2021,3,2021-09-18,16:00,WMU,PITT,44.0,41.0,Home,
cfb_401282634,2021,3,2021-09-18,16:00,BC,TEM,28.0,3.0,Home,
cfb_401282725,2021,3,2021-09-18,16:00,CIN,IU,38.0,24.0,Home,
cfb_401286189,2021,3,2021-09-18,16:00,CONN,ARMY,21.0,52.0,Home,
cfb_401282791,2021,3,2021-09-18,17:00,MINN,COLO,30.0,0.0,Home,
cfb_401287905,2021,3,2021-09-18,18:00,NEV,KSU,17.0,38.0,Home,
cfb_401282706,2021,3,2021-09-18,18:30,PUR,ND,13.0,27.0,Home,
cfb_401282071,2021,3,2021-09-18,19:30,ALA,FLA,31.0,29.0,Home,
cfb_401282199,2021,3,2021-09-18,19:30,SMU,LT,39.0,37.0,Home,
cfb_401282755,2021,3,2021-09-18,19:30,KENT,IOWA,7.0,30.0,Home,
cfb_401286300,2021,3,2021-09-18,19:30,EMU,MASS,42.0,28.0,Home,
cfb_401287904,2021,3,2021-09-18,19:30,BAY,KU,45.0,7.0,Home,
cfb_401309852,2021,3,2021-09-18,19:30,USC,WSU,45.0,14.0,Home,
cfb_401282635,2021,3,2021-09-18,19:35,FSU,WAKE,14.0,35.0,Home,
cfb_401282627,2021,3,2021-09-18,19:41,GT,CLEM,8.0,14.0,Home,
cfb_401282076,2021,3,2021-09-18,20:00,MSST,MEM,29.0,31.0,Home,
cfb_401282628,2021,3,2021-09-18,20:00,NU,DUKE,23.0,30.0,Home,
cfb_401309549,2021,3,2021-09-18,20:00,BALL,WYO,12.0,45.0,Home,
cfb_401309553,2021,3,2021-09-18,20:00,CSU,TOL,22.0,6.0,Home,
cfb_401309605,2021,3,2021-09-18,20:15,ARST,WASH,3.0,52.0,Home,
cfb_401282194,2021,3,2021-09-18,22:00,MTSU,UTSA,13.0,27.0,Home,
cfb_401282200,2021,3,2021-09-18,22:00,ECU,MRSH,42.0,38.0,Home,
cfb_401282201,2021,3,2021-09-18,22:00,ODU,LIB,17.0,45.0,Home,
cfb_401282196,2021,3,2021-09-18,23:00,CLT,GAST,9.0,20.0,Home,
cfb_401282197,2021,3,2021-09-18,23:00,FIU,TTU,21.0,54.0,Home,
cfb_401282203,2021,3,2021-09-18,23:00,TROY,USM,21.0,9.0,Home,
cfb_401309856,2021,3,2021-09-18,23:00,UTAH,SDSU,31.0,33.0,Home,
cfb_401282074,2021,3,2021-09-18,23:30,CMU,LSU,21.0,49.0,Home,
cfb_401282195,2021,3,2021-09-18,23:30,UAB,UNT,40.0,6.0,Home,
cfb_401310704,2021,3,2021-09-18,23:30,USU,AFA,49.0,45.0,Home,
cfb_401282631,2021,3,2021-09-18,23:40,UVA,UNC,39.0,59.0,Home,
cfb_401309855,2021,3,2021-09-19,02:45,FRES,UCLA,40.0,37.0,Home,
cfb_401287906,2021,3,2021-09-19,02:30,ISU,UNLV,48.0,3.0,Home,
cfb_401282075,2021,3,2021-09-19,00:00,TULN,MISS,21.0,61.0,Home,
cfb_401309854,2021,3,2021-09-19,02:15,ASU,BYU,17.0,27.0,Home,
cfb_401282080,2021,3,2021-09-19,00:00,STAN,VAN,41.0,23.0,Home,
cfb_401282202,2021,3,2021-09-19,00:00,RICE,TEX,0.0,58.0,Home,
cfb_401287903,2021,3,2021-09-19,01:00,OKST,BSU,21.0,20.0,Home,
cfb_401310705,2021,3,2021-09-19,04:30,SJSU,HAW,17.0,13.0,Home,
cfb_401282208,2021,4,2021-09-23,23:30,MRSH,APP,30.0,31.0,Home,
cfb_401282204,2021,4,2021-09-24,22:30,MTSU,CLT,39.0,42.0,Home,
cfb_401282638,2021,4,2021-09-24,23:00,WAKE,UVA,37.0,17.0,Home,
cfb_401310707,2021,4,2021-09-25,02:00,UNLV,FRES,30.0,38.0,Home,
cfb_401282637,2021,4,2021-09-25,00:00,LIB,SYR,21.0,24.0,Home,
cfb_401282081,2021,4,2021-09-25,23:30,USM,ALA,14.0,63.0,Home,
cfb_401282088,2021,4,2021-09-25,16:00,UGA,VAN,62.0,0.0,Home,
cfb_401282756,2021,4,2021-09-25,19:30,CSU,IOWA,14.0,24.0,Home,
cfb_401282082,2021,4,2021-09-25,19:30,TA&M,ARK,10.0,20.0,Neutral,
cfb_401282643,2021,4,2021-09-25,19:35,CLEM,NCST,21.0,27.0,Home,
cfb_401282811,2021,4,2021-09-25,23:30,AKR,OSU,7.0,59.0,Home,
cfb_401282084,2021,4,2021-09-25,23:00,TENN,FLA,14.0,38.0,Home,
cfb_401282707,2021,4,2021-09-25,16:00,ND,WISC,41.0,13.0,Neutral,
cfb_401287907,2021,4,2021-09-25,19:30,ISU,BAY,29.0,31.0,Home,
cfb_401286301,2021,4,2021-09-25,17:00,MASS,CCU,3.0,53.0,Home,
cfb_401282784,2021,4,2021-09-25,23:00,NEB,MSU,20.0,23.0,Home,
cfb_401282641,2021,4,2021-09-25,23:30,UNC,GT,22.0,45.0,Neutral,
cfb_401287909,2021,4,2021-09-25,23:00,KSU,OKST,20.0,31.0,Home,
cfb_401282085,2021,4,2021-09-25,16:00,LSU,MSST,28.0,25.0,Home,
cfb_401282086,2021,4,2021-09-25,16:00,MIZ,BC,34.0,41.0,Home,
cfb_401282206,2021,4,2021-09-25,16:00,FIU,CMU,27.0,31.0,Home,
cfb_401282792,2021,4,2021-09-25,16:00,BGSU,MINN,14.0,10.0,Home,
cfb_401282805,2021,4,2021-09-25,16:00,OHIO,NU,6.0,35.0,Home,
cfb_401287910,2021,4,2021-09-25,16:00,SMU,TCU,42.0,34.0,Home,
cfb_401287911,2021,4,2021-09-25,16:00,TTU,TEX,35.0,70.0,Home,
cfb_401308834,2021,4,2021-09-25,16:00,M-OH,ARMY,10.0,23.0,Home,
cfb_401310706,2021,4,2021-09-25,16:00,BSU,USU,27.0,3.0,Home,
cfb_401309554,2021,4,2021-09-25,18:00,SJSU,WMU,3.0,23.0,Home,
cfb_401309555,2021,4,2021-09-25,18:00,TOL,BALL,22.0,12.0,Home,
cfb_401309557,2021,4,2021-09-25,18:00,TXST,EMU,21.0,59.0,Home,
cfb_401309861,2021,4,2021-09-25,18:30,WSU,UTAH,13.0,24.0,Home,
cfb_401282716,2021,4,2021-09-25,19:30,ILL,PUR,9.0,13.0,Home,
cfb_401282765,2021,4,2021-09-25,19:30,KENT,MD,16.0,37.0,Home,
cfb_401286190,2021,4,2021-09-25,19:30,WYO,CONN,24.0,22.0,Home,
cfb_401282213,2021,4,2021-09-25,19:35,UTSA,MEM,31.0,28.0,Home,
cfb_401282640,2021,4,2021-09-25,19:35,LOU,FSU,31.0,23.0,Home,
cfb_401282775,2021,4,2021-09-25,19:41,RUTG,MICH,13.0,20.0,Home,
cfb_401282083,2021,4,2021-09-25,20:00,GAST,AUB,24.0,34.0,Home,
cfb_401282639,2021,4,2021-09-25,20:00,KU,DUKE,33.0,52.0,Home,
cfb_401301011,2021,4,2021-09-25,21:00,ARST,TLSA,34.0,41.0,Home,
cfb_401282209,2021,4,2021-09-25,22:00,BUFF,ODU,35.0,34.0,Home,
cfb_401309610,2021,4,2021-09-25,22:00,UL,GASO,28.0,20.0,Home,
cfb_401309858,2021,4,2021-09-25,22:00,UCLA,STAN,35.0,24.0,Home,
cfb_401282087,2021,4,2021-09-25,23:00,UK,SC,16.0,10.0,Home,
cfb_401282205,2021,4,2021-09-25,23:00,UNT,LT,17.0,24.0,Home,
cfb_401301008,2021,4,2021-09-25,23:00,NAVY,HOU,20.0,28.0,Home,
cfb_401287908,2021,4,2021-09-25,23:30,WVU,OU,13.0,16.0,Home,
cfb_401309859,2021,4,2021-09-26,02:30,ARIZ,ORE,19.0,41.0,Home,
cfb_401301009,2021,4,2021-09-26,02:15,USF,BYU,27.0,35.0,Home,
cfb_401282207,2021,4,2021-09-26,00:00,FAU,AFA,7.0,31.0,Home,
cfb_401282211,2021,4,2021-09-26,00:00,UAB,TULN,28.0,21.0,Home,
cfb_401282214,2021,4,2021-09-26,00:00,IU,WKU,33.0,31.0,Home,
cfb_401309611,2021,4,2021-09-26,00:00,TROY,ULM,16.0,29.0,Home,
cfb_401310708,2021,4,2021-09-26,00:00,HAW,NMSU,41.0,21.0,Home,
cfb_401282212,2021,4,2021-09-26,01:00,UNM,UTEP,13.0,20.0,Home,
cfb_401309857,2021,4,2021-09-26,01:30,CAL,WASH,24.0,31.0,Home,
cfb_401309860,2021,4,2021-09-26,02:30,ORST,USC,45.0,27.0,Home,
cfb_401309862,2021,4,2021-09-26,02:30,COLO,ASU,13.0,35.0,Home,
cfb_401282646,2021,5,2021-09-30,23:30,UVA,MIA,30.0,28.0,Home,
cfb_401301012,2021,5,2021-10-01,23:30,HOU,TLSA,45.0,10.0,Home,
cfb_401282759,2021,5,2021-10-02,00:00,IOWA,MD,51.0,14.0,Home,
cfb_401309912,2021,5,2021-10-02,01:00,BYU,USU,34.0,20.0,Home,
cfb_401282089,2021,5,2021-10-02,19:30,MISS,ALA,21.0,42.0,Home,
cfb_401282090,2021,5,2021-10-02,16:00,ARK,UGA,0.0,37.0,Home,
cfb_401282729,2021,5,2021-10-02,23:30,IU,PSU,0.0,24.0,Home,
cfb_401287913,2021,5,2021-10-02,19:30,OU,KSU,37.0,31.0,Home,
cfb_401282708,2021,5,2021-10-02,18:30,CIN,ND,24.0,13.0,Home,
cfb_401282091,2021,5,2021-10-02,22:00,FLA,UK,13.0,20.0,Home,
cfb_401282813,2021,5,2021-10-02,19:30,OSU,RUTG,52.0,13.0,Home,
cfb_401282776,2021,5,2021-10-02,16:00,MICH,WISC,38.0,17.0,Home,
cfb_401282095,2021,5,2021-10-02,23:00,MSST,TA&M,26.0,22.0,Home,
cfb_401309614,2021,5,2021-10-02,18:30,ULM,CCU,6.0,59.0,Home,
cfb_401282223,2021,5,2021-10-02,23:30,WKU,MSU,31.0,48.0,Home,
cfb_401287914,2021,5,2021-10-02,23:00,BAY,OKST,14.0,24.0,Home,
cfb_401282220,2021,5,2021-10-02,22:00,LT,NCST,27.0,34.0,Home,
cfb_401282651,2021,5,2021-10-02,16:30,LOU,WAKE,34.0,37.0,Home,
cfb_401282647,2021,5,2021-10-02,23:30,BC,CLEM,13.0,19.0,Home,
cfb_401282093,2021,5,2021-10-02,16:00,TENN,MIZ,62.0,24.0,Home,
cfb_401282219,2021,5,2021-10-02,16:00,CLT,ILL,14.0,24.0,Home,
cfb_401282649,2021,5,2021-10-02,16:00,PITT,GT,52.0,21.0,Home,
cfb_401282650,2021,5,2021-10-02,16:00,DUKE,UNC,7.0,38.0,Home,
cfb_401282793,2021,5,2021-10-02,16:00,MINN,PUR,20.0,13.0,Home,
cfb_401286302,2021,5,2021-10-02,16:00,TOL,MASS,45.0,7.0,Home,
cfb_401287915,2021,5,2021-10-02,16:00,TEX,TCU,32.0,27.0,Home,
cfb_401301015,2021,5,2021-10-02,16:00,MEM,TEM,31.0,34.0,Home,
cfb_401309561,2021,5,2021-10-02,16:00,WMU,BUFF,24.0,17.0,Home,
cfb_401309612,2021,5,2021-10-02,18:00,APP,GAST,45.0,16.0,Home,
cfb_401309867,2021,5,2021-10-02,18:00,USC,COLO,37.0,14.0,Home,
cfb_401309558,2021,5,2021-10-02,18:30,EMU,NIU,20.0,27.0,Home,
cfb_401282094,2021,5,2021-10-02,19:30,TROY,SC,14.0,23.0,Home,
cfb_401282215,2021,5,2021-10-02,19:30,FIU,FAU,21.0,58.0,Home,
cfb_401282648,2021,5,2021-10-02,19:30,SYR,FSU,30.0,33.0,Home,
cfb_401287916,2021,5,2021-10-02,19:30,TTU,WVU,23.0,20.0,Home,
cfb_401301013,2021,5,2021-10-02,19:30,UCF,NAVY,30.0,34.0,Home,
cfb_401301014,2021,5,2021-10-02,19:30,TULN,ECU,29.0,52.0,Home,
cfb_401308835,2021,5,2021-10-02,19:30,CMU,M-OH,17.0,28.0,Home,
cfb_401309560,2021,5,2021-10-02,19:30,OHIO,AKR,34.0,17.0,Home,
cfb_401309562,2021,5,2021-10-02,19:30,BGSU,KENT,20.0,27.0,Home,
cfb_401309864,2021,5,2021-10-02,19:30,ORE,STAN,24.0,31.0,Home,
cfb_401310711,2021,5,2021-10-02,19:30,NEV,BSU,41.0,31.0,Home,
cfb_401301016,2021,5,2021-10-02,20:00,USF,SMU,17.0,41.0,Home,
cfb_401309613,2021,5,2021-10-02,20:00,ARST,GASO,33.0,59.0,Home,
cfb_401309559,2021,5,2021-10-02,21:00,ARMY,BALL,16.0,28.0,Home,
cfb_401309863,2021,5,2021-10-02,21:30,WSU,CAL,21.0,6.0,Home,
cfb_401282222,2021,5,2021-10-02,22:00,UNLV,UTSA,17.0,24.0,Home,
cfb_401282218,2021,5,2021-10-02,22:30,USM,RICE,19.0,24.0,Home,
cfb_401310710,2021,5,2021-10-02,22:30,AFA,UNM,38.0,10.0,Home,
cfb_401282216,2021,5,2021-10-02,23:00,MRSH,MTSU,28.0,34.0,Home,
cfb_401282221,2021,5,2021-10-02,23:00,LIB,UAB,36.0,12.0,Home,
cfb_401287912,2021,5,2021-10-02,23:00,KU,ISU,7.0,59.0,Home,
cfb_401282096,2021,5,2021-10-02,23:30,CONN,VAN,28.0,30.0,Home,
cfb_401282800,2021,5,2021-10-02,23:30,NU,NEB,7.0,56.0,Home,
cfb_401310712,2021,5,2021-10-03,03:00,FRES,HAW,24.0,27.0,Home,
cfb_401309615,2021,5,2021-10-03,00:00,UL,USA,20.0,18.0,Home,
cfb_401282092,2021,5,2021-10-03,01:00,AUB,LSU,24.0,19.0,Home,
cfb_401282217,2021,5,2021-10-03,01:00,ODU,UTEP,21.0,28.0,Home,
cfb_401309865,2021,5,2021-10-03,01:00,WASH,ORST,24.0,27.0,Home,
cfb_401309866,2021,5,2021-10-03,02:30,ASU,UCLA,42.0,23.0,Home,
cfb_401310713,2021,5,2021-10-03,02:30,NMSU,SJSU,31.0,37.0,Home,
cfb_401309616,2021,6,2021-10-07,23:30,CCU,ARST,52.0,20.0,Home,
cfb_401301017,2021,6,2021-10-07,23:30,HOU,TULN,40.0,22.0,Home,
cfb_401282224,2021,6,2021-10-08,23:00,CLT,FIU,45.0,33.0,Home,
cfb_401301018,2021,6,2021-10-08,23:00,TEM,CIN,3.0,52.0,Home,
cfb_401309868,2021,6,2021-10-09,02:30,STAN,ASU,10.0,28.0,Home,
cfb_401282097,2021,6,2021-10-09,19:30,UGA,AUB,34.0,10.0,Home,
cfb_401282758,2021,6,2021-10-09,20:00,PSU,IOWA,20.0,23.0,Home,
cfb_401287918,2021,6,2021-10-09,16:00,OU,TEX,55.0,48.0,Neutral,
cfb_401282769,2021,6,2021-10-09,16:00,MD,OSU,17.0,66.0,Home,
cfb_401282778,2021,6,2021-10-09,23:30,MICH,NEB,32.0,29.0,Home,
cfb_401309913,2021,6,2021-10-09,19:30,BSU,BYU,26.0,17.0,Home,
cfb_401282100,2021,6,2021-10-09,16:00,ARK,MISS,51.0,52.0,Home,
cfb_401282656,2021,6,2021-10-09,23:30,ND,VT,32.0,29.0,Home,
cfb_401282099,2021,6,2021-10-09,23:30,LSU,UK,21.0,42.0,Home,
cfb_401282655,2021,6,2021-10-09,19:30,WAKE,SYR,40.0,37.0,Home,
cfb_401282098,2021,6,2021-10-09,16:00,VAN,FLA,0.0,42.0,Home,
cfb_401301021,2021,6,2021-10-09,19:30,SMU,NAVY,31.0,24.0,Home,
cfb_401282102,2021,6,2021-10-09,16:00,SC,TENN,20.0,45.0,Home,
cfb_401282788,2021,6,2021-10-09,16:00,MSU,RUTG,31.0,13.0,Home,
cfb_401287917,2021,6,2021-10-09,16:00,WVU,BAY,20.0,45.0,Home,
cfb_401309564,2021,6,2021-10-09,16:00,NIU,TOL,22.0,20.0,Home,
cfb_401309566,2021,6,2021-10-09,16:00,AKR,BGSU,35.0,20.0,Home,
cfb_401282652,2021,6,2021-10-09,16:30,GT,DUKE,31.0,27.0,Home,
cfb_401282226,2021,6,2021-10-09,18:00,ODU,MRSH,13.0,20.0,Home,
cfb_401282653,2021,6,2021-10-09,19:00,UVA,LOU,34.0,33.0,Home,
cfb_401282225,2021,6,2021-10-09,19:30,FAU,UAB,14.0,31.0,Home,
cfb_401282229,2021,6,2021-10-09,19:30,MTSU,LIB,13.0,41.0,Home,
cfb_401282654,2021,6,2021-10-09,19:30,FSU,UNC,35.0,25.0,Home,
cfb_401282718,2021,6,2021-10-09,19:30,WISC,ILL,24.0,0.0,Home,
cfb_401286191,2021,6,2021-10-09,19:30,CONN,MASS,13.0,27.0,Home,
cfb_401308836,2021,6,2021-10-09,19:30,M-OH,EMU,12.0,13.0,Home,
cfb_401309563,2021,6,2021-10-09,19:30,BALL,WMU,45.0,20.0,Home,
cfb_401309567,2021,6,2021-10-09,19:30,CMU,OHIO,30.0,27.0,Home,
cfb_401310715,2021,6,2021-10-09,19:30,SJSU,CSU,14.0,32.0,Home,
cfb_401282101,2021,6,2021-10-09,20:00,UNT,MIZ,35.0,48.0,Home,
cfb_401309869,2021,6,2021-10-09,20:00,ORST,WSU,24.0,31.0,Home,
cfb_401301019,2021,6,2021-10-09,22:00,ECU,UCF,16.0,20.0,Home,
cfb_401282227,2021,6,2021-10-09,23:00,UTEP,USM,26.0,13.0,Home,
cfb_401282228,2021,6,2021-10-09,23:00,UTSA,WKU,52.0,46.0,Home,
cfb_401287919,2021,6,2021-10-09,23:00,TCU,TTU,52.0,31.0,Home,
cfb_401309565,2021,6,2021-10-09,23:00,BUFF,KENT,38.0,48.0,Home,
cfb_401309617,2021,6,2021-10-09,23:00,GASO,TROY,24.0,27.0,Home,
cfb_401309619,2021,6,2021-10-09,23:00,USA,TXST,31.0,33.0,Home,
cfb_401310714,2021,6,2021-10-09,23:00,WYO,AFA,14.0,24.0,Home,
cfb_401282103,2021,6,2021-10-10,00:00,ALA,TA&M,38.0,41.0,Home,
cfb_401309618,2021,6,2021-10-10,00:00,GAST,ULM,55.0,21.0,Home,
cfb_401309871,2021,6,2021-10-10,00:00,UTAH,USC,42.0,26.0,Home,
cfb_401301020,2021,6,2021-10-10,01:00,MEM,TLSA,29.0,35.0,Home,
cfb_401310716,2021,6,2021-10-10,01:00,UNM,SDSU,7.0,31.0,Home,
cfb_401309870,2021,6,2021-10-10,02:30,UCLA,ARIZ,34.0,16.0,Home,
cfb_401310717,2021,6,2021-10-10,02:30,NMSU,NEV,28.0,55.0,Home,
cfb_401309620,2021,7,2021-10-12,23:30,APP,UL,13.0,41.0,Home,
cfb_401301022,2021,7,2021-10-14,23:30,NAVY,MEM,17.0,35.0,Home,
cfb_401309621,2021,7,2021-10-14,23:30,GASO,USA,14.0,41.0,Home,
cfb_401282231,2021,7,2021-10-15,23:00,MRSH,UNT,49.0,21.0,Home,
cfb_401282657,2021,7,2021-10-15,23:00,CLEM,SYR,17.0,14.0,Home,
cfb_401309872,2021,7,2021-10-16,02:30,CAL,ORE,17.0,24.0,Home,
cfb_401310723,2021,7,2021-10-16,02:30,SDSU,SJSU,19.0,13.0,Home,
cfb_401282760,2021,7,2021-10-16,19:30,PUR,IOWA,24.0,7.0,Home,
cfb_401301023,2021,7,2021-10-16,16:00,UCF,CIN,21.0,56.0,Home,
cfb_401287923,2021,7,2021-10-16,23:30,TCU,OU,31.0,52.0,Home,
cfb_401282107,2021,7,2021-10-16,23:00,ALA,MSST,49.0,9.0,Home,
cfb_401282731,2021,7,2021-10-16,16:00,MSU,IU,20.0,15.0,Home,
cfb_401287924,2021,7,2021-10-16,16:00,OKST,TEX,32.0,24.0,Home,
cfb_401282110,2021,7,2021-10-16,23:30,MISS,TENN,31.0,26.0,Home,
cfb_401282104,2021,7,2021-10-16,16:00,AUB,ARK,38.0,23.0,Home,
cfb_401287920,2021,7,2021-10-16,19:40,BYU,BAY,24.0,38.0,Home,
cfb_401282106,2021,7,2021-10-16,16:00,FLA,LSU,42.0,49.0,Home,
cfb_401282108,2021,7,2021-10-16,16:00,TA&M,MIZ,35.0,14.0,Home,
cfb_401282658,2021,7,2021-10-16,23:30,NCST,BC,33.0,7.0,Home,
cfb_401282796,2021,7,2021-10-16,16:00,NEB,MINN,23.0,30.0,Home,
cfb_401282807,2021,7,2021-10-16,16:00,RUTG,NU,7.0,21.0,Home,
cfb_401301024,2021,7,2021-10-16,16:00,TLSA,USF,32.0,31.0,Home,
cfb_401309571,2021,7,2021-10-16,16:00,OHIO,BUFF,26.0,27.0,Home,
cfb_401282660,2021,7,2021-10-16,16:30,DUKE,UVA,0.0,48.0,Home,
cfb_401309568,2021,7,2021-10-16,18:00,BALL,EMU,38.0,31.0,Home,
cfb_401308837,2021,7,2021-10-16,18:30,AKR,M-OH,21.0,34.0,Home,
cfb_401309622,2021,7,2021-10-16,19:00,TROY,TXST,31.0,28.0,Home,
cfb_401282105,2021,7,2021-10-16,19:30,UK,UGA,13.0,30.0,Home,
cfb_401282232,2021,7,2021-10-16,19:30,WKU,ODU,43.0,20.0,Home,
cfb_401282234,2021,7,2021-10-16,19:30,UAB,USM,34.0,0.0,Home,
cfb_401282659,2021,7,2021-10-16,19:30,MIA,UNC,42.0,45.0,Home,
cfb_401282661,2021,7,2021-10-16,19:30,PITT,VT,28.0,7.0,Home,
cfb_401309569,2021,7,2021-10-16,19:30,TOL,CMU,23.0,26.0,Home,
cfb_401309570,2021,7,2021-10-16,19:30,BGSU,NIU,26.0,34.0,Home,
cfb_401309572,2021,7,2021-10-16,19:30,KENT,WMU,31.0,64.0,Home,
cfb_401309875,2021,7,2021-10-16,19:30,ARIZ,COLO,0.0,34.0,Home,
cfb_401310721,2021,7,2021-10-16,19:30,FRES,WYO,17.0,0.0,Home,
cfb_401282109,2021,7,2021-10-16,20:00,VAN,SC,20.0,21.0,Home,
cfb_401287921,2021,7,2021-10-16,20:00,TTU,KU,41.0,14.0,Home,
cfb_401282233,2021,7,2021-10-16,22:00,RICE,UTSA,0.0,45.0,Home,
cfb_401286296,2021,7,2021-10-16,23:00,LIB,ULM,28.0,31.0,Home,
cfb_401310719,2021,7,2021-10-16,23:00,CSU,UNM,36.0,7.0,Home,
cfb_401310720,2021,7,2021-10-16,23:00,USU,UNLV,28.0,24.0,Home,
cfb_401287922,2021,7,2021-10-16,23:30,ISU,KSU,33.0,20.0,Home,
cfb_401309873,2021,7,2021-10-16,23:30,STAN,WSU,31.0,34.0,Home,
cfb_401309876,2021,7,2021-10-17,02:00,ASU,UTAH,21.0,35.0,Home,
cfb_401282826,2021,7,2021-10-17,00:00,ARMY,WISC,14.0,20.0,Home,
cfb_401309874,2021,7,2021-10-17,00:30,UCLA,WASH,24.0,17.0,Home,
cfb_401282230,2021,7,2021-10-17,01:00,LT,UTEP,3.0,19.0,Home,
cfb_401310718,2021,7,2021-10-17,01:00,AFA,BSU,24.0,17.0,Home,
cfb_401310722,2021,7,2021-10-17,02:30,HAW,NEV,17.0,34.0,Home,
cfb_401309623,2021,8,2021-10-20,23:30,CCU,APP,27.0,30.0,Home,
cfb_401301025,2021,8,2021-10-21,23:30,TULN,SMU,26.0,55.0,Home,
cfb_401282235,2021,8,2021-10-21,23:30,FAU,CLT,38.0,9.0,Home,
cfb_401309624,2021,8,2021-10-21,23:30,UL,ARST,28.0,27.0,Home,
cfb_401310729,2021,8,2021-10-22,03:00,SJSU,UNLV,27.0,20.0,Home,
cfb_401282239,2021,8,2021-10-22,22:00,MTSU,CONN,44.0,13.0,Home,
cfb_401301026,2021,8,2021-10-22,23:00,MEM,UCF,7.0,24.0,Home,
cfb_401310725,2021,8,2021-10-23,01:30,CSU,USU,24.0,26.0,Home,
cfb_401309877,2021,8,2021-10-23,02:30,WASH,ARIZ,21.0,16.0,Home,
cfb_401301027,2021,8,2021-10-23,16:00,CIN,NAVY,27.0,20.0,Home,
cfb_401287926,2021,8,2021-10-23,16:00,OU,KU,35.0,23.0,Home,
cfb_401282111,2021,8,2021-10-23,23:00,TENN,ALA,24.0,52.0,Home,
cfb_401282779,2021,8,2021-10-23,16:00,NU,MICH,7.0,33.0,Home,
cfb_401287925,2021,8,2021-10-23,19:30,OKST,ISU,21.0,24.0,Home,
cfb_401309879,2021,8,2021-10-23,19:41,ORE,UCLA,34.0,31.0,Home,
cfb_401282709,2021,8,2021-10-23,23:30,USC,ND,16.0,31.0,Home,
cfb_401282662,2021,8,2021-10-23,16:00,WAKE,ARMY,70.0,56.0,Home,
cfb_401282114,2021,8,2021-10-23,23:30,SC,TA&M,14.0,44.0,Home,
cfb_401282665,2021,8,2021-10-23,23:30,NCST,MIA,30.0,31.0,Home,
cfb_401310724,2021,8,2021-10-23,23:00,SDSU,AFA,20.0,14.0,Home,
cfb_401282666,2021,8,2021-10-23,19:30,CLEM,PITT,17.0,27.0,Home,
cfb_401282237,2021,8,2021-10-23,23:00,UTSA,LT,45.0,16.0,Home,
cfb_401282821,2021,8,2021-10-23,19:00,WISC,PUR,30.0,13.0,Home,
cfb_401282663,2021,8,2021-10-23,16:00,MASS,FSU,3.0,59.0,Home,
cfb_401282717,2021,8,2021-10-23,16:00,ILL,PSU,20.0,18.0,Home,
cfb_401287928,2021,8,2021-10-23,16:00,KSU,TTU,25.0,24.0,Home,
cfb_401309574,2021,8,2021-10-23,16:00,EMU,BGSU,55.0,24.0,Home,
cfb_401309577,2021,8,2021-10-23,16:00,NIU,CMU,39.0,38.0,Home,
cfb_401282668,2021,8,2021-10-23,16:30,SYR,VT,41.0,36.0,Home,
cfb_401309576,2021,8,2021-10-23,17:00,KENT,OHIO,34.0,27.0,Home,
cfb_401309625,2021,8,2021-10-23,18:00,TXST,GAST,16.0,28.0,Home,
cfb_401282113,2021,8,2021-10-23,19:30,LSU,MISS,17.0,31.0,Home,
cfb_401282238,2021,8,2021-10-23,19:30,RICE,UAB,30.0,24.0,Home,
cfb_401282767,2021,8,2021-10-23,19:30,MD,MINN,16.0,34.0,Home,
cfb_401308838,2021,8,2021-10-23,19:30,M-OH,BALL,24.0,17.0,Home,
cfb_401309573,2021,8,2021-10-23,19:30,WMU,TOL,15.0,34.0,Home,
cfb_401309575,2021,8,2021-10-23,19:30,BUFF,AKR,45.0,10.0,Home,
cfb_401309878,2021,8,2021-10-23,19:30,COLO,CAL,3.0,26.0,Home,
cfb_401309881,2021,8,2021-10-23,19:30,BYU,WSU,21.0,19.0,Home,
cfb_401310726,2021,8,2021-10-23,19:30,UNM,WYO,14.0,3.0,Home,
cfb_401282115,2021,8,2021-10-23,20:00,MSST,VAN,45.0,6.0,Home,
cfb_401282240,2021,8,2021-10-23,20:00,LIB,UNT,35.0,26.0,Home,
cfb_401282664,2021,8,2021-10-23,20:00,BC,LOU,14.0,28.0,Home,
cfb_401301028,2021,8,2021-10-23,20:00,ECU,HOU,24.0,31.0,Home,
cfb_401282236,2021,8,2021-10-23,23:00,WKU,FIU,34.0,19.0,Home,
cfb_401301029,2021,8,2021-10-23,23:00,TEM,USF,14.0,34.0,Home,
cfb_401309626,2021,8,2021-10-23,23:00,USA,ULM,31.0,41.0,Home,
cfb_401310727,2021,8,2021-10-23,23:00,NEV,FRES,32.0,34.0,Home,
cfb_401282667,2021,8,2021-10-23,23:30,GT,UVA,40.0,48.0,Home,
cfb_401282730,2021,8,2021-10-23,23:30,OSU,IU,54.0,7.0,Home,
cfb_401287927,2021,8,2021-10-23,23:30,WVU,TCU,29.0,17.0,Home,
cfb_401309880,2021,8,2021-10-23,23:30,UTAH,ORST,34.0,42.0,Home,
cfb_401310728,2021,8,2021-10-24,03:59,NMSU,HAW,34.0,48.0,Home,
cfb_401309627,2021,9,2021-10-28,23:30,TROY,CCU,28.0,35.0,Home,
cfb_401301033,2021,9,2021-10-28,23:30,USF,ECU,14.0,29.0,Home,
cfb_401301030,2021,9,2021-10-29,23:30,NAVY,TLSA,20.0,17.0,Home,
cfb_401310734,2021,9,2021-10-30,02:00,UNLV,NEV,20.0,51.0,Home,
cfb_401282117,2021,9,2021-10-30,19:30,UGA,FLA,34.0,7.0,Neutral,
cfb_401301032,2021,9,2021-10-30,16:00,CIN,TULN,31.0,12.0,Home,
cfb_401287931,2021,9,2021-10-30,19:30,TTU,OU,21.0,52.0,Home,
cfb_401282814,2021,9,2021-10-30,23:30,PSU,OSU,24.0,33.0,Home,
cfb_401282777,2021,9,2021-10-30,16:00,MICH,MSU,33.0,37.0,Home,
cfb_401309884,2021,9,2021-10-30,19:30,COLO,ORE,29.0,52.0,Home,
cfb_401282763,2021,9,2021-10-30,16:00,IOWA,WISC,7.0,27.0,Home,
cfb_401282673,2021,9,2021-10-30,23:30,UNC,ND,34.0,44.0,Home,
cfb_401282118,2021,9,2021-10-30,23:00,UK,MSST,17.0,31.0,Home,
cfb_401282676,2021,9,2021-10-30,20:00,DUKE,WAKE,7.0,45.0,Home,
cfb_401287932,2021,9,2021-10-30,23:00,KU,OKST,3.0,55.0,Home,
cfb_401287929,2021,9,2021-10-30,16:00,TEX,BAY,24.0,31.0,Home,
cfb_401282674,2021,9,2021-10-30,16:00,MIA,PITT,38.0,34.0,Home,
cfb_401287933,2021,9,2021-10-30,18:00,ISU,WVU,31.0,38.0,Home,
cfb_401282671,2021,9,2021-10-30,16:00,VT,GT,26.0,17.0,Home,
cfb_401282719,2021,9,2021-10-30,16:00,RUTG,ILL,20.0,14.0,Home,
cfb_401282726,2021,9,2021-10-30,16:00,IU,MD,35.0,38.0,Home,
cfb_401286297,2021,9,2021-10-30,16:00,MASS,LIB,17.0,62.0,Home,
cfb_401301031,2021,9,2021-10-30,16:00,UCF,TEM,49.0,7.0,Home,
cfb_401309578,2021,9,2021-10-30,16:00,BGSU,BUFF,56.0,44.0,Home,
cfb_401309631,2021,9,2021-10-30,16:00,TXST,UL,0.0,45.0,Home,
cfb_401282246,2021,9,2021-10-30,18:00,UNT,RICE,30.0,24.0,Home,
cfb_401282119,2021,9,2021-10-30,19:00,MIZ,VAN,37.0,28.0,Home,
cfb_401309885,2021,9,2021-10-30,19:00,WSU,ASU,34.0,21.0,Home,
cfb_401310731,2021,9,2021-10-30,19:00,HAW,USU,31.0,51.0,Home,
cfb_401282242,2021,9,2021-10-30,19:30,FIU,MRSH,0.0,38.0,Home,
cfb_401282244,2021,9,2021-10-30,19:30,LT,ODU,20.0,23.0,Home,
cfb_401282245,2021,9,2021-10-30,19:30,USM,MTSU,10.0,35.0,Home,
cfb_401282670,2021,9,2021-10-30,19:30,FSU,CLEM,20.0,30.0,Home,
cfb_401282675,2021,9,2021-10-30,19:30,BC,SYR,6.0,21.0,Home,
cfb_401282795,2021,9,2021-10-30,19:30,MINN,NU,41.0,14.0,Home,
cfb_401282801,2021,9,2021-10-30,19:30,PUR,NEB,28.0,23.0,Home,
cfb_401287930,2021,9,2021-10-30,19:30,TCU,KSU,12.0,31.0,Home,
cfb_401309628,2021,9,2021-10-30,19:30,ULM,APP,28.0,59.0,Home,
cfb_401282241,2021,9,2021-10-30,20:00,CLT,WKU,13.0,45.0,Home,
cfb_401310732,2021,9,2021-10-30,20:00,WYO,SJSU,21.0,27.0,Home,
cfb_401309629,2021,9,2021-10-30,21:00,ARST,USA,13.0,31.0,Home,
cfb_401282243,2021,9,2021-10-30,22:00,UTEP,FAU,25.0,28.0,Home,
cfb_401309630,2021,9,2021-10-30,22:00,GAST,GASO,21.0,14.0,Home,
cfb_401282116,2021,9,2021-10-30,23:00,MISS,AUB,20.0,31.0,Home,
cfb_401301034,2021,9,2021-10-30,23:00,SMU,HOU,37.0,44.0,Home,
cfb_401309882,2021,9,2021-10-30,23:00,ORST,CAL,25.0,39.0,Home,
cfb_401309886,2021,9,2021-10-30,23:00,ARIZ,USC,34.0,41.0,Home,
cfb_401310730,2021,9,2021-10-30,23:00,BSU,CSU,28.0,19.0,Home,
cfb_401282672,2021,9,2021-10-30,23:30,LOU,NCST,13.0,28.0,Home,
cfb_401282669,2021,9,2021-10-31,02:15,UVA,BYU,49.0,66.0,Home,
cfb_401309887,2021,9,2021-10-31,02:00,UCLA,UTAH,24.0,44.0,Home,
cfb_401309883,2021,9,2021-10-31,02:30,WASH,STAN,20.0,13.0,Home,
cfb_401310733,2021,9,2021-10-31,02:30,FRES,SDSU,30.0,20.0,Home,
cfb_401309579,2021,10,2021-11-02,23:00,BALL,AKR,31.0,25.0,Home,
cfb_401308839,2021,10,2021-11-02,23:30,M-OH,OHIO,33.0,35.0,Home,
cfb_401309580,2021,10,2021-11-02,23:30,EMU,TOL,52.0,49.0,Home,
cfb_401309581,2021,10,2021-11-03,23:00,CMU,WMU,42.0,30.0,Home,
cfb_401309582,2021,10,2021-11-03,23:00,NIU,KENT,47.0,52.0,Home,
cfb_401309632,2021,10,2021-11-04,23:30,GAST,UL,17.0,21.0,Home,
cfb_401282677,2021,10,2021-11-05,23:30,VT,BC,3.0,17.0,Home,
cfb_401309888,2021,10,2021-11-06,02:30,UTAH,STAN,52.0,7.0,Home,
cfb_401282122,2021,10,2021-11-06,16:00,MIZ,UGA,6.0,43.0,Home,
cfb_401282120,2021,10,2021-11-06,23:00,LSU,ALA,14.0,20.0,Home,
cfb_401282787,2021,10,2021-11-06,19:41,MSU,PUR,29.0,40.0,Home,
cfb_401309890,2021,10,2021-11-06,23:30,ORE,WASH,26.0,16.0,Home,
cfb_401282799,2021,10,2021-11-06,16:00,OSU,NEB,26.0,17.0,Home,
cfb_401282727,2021,10,2021-11-06,23:30,IU,MICH,7.0,29.0,Home,
cfb_401282682,2021,10,2021-11-06,16:00,WAKE,UNC,55.0,58.0,Home,
cfb_401282710,2021,10,2021-11-06,19:30,NAVY,ND,6.0,34.0,Home,
cfb_401287937,2021,10,2021-11-06,19:30,OKST,WVU,24.0,3.0,Home,
cfb_401287936,2021,10,2021-11-06,19:30,BAY,TCU,28.0,30.0,Home,
cfb_401282126,2021,10,2021-11-06,19:30,AUB,TA&M,3.0,20.0,Home,
cfb_401282124,2021,10,2021-11-06,16:00,LIB,MISS,14.0,27.0,Home,
cfb_401282123,2021,10,2021-11-06,23:00,TENN,UK,45.0,42.0,Home,
cfb_401282679,2021,10,2021-11-06,20:00,NCST,FSU,28.0,14.0,Home,
cfb_401282824,2021,10,2021-11-06,19:30,WISC,RUTG,52.0,3.0,Home,
cfb_401282757,2021,10,2021-11-06,23:00,IOWA,NU,17.0,12.0,Home,
cfb_401310735,2021,10,2021-11-06,23:00,BSU,FRES,40.0,14.0,Home,
cfb_401282678,2021,10,2021-11-06,16:00,PITT,DUKE,54.0,29.0,Home,
cfb_401310253,2021,10,2021-11-06,15:30,ARMY,AFA,21.0,14.0,Neutral,
cfb_401282250,2021,10,2021-11-06,16:00,LT,UAB,38.0,52.0,Home,
cfb_401282720,2021,10,2021-11-06,16:00,ILL,MINN,14.0,6.0,Home,
cfb_401287935,2021,10,2021-11-06,16:00,KSU,KU,35.0,10.0,Home,
cfb_401301039,2021,10,2021-11-06,16:00,SMU,MEM,25.0,28.0,Home,
cfb_401282681,2021,10,2021-11-06,16:30,GT,MIA,30.0,33.0,Home,
cfb_401309633,2021,10,2021-11-06,18:00,APP,ARST,48.0,14.0,Home,
cfb_401282252,2021,10,2021-11-06,19:00,UNT,USM,38.0,14.0,Home,
cfb_401301035,2021,10,2021-11-06,19:00,TEM,ECU,3.0,45.0,Home,
cfb_401309635,2021,10,2021-11-06,19:00,ULM,TXST,19.0,27.0,Home,
cfb_401309889,2021,10,2021-11-06,19:00,CAL,ARIZ,3.0,10.0,Home,
cfb_401282247,2021,10,2021-11-06,19:30,RICE,CLT,24.0,31.0,Home,
cfb_401282251,2021,10,2021-11-06,19:30,MTSU,WKU,21.0,48.0,Home,
cfb_401282768,2021,10,2021-11-06,19:30,PSU,MD,31.0,14.0,Home,
cfb_401301037,2021,10,2021-11-06,19:30,TLSA,CIN,20.0,28.0,Home,
cfb_401309636,2021,10,2021-11-06,19:30,USA,TROY,24.0,31.0,Home,
cfb_401310736,2021,10,2021-11-06,19:30,CSU,WYO,17.0,31.0,Home,
cfb_401282121,2021,10,2021-11-06,20:00,MSST,ARK,28.0,31.0,Home,
cfb_401310738,2021,10,2021-11-06,20:00,USU,NMSU,35.0,13.0,Home,
cfb_401301036,2021,10,2021-11-06,20:07,TULN,UCF,10.0,14.0,Home,
cfb_401282249,2021,10,2021-11-06,22:00,MRSH,FAU,28.0,13.0,Home,
cfb_401309634,2021,10,2021-11-06,22:00,CCU,GASO,28.0,8.0,Home,
cfb_401282248,2021,10,2021-11-06,23:00,ODU,FIU,47.0,24.0,Home,
cfb_401309891,2021,10,2021-11-06,23:00,ORST,COLO,34.0,37.0,Home,
cfb_401310737,2021,10,2021-11-06,23:00,UNLV,UNM,31.0,17.0,Home,
cfb_401282125,2021,10,2021-11-06,23:30,FLA,SC,17.0,40.0,Home,
cfb_401282680,2021,10,2021-11-06,23:30,CLEM,LOU,30.0,24.0,Home,
cfb_401287934,2021,10,2021-11-06,23:30,TEX,ISU,7.0,30.0,Home,
cfb_401301038,2021,10,2021-11-06,23:30,HOU,USF,54.0,42.0,Home,
cfb_401310739,2021,10,2021-11-07,03:00,SDSU,HAW,17.0,10.0,Home,
cfb_401310740,2021,10,2021-11-07,02:00,SJSU,NEV,24.0,27.0,Home,
cfb_401282253,2021,10,2021-11-07,02:15,UTSA,UTEP,44.0,23.0,Home,
cfb_401309892,2021,10,2021-11-07,02:30,USC,ASU,16.0,31.0,Home,
cfb_401308840,2021,11,2021-11-10,00:00,BUFF,M-OH,18.0,45.0,Home,
cfb_401309584,2021,11,2021-11-10,00:00,AKR,WMU,40.0,45.0,Home,
cfb_401309583,2021,11,2021-11-10,01:00,OHIO,EMU,34.0,26.0,Home,
cfb_401309585,2021,11,2021-11-11,00:00,TOL,BGSU,49.0,17.0,Home,
cfb_401309587,2021,11,2021-11-11,00:00,BALL,NIU,29.0,30.0,Home,
cfb_401309586,2021,11,2021-11-11,01:00,KENT,CMU,30.0,54.0,Home,
cfb_401282683,2021,11,2021-11-12,00:30,UNC,PITT,23.0,30.0,Home,
cfb_401301040,2021,11,2021-11-12,23:00,CIN,USF,45.0,28.0,Home,
cfb_401310742,2021,11,2021-11-13,02:00,WYO,BSU,13.0,23.0,Home,
cfb_401282133,2021,11,2021-11-13,20:30,UGA,TENN,41.0,17.0,Home,
cfb_401282127,2021,11,2021-11-13,17:00,NMSU,ALA,3.0,59.0,Home,
cfb_401282812,2021,11,2021-11-13,20:30,PUR,OSU,31.0,59.0,Home,
cfb_401282780,2021,11,2021-11-13,17:00,MICH,PSU,21.0,17.0,Home,
cfb_401287938,2021,11,2021-11-13,17:00,OU,BAY,14.0,27.0,Home,
cfb_401282128,2021,11,2021-11-13,17:00,MSST,AUB,43.0,34.0,Home,
cfb_401282806,2021,11,2021-11-13,17:00,NU,WISC,7.0,35.0,Home,
cfb_401282762,2021,11,2021-11-13,20:30,MINN,IOWA,22.0,27.0,Home,
cfb_401282260,2021,11,2021-11-13,20:30,USM,UTSA,17.0,27.0,Home,
cfb_401309896,2021,11,2021-11-13,19:00,UTAH,ARIZ,38.0,29.0,Home,
cfb_401282684,2021,11,2021-11-13,17:00,CONN,CLEM,7.0,44.0,Home,
cfb_401282687,2021,11,2021-11-13,17:00,SYR,LOU,3.0,41.0,Home,
cfb_401282728,2021,11,2021-11-13,17:00,RUTG,IU,38.0,3.0,Home,
cfb_401287939,2021,11,2021-11-13,17:00,WVU,KSU,17.0,34.0,Home,
cfb_401301041,2021,11,2021-11-13,17:00,UCF,SMU,28.0,55.0,Home,
cfb_401301042,2021,11,2021-11-13,17:00,ECU,MEM,30.0,29.0,Home,
cfb_401301043,2021,11,2021-11-13,17:00,HOU,TEM,37.0,8.0,Home,
cfb_401282259,2021,11,2021-11-13,19:00,WKU,RICE,42.0,21.0,Home,
cfb_401309639,2021,11,2021-11-13,19:00,GAST,CCU,42.0,40.0,Home,
cfb_401309637,2021,11,2021-11-13,19:30,USA,APP,7.0,31.0,Home,
cfb_401309640,2021,11,2021-11-13,20:00,GASO,TXST,38.0,30.0,Home,
cfb_401282254,2021,11,2021-11-13,20:30,CLT,LT,32.0,42.0,Home,
cfb_401282255,2021,11,2021-11-13,20:30,FIU,MTSU,10.0,50.0,Home,
cfb_401282256,2021,11,2021-11-13,20:30,FAU,ODU,16.0,30.0,Home,
cfb_401282257,2021,11,2021-11-13,20:30,UAB,MRSH,21.0,14.0,Home,
cfb_401282685,2021,11,2021-11-13,20:30,MIA,FSU,28.0,31.0,Home,
cfb_401282686,2021,11,2021-11-13,20:30,BC,GT,41.0,30.0,Home,
cfb_401282689,2021,11,2021-11-13,20:30,DUKE,VT,17.0,48.0,Home,
cfb_401287942,2021,11,2021-11-13,20:30,ISU,TTU,38.0,41.0,Home,
cfb_401309641,2021,11,2021-11-13,20:30,UL,TROY,35.0,21.0,Home,
cfb_401282132,2021,11,2021-11-13,21:00,SC,MIZ,28.0,31.0,Home,
cfb_401282258,2021,11,2021-11-13,21:00,UTEP,UNT,17.0,20.0,Home,
cfb_401282771,2021,11,2021-11-13,21:00,MD,MSU,21.0,40.0,Home,
cfb_401301044,2021,11,2021-11-13,21:00,TLSA,TULN,20.0,13.0,Home,
cfb_401310745,2021,11,2021-11-13,21:00,HAW,UNLV,13.0,27.0,Home,
cfb_401309638,2021,11,2021-11-13,22:00,ARST,ULM,27.0,24.0,Home,
cfb_401309894,2021,11,2021-11-13,22:30,STAN,ORST,14.0,35.0,Home,
cfb_401309893,2021,11,2021-11-13,20:30,USC,CAL,,,Home,
cfb_401309895,2021,11,2021-11-14,03:30,WSU,ORE,24.0,38.0,Home,
cfb_401282688,2021,11,2021-11-14,00:30,ND,UVA,28.0,3.0,Home,
cfb_401282131,2021,11,2021-11-14,00:00,TA&M,MISS,19.0,29.0,Home,
cfb_401282690,2021,11,2021-11-14,00:30,NCST,WAKE,42.0,45.0,Home,
cfb_401310746,2021,11,2021-11-14,03:30,NEV,SDSU,21.0,23.0,Home,
cfb_401282130,2021,11,2021-11-14,00:30,ARK,LSU,16.0,13.0,Home,
cfb_401282134,2021,11,2021-11-14,00:00,UK,VAN,34.0,17.0,Home,
cfb_401309897,2021,11,2021-11-14,00:00,ASU,WASH,35.0,30.0,Home,
cfb_401310741,2021,11,2021-11-14,00:00,AFA,CSU,35.0,21.0,Home,
cfb_401310743,2021,11,2021-11-14,00:00,UNM,FRES,7.0,34.0,Home,
cfb_401287941,2021,11,2021-11-14,00:30,KU,TEX,57.0,56.0,Home,
cfb_401287940,2021,11,2021-11-14,01:00,TCU,OKST,17.0,63.0,Home,
cfb_401309898,2021,11,2021-11-14,02:00,COLO,UCLA,20.0,44.0,Home,
cfb_401310744,2021,11,2021-11-14,03:30,USU,SJSU,48.0,17.0,Home,
cfb_401309589,2021,12,2021-11-17,00:00,TOL,OHIO,35.0,23.0,Home,
cfb_401309588,2021,12,2021-11-17,00:30,WMU,EMU,21.0,22.0,Home,
cfb_401308841,2021,12,2021-11-17,01:00,BGSU,M-OH,7.0,34.0,Home,
cfb_401309590,2021,12,2021-11-18,00:00,NIU,BUFF,33.0,27.0,Home,
cfb_401309591,2021,12,2021-11-18,00:00,CMU,BALL,37.0,17.0,Home,
cfb_401282691,2021,12,2021-11-19,00:30,LOU,DUKE,62.0,22.0,Home,
cfb_401310751,2021,12,2021-11-20,04:30,SDSU,UNLV,28.0,20.0,Home,
cfb_401301045,2021,12,2021-11-20,02:00,MEM,HOU,13.0,31.0,Home,
cfb_401282264,2021,12,2021-11-20,01:00,USM,LT,35.0,19.0,Home,
cfb_401309899,2021,12,2021-11-20,02:00,ARIZ,WSU,18.0,44.0,Home,
cfb_401310747,2021,12,2021-11-20,02:00,AFA,NEV,41.0,39.0,Home,
cfb_401282135,2021,12,2021-11-20,20:30,ARK,ALA,35.0,42.0,Home,
cfb_401282786,2021,12,2021-11-20,17:00,MSU,OSU,7.0,56.0,Home,
cfb_401282770,2021,12,2021-11-20,20:30,MICH,MD,59.0,18.0,Home,
cfb_401282697,2021,12,2021-11-20,19:30,GT,ND,0.0,55.0,Home,
cfb_401287943,2021,12,2021-11-20,22:30,BAY,KSU,20.0,10.0,Home,
cfb_401287944,2021,12,2021-11-20,17:00,ISU,OU,21.0,28.0,Home,
cfb_401309645,2021,12,2021-11-20,21:00,BYU,GASO,34.0,17.0,Home,
cfb_401282803,2021,12,2021-11-20,20:30,NEB,WISC,28.0,35.0,Home,
cfb_401282721,2021,12,2021-11-20,19:00,ILL,IOWA,23.0,33.0,Home,
cfb_401282698,2021,12,2021-11-20,20:30,UVA,PITT,38.0,48.0,Home,
cfb_401282695,2021,12,2021-11-20,21:00,SYR,NCST,17.0,41.0,Home,
cfb_401282267,2021,12,2021-11-20,20:30,UAB,UTSA,31.0,34.0,Home,
cfb_401282137,2021,12,2021-11-20,17:00,NMSU,UK,16.0,56.0,Home,
cfb_401282263,2021,12,2021-11-20,17:00,FAU,WKU,17.0,52.0,Home,
cfb_401282692,2021,12,2021-11-20,17:00,FSU,BC,26.0,23.0,Home,
cfb_401282693,2021,12,2021-11-20,17:00,WAKE,CLEM,27.0,48.0,Home,
cfb_401282808,2021,12,2021-11-20,17:00,PUR,NU,32.0,14.0,Neutral,
cfb_401282818,2021,12,2021-11-20,17:00,RUTG,PSU,0.0,28.0,Home,
cfb_401286305,2021,12,2021-11-20,17:00,MASS,ARMY,17.0,33.0,Home,
cfb_401287947,2021,12,2021-11-20,17:00,TEX,WVU,23.0,31.0,Home,
cfb_401301048,2021,12,2021-11-20,17:00,USF,TULN,14.0,45.0,Home,
cfb_401309592,2021,12,2021-11-20,17:00,KENT,AKR,38.0,0.0,Home,
cfb_401309644,2021,12,2021-11-20,18:00,TXST,CCU,21.0,35.0,Home,
cfb_401309643,2021,12,2021-11-20,19:00,ARST,GAST,20.0,28.0,Home,
cfb_401309903,2021,12,2021-11-20,20:00,WASH,COLO,17.0,20.0,Home,
cfb_401282261,2021,12,2021-11-20,20:30,MRSH,CLT,49.0,28.0,Home,
cfb_401282265,2021,12,2021-11-20,20:30,ODU,MTSU,24.0,17.0,Home,
cfb_401282732,2021,12,2021-11-20,20:30,MINN,IU,35.0,14.0,Home,
cfb_401301047,2021,12,2021-11-20,20:30,ECU,NAVY,38.0,35.0,Home,
cfb_401309642,2021,12,2021-11-20,20:30,APP,TROY,45.0,7.0,Home,
cfb_401301046,2021,12,2021-11-20,20:40,SMU,CIN,14.0,48.0,Home,
cfb_401282141,2021,12,2021-11-20,21:00,FLA,MIZ,23.0,24.0,Home,
cfb_401282266,2021,12,2021-11-20,21:00,RICE,UTEP,28.0,38.0,Home,
cfb_401286293,2021,12,2021-11-20,21:00,CONN,UCF,17.0,49.0,Home,
cfb_401286298,2021,12,2021-11-20,21:00,UL,LIB,42.0,14.0,Home,
cfb_401287945,2021,12,2021-11-20,21:00,KU,TCU,28.0,31.0,Home,
cfb_401301049,2021,12,2021-11-20,21:00,TEM,TLSA,10.0,44.0,Home,
cfb_401309904,2021,12,2021-11-20,21:00,UCLA,USC,62.0,33.0,Home,
cfb_401309901,2021,12,2021-11-21,00:30,ORE,UTAH,7.0,38.0,Home,
cfb_401287946,2021,12,2021-11-21,01:00,OKST,TTU,23.0,0.0,Home,
cfb_401282139,2021,12,2021-11-21,00:30,VAN,MISS,17.0,31.0,Home,
cfb_401282142,2021,12,2021-11-21,00:00,AUB,SC,17.0,21.0,Home,
cfb_401282262,2021,12,2021-11-21,00:00,UNT,FIU,49.0,7.0,Home,
cfb_401309900,2021,12,2021-11-21,00:00,CAL,STAN,41.0,11.0,Home,
cfb_401282143,2021,12,2021-11-21,00:30,USA,TENN,14.0,60.0,Home,
cfb_401282694,2021,12,2021-11-21,00:30,VT,MIA,26.0,38.0,Home,
cfb_401310750,2021,12,2021-11-21,01:00,WYO,USU,44.0,17.0,Home,
cfb_401282138,2021,12,2021-11-21,02:00,ULM,LSU,14.0,27.0,Home,
cfb_401310748,2021,12,2021-11-21,02:00,UNM,BSU,0.0,37.0,Home,
cfb_401309902,2021,12,2021-11-21,03:30,ASU,ORST,10.0,24.0,Home,
cfb_401310749,2021,12,2021-11-21,04:00,CSU,HAW,45.0,50.0,Home,
cfb_401309593,2021,13,2021-11-24,00:00,BUFF,BALL,3.0,20.0,Home,
cfb_401309594,2021,13,2021-11-24,00:00,WMU,NIU,42.0,21.0,Home,
cfb_401310757,2021,13,2021-11-25,20:30,FRES,SJSU,40.0,9.0,Home,
cfb_401282151,2021,13,2021-11-26,00:30,MISS,MSST,31.0,21.0,Home,
cfb_401301051,2021,13,2021-11-26,20:50,CIN,ECU,35.0,13.0,Home,
cfb_401282761,2021,13,2021-11-26,18:30,IOWA,NEB,28.0,21.0,Home,
cfb_401309906,2021,13,2021-11-26,21:00,COLO,UTAH,13.0,28.0,Home,
cfb_401310753,2021,13,2021-11-26,17:00,BSU,SDSU,16.0,27.0,Home,
cfb_401287952,2021,13,2021-11-26,17:00,KSU,TEX,17.0,22.0,Home,
cfb_401309595,2021,13,2021-11-26,17:00,EMU,CMU,10.0,31.0,Home,
cfb_401309596,2021,13,2021-11-26,17:00,OHIO,BGSU,10.0,21.0,Home,
cfb_401310755,2021,13,2021-11-26,18:00,USU,UNM,35.0,10.0,Home,
cfb_401282274,2021,13,2021-11-26,19:00,UTEP,UAB,25.0,42.0,Home,
cfb_401282145,2021,13,2021-11-26,20:30,MIZ,ARK,17.0,34.0,Home,
cfb_401301050,2021,13,2021-11-26,20:30,USF,UCF,13.0,17.0,Home,
cfb_401309648,2021,13,2021-11-26,20:30,CCU,USA,27.0,21.0,Home,
cfb_401310752,2021,13,2021-11-26,20:30,UNLV,AFA,14.0,48.0,Home,
cfb_401287949,2021,13,2021-11-26,21:30,TCU,ISU,14.0,48.0,Home,
cfb_401282699,2021,13,2021-11-27,00:00,UNC,NCST,30.0,34.0,Home,
cfb_401309905,2021,13,2021-11-27,01:00,WSU,WASH,40.0,13.0,Home,
cfb_401282148,2021,13,2021-11-27,17:00,UGA,GT,45.0,0.0,Home,
cfb_401282781,2021,13,2021-11-27,17:00,OSU,MICH,27.0,42.0,Home,
cfb_401282146,2021,13,2021-11-27,20:30,ALA,AUB,24.0,22.0,Home,
cfb_401287948,2021,13,2021-11-27,17:00,TTU,BAY,24.0,27.0,Home,
cfb_401309908,2021,13,2021-11-27,20:30,ORST,ORE,29.0,38.0,Home,
cfb_401282785,2021,13,2021-11-27,20:30,PSU,MSU,27.0,30.0,Home,
cfb_401282794,2021,13,2021-11-27,21:00,WISC,MINN,13.0,23.0,Home,
cfb_401282700,2021,13,2021-11-27,17:00,WAKE,BC,41.0,10.0,Home,
cfb_401282273,2021,13,2021-11-27,19:00,UTSA,UNT,23.0,45.0,Home,
cfb_401301052,2021,13,2021-11-27,17:00,HOU,CONN,45.0,17.0,Home,
cfb_401282147,2021,13,2021-11-27,17:00,FSU,FLA,21.0,24.0,Home,
cfb_401282766,2021,13,2021-11-27,17:00,MD,RUTG,40.0,16.0,Home,
cfb_401286299,2021,13,2021-11-27,17:00,ARMY,LIB,31.0,16.0,Home,
cfb_401301054,2021,13,2021-11-27,17:00,NAVY,TEM,38.0,14.0,Home,
cfb_401308842,2021,13,2021-11-27,17:00,M-OH,KENT,47.0,48.0,Home,
cfb_401309597,2021,13,2021-11-27,17:00,AKR,TOL,14.0,49.0,Home,
cfb_401282701,2021,13,2021-11-27,17:30,MIA,DUKE,47.0,10.0,Home,
cfb_401282271,2021,13,2021-11-27,18:00,LT,RICE,31.0,35.0,Home,
cfb_401282268,2021,13,2021-11-27,19:00,CLT,ODU,34.0,56.0,Home,
cfb_401309647,2021,13,2021-11-27,19:00,TXST,ARST,24.0,22.0,Home,
cfb_401309649,2021,13,2021-11-27,19:00,TROY,GAST,10.0,37.0,Home,
cfb_401309646,2021,13,2021-11-27,19:30,GASO,APP,3.0,27.0,Home,
cfb_401282269,2021,13,2021-11-27,20:00,FIU,USM,17.0,37.0,Home,
cfb_401286306,2021,13,2021-11-27,20:00,MASS,NMSU,27.0,44.0,Home,
cfb_401310756,2021,13,2021-11-27,20:00,HAW,WYO,38.0,14.0,Home,
cfb_401282272,2021,13,2021-11-27,20:30,WKU,MRSH,53.0,21.0,Home,
cfb_401282722,2021,13,2021-11-27,20:30,NU,ILL,14.0,47.0,Home,
cfb_401282753,2021,13,2021-11-27,20:30,IU,PUR,7.0,44.0,Home,
cfb_401282153,2021,13,2021-11-27,20:45,VAN,TENN,21.0,45.0,Home,
cfb_401282703,2021,13,2021-11-27,20:45,VT,UVA,29.0,24.0,Home,
cfb_401301055,2021,13,2021-11-27,21:00,TLSA,SMU,34.0,31.0,Home,
cfb_401309650,2021,13,2021-11-27,21:00,ULM,UL,16.0,21.0,Home,
cfb_401309909,2021,13,2021-11-27,21:00,ARIZ,ASU,15.0,38.0,Home,
cfb_401282711,2021,13,2021-11-28,01:00,ND,STAN,45.0,14.0,Home,
cfb_401287951,2021,13,2021-11-28,00:30,OU,OKST,33.0,37.0,Home,
cfb_401309910,2021,13,2021-11-28,03:30,BYU,USC,35.0,31.0,Home,
cfb_401282150,2021,13,2021-11-28,00:00,TA&M,LSU,24.0,27.0,Home,
cfb_401282152,2021,13,2021-11-28,00:30,CLEM,SC,30.0,0.0,Home,
cfb_401282270,2021,13,2021-11-28,00:00,MTSU,FAU,27.0,17.0,Home,
cfb_401287950,2021,13,2021-11-28,00:00,WVU,KU,34.0,28.0,Home,
cfb_401282149,2021,13,2021-11-28,00:30,UK,LOU,52.0,21.0,Home,
cfb_401282702,2021,13,2021-11-28,00:30,PITT,SYR,31.0,14.0,Home,
cfb_401301053,2021,13,2021-11-28,00:30,TULN,MEM,28.0,33.0,Home,
cfb_401310754,2021,13,2021-11-28,02:00,NEV,CSU,52.0,10.0,Home,
cfb_401309907,2021,13,2021-11-28,03:30,CAL,UCLA,14.0,42.0,Home,
cfb_401331159,2021,14,2021-12-04,01:00,ORE,UTAH,10.0,38.0,Neutral,
cfb_401282156,2021,14,2021-12-04,00:00,WKU,UTSA,41.0,49.0,Home,
cfb_401282154,2021,14,2021-12-04,21:00,UGA,ALA,24.0,41.0,Neutral,
cfb_401331162,2021,14,2021-12-04,21:00,HOU,CIN,20.0,35.0,Home,
cfb_401287953,2021,14,2021-12-04,17:00,BAY,OKST,21.0,16.0,Neutral,
cfb_401331161,2021,14,2021-12-04,20:30,APP,UL,16.0,24.0,Home,
cfb_401331160,2021,14,2021-12-04,17:00,KENT,NIU,23.0,41.0,Neutral,
cfb_401310676,2021,14,2021-12-04,20:00,USU,SDSU,46.0,13.0,Home,
cfb_401331447,2021,14,2021-12-05,01:00,MICH,IOWA,42.0,3.0,Neutral,
cfb_401331163,2021,14,2021-12-05,01:00,PITT,WAKE,45.0,21.0,Neutral,
cfb_401387250,2021,14,2021-12-05,04:00,USC,CAL,14.0,24.0,Home,
cfb_401301056,2021,15,2021-12-11,20:00,ARMY,NAVY,13.0,17.0,Neutral,
cfb_401331164,2021,16,2021-12-17,17:00,MTSU,TOL,31.0,24.0,Neutral,
cfb_401331165,2021,16,2021-12-17,23:00,NIU,CCU,41.0,47.0,Neutral,
cfb_401331168,2021,16,2021-12-18,20:30,UAB,BYU,31.0,28.0,Neutral,
cfb_401331166,2021,16,2021-12-18,16:00,WKU,APP,59.0,38.0,Neutral,
cfb_401331167,2021,16,2021-12-18,19:15,UTEP,FRES,24.0,31.0,Neutral,
cfb_401331169,2021,16,2021-12-18,23:00,EMU,LIB,20.0,56.0,Neutral,
cfb_401331171,2021,16,2021-12-19,02:15,UL,MRSH,36.0,21.0,Neutral,
cfb_401331170,2021,16,2021-12-19,00:30,USU,ORST,24.0,13.0,Neutral,
cfb_401331172,2021,16,2021-12-20,19:30,ODU,TLSA,17.0,30.0,Neutral,
cfb_401331213,2021,16,2021-12-21,20:30,KENT,WYO,38.0,52.0,Neutral,
cfb_401331214,2021,16,2021-12-22,00:30,UTSA,SDSU,24.0,38.0,Neutral,
cfb_401331215,2021,16,2021-12-23,01:00,MIZ,ARMY,22.0,24.0,Neutral,
cfb_401391158,2021,16,2021-12-23,20:30,UNT,M-OH,14.0,27.0,Neutral,
cfb_401331216,2021,16,2021-12-24,00:00,UCF,FLA,29.0,17.0,Neutral,
cfb_401331217,2021,16,2021-12-25,01:00,MEM,HAW,,,Home,
cfb_401331218,2021,16,2021-12-25,19:30,GAST,BALL,51.0,20.0,Neutral,
cfb_401331219,2021,16,2021-12-27,16:00,WMU,NEV,52.0,24.0,Neutral,
cfb_401331220,2021,16,2021-12-27,19:30,BC,ECU,,,Neutral,
cfb_401331221,2021,16,2021-12-28,17:00,HOU,AUB,17.0,13.0,Neutral,
cfb_401331222,2021,16,2021-12-28,20:15,AFA,LOU,31.0,28.0,Neutral,
cfb_401331223,2021,16,2021-12-28,23:45,MSST,TTU,7.0,34.0,Neutral,
cfb_401331224,2021,16,2021-12-29,03:20,WVU,MINN,6.0,18.0,Neutral,
cfb_401331227,2021,16,2021-12-29,22:45,CLEM,ISU,20.0,13.0,Neutral,
cfb_401331226,2021,16,2021-12-29,19:15,MD,VT,54.0,10.0,Neutral,
cfb_401331225,2021,16,2021-12-29,16:00,SMU,UVA,,,Neutral,
cfb_401331228,2021,16,2021-12-30,02:15,ORE,OU,32.0,47.0,Neutral,
cfb_401331229,2021,16,2021-12-30,16:30,UNC,SC,21.0,38.0,Neutral,
cfb_401331230,2021,16,2021-12-30,20:00,TENN,PUR,45.0,48.0,Neutral,
cfb_401331231,2021,16,2021-12-31,00:00,PITT,MSU,21.0,31.0,Neutral,
cfb_401331232,2021,16,2021-12-31,03:30,WISC,ASU,20.0,13.0,Neutral,
cfb_401331235,2021,16,2021-12-31,20:30,CIN,ALA,6.0,27.0,Neutral,
cfb_401331233,2021,16,2021-12-31,16:00,WAKE,RUTG,38.0,10.0,Neutral,
cfb_401331654,2021,16,2021-12-31,17:00,WSU,CMU,21.0,24.0,Neutral,
cfb_401331234,2021,16,2022-01-01,00:30,UGA,MICH,34.0,11.0,Neutral,
cfb_401331238,2021,16,2022-01-01,18:00,OKST,ND,37.0,35.0,Neutral,
cfb_401331239,2021,16,2022-01-01,22:00,UTAH,OSU,45.0,48.0,Neutral,
cfb_401331237,2021,16,2022-01-01,18:00,IOWA,UK,17.0,20.0,Neutral,
cfb_401331236,2021,16,2022-01-01,17:00,PSU,ARK,10.0,24.0,Neutral,
cfb_401331240,2021,16,2022-01-02,01:45,BAY,MISS,21.0,7.0,Neutral,
cfb_401331241,2021,16,2022-01-05,02:00,LSU,KSU,20.0,42.0,Neutral,
cfb_401331242,2021,16,2022-01-11,01:00,UGA,ALA,33.0,18.0,Neutral,
cfb_401405059,2022,1,2022-08-27,16:30,NEB,NU,28.0,31.0,Neutral,
cfb_401404146,2022,1,2022-08-27,20:00,CONN,USU,20.0,31.0,Home,
cfb_401405058,2022,1,2022-08-27,20:00,WYO,ILL,6.0,38.0,Home,
cfb_401426530,2022,1,2022-08-27,23:00,CLT,FAU,13.0,43.0,Home,
cfb_401409235,2022,1,2022-08-28,02:00,NEV,NMSU,23.0,12.0,Home,
cfb_401426531,2022,1,2022-08-28,02:00,UNT,UTEP,31.0,13.0,Home,
cfb_401403853,2022,1,2022-08-28,02:30,VAN,HAW,63.0,10.0,Home,
cfb_401416569,2022,1,2022-09-01,23:00,CMU,OKST,44.0,58.0,Home,
cfb_401411092,2022,1,2022-09-01,23:00,WVU,PITT,31.0,38.0,Home,
cfb_401403864,2022,1,2022-09-01,23:00,BALL,TENN,10.0,59.0,Home,
cfb_401405064,2022,1,2022-09-02,00:00,PSU,PUR,35.0,31.0,Home,
cfb_401426537,2022,1,2022-09-02,00:00,LT,MIZ,24.0,52.0,Home,
cfb_401405060,2022,1,2022-09-02,01:00,NMSU,MINN,0.0,38.0,Home,
cfb_401416591,2022,1,2022-09-02,23:00,WMU,MSU,13.0,35.0,Home,
cfb_401426330,2022,1,2022-09-02,23:00,VT,ODU,17.0,20.0,Home,
cfb_401411094,2022,1,2022-09-02,23:30,TEM,DUKE,0.0,30.0,Home,
cfb_401405061,2022,1,2022-09-03,00:00,ILL,IU,20.0,23.0,Home,
cfb_401403966,2022,1,2022-09-03,02:00,TCU,COLO,38.0,13.0,Home,
cfb_401403854,2022,1,2022-09-03,23:30,USU,ALA,0.0,55.0,Home,
cfb_401404124,2022,1,2022-09-03,23:30,ND,OSU,10.0,21.0,Home,
cfb_401403858,2022,1,2022-09-03,19:30,ORE,UGA,3.0,49.0,Neutral,
cfb_401403857,2022,1,2022-09-03,23:00,UTAH,FLA,26.0,29.0,Home,
cfb_401405067,2022,1,2022-09-03,16:00,CSU,MICH,7.0,51.0,Home,
cfb_401426541,2022,1,2022-09-03,19:30,UTEP,OU,13.0,45.0,Home,
cfb_401411096,2022,1,2022-09-03,16:00,NCST,ECU,21.0,20.0,Home,
cfb_401426540,2022,1,2022-09-03,22:00,RICE,USC,14.0,66.0,Home,
cfb_401403855,2022,1,2022-09-03,19:30,CIN,ARK,24.0,31.0,Home,
cfb_401403859,2022,1,2022-09-03,23:00,M-OH,UK,13.0,37.0,Home,
cfb_401403860,2022,1,2022-09-03,20:00,TROY,MISS,10.0,28.0,Home,
cfb_401405066,2022,1,2022-09-03,16:00,BUFF,MD,10.0,31.0,Home,
cfb_401405069,2022,1,2022-09-03,16:00,RUTG,BC,22.0,21.0,Home,
cfb_401411095,2022,1,2022-09-03,16:00,UNC,APP,63.0,61.0,Home,
cfb_401403971,2022,1,2022-09-03,18:30,BGSU,UCLA,17.0,45.0,Home,
cfb_401403967,2022,1,2022-09-03,19:30,ARIZ,SDSU,38.0,20.0,Home,
cfb_401415211,2022,1,2022-09-03,19:30,TLSA,WYO,37.0,40.0,Home,
cfb_401426542,2022,1,2022-09-03,19:30,HOU,UTSA,37.0,35.0,Home,
cfb_401415612,2022,1,2022-09-03,20:00,BYU,USF,50.0,21.0,Home,
cfb_401415212,2022,1,2022-09-03,21:30,TXST,NEV,14.0,38.0,Home,
cfb_401426536,2022,1,2022-09-03,22:00,FAU,OHIO,38.0,41.0,Home,
cfb_401426538,2022,1,2022-09-03,22:00,MTSU,JMU,7.0,44.0,Home,
cfb_401404134,2022,1,2022-09-03,23:00,ARMY,CCU,28.0,38.0,Home,
cfb_401404157,2022,1,2022-09-03,23:00,LIB,USM,29.0,27.0,Home,
cfb_401414778,2022,1,2022-09-03,23:00,MASS,TULN,10.0,42.0,Home,
cfb_401403861,2022,1,2022-09-03,23:30,MEM,MSST,23.0,49.0,Home,
cfb_401403863,2022,1,2022-09-03,23:30,GAST,SC,14.0,35.0,Home,
cfb_401426539,2022,1,2022-09-03,23:30,SMU,UNT,48.0,10.0,Home,
cfb_401404059,2022,1,2022-09-04,00:00,ULM,TEX,10.0,52.0,Home,
cfb_401411099,2022,1,2022-09-04,00:00,LOU,SYR,7.0,31.0,Home,
cfb_401403969,2022,1,2022-09-04,02:30,BOIS,ORST,17.0,34.0,Home,
cfb_401403973,2022,1,2022-09-04,02:30,KENT,WASH,20.0,45.0,Home,
cfb_401426543,2022,1,2022-09-04,03:59,WKU,HAW,49.0,17.0,Home,
cfb_401403867,2022,1,2022-09-04,23:30,FSU,LSU,24.0,23.0,Neutral,
cfb_401411101,2022,1,2022-09-06,00:00,CLEM,GT,41.0,10.0,Home,
cfb_401415613,2022,2,2022-09-09,23:30,LOU,UCF,20.0,14.0,Home,
cfb_401415214,2022,2,2022-09-10,01:00,BOIS,UNM,31.0,14.0,Home,
cfb_401403868,2022,2,2022-09-10,16:00,ALA,TEX,20.0,19.0,Home,
cfb_401405079,2022,2,2022-09-10,16:00,ARST,OSU,12.0,45.0,Home,
cfb_401403878,2022,2,2022-09-10,19:30,APP,TA&M,17.0,14.0,Home,
cfb_401404066,2022,2,2022-09-10,23:00,KENT,OU,3.0,33.0,Home,
cfb_401404125,2022,2,2022-09-10,18:30,MRSH,ND,26.0,21.0,Home,
cfb_401403980,2022,2,2022-09-10,23:30,USC,STAN,41.0,28.0,Home,
cfb_401403975,2022,2,2022-09-10,23:30,ASU,OKST,17.0,34.0,Home,
cfb_401403871,2022,2,2022-09-10,23:00,UK,FLA,26.0,16.0,Home,
cfb_401405078,2022,2,2022-09-10,20:00,AKR,MSU,0.0,52.0,Home,
cfb_401403869,2022,2,2022-09-10,16:00,SC,ARK,30.0,44.0,Home,
cfb_401403877,2022,2,2022-09-10,19:30,TENN,PITT,34.0,27.0,Home,
cfb_401403984,2022,2,2022-09-10,19:30,WSU,WISC,17.0,14.0,Home,
cfb_401404063,2022,2,2022-09-10,20:00,HOU,TTU,30.0,33.0,Home,
cfb_401403879,2022,2,2022-09-10,16:00,WAKE,VAN,45.0,25.0,Home,
cfb_401405073,2022,2,2022-09-10,16:00,DUKE,NU,31.0,23.0,Home,
cfb_401405080,2022,2,2022-09-10,16:00,OHIO,PSU,10.0,46.0,Home,
cfb_401411103,2022,2,2022-09-10,16:00,UNC,GAST,35.0,28.0,Home,
cfb_401411105,2022,2,2022-09-10,16:00,USM,MIA,7.0,30.0,Home,
cfb_401426553,2022,2,2022-09-10,16:00,UTSA,ARMY,41.0,38.0,Home,
cfb_401403876,2022,2,2022-09-10,16:15,MIZ,KSU,12.0,40.0,Home,
cfb_401416597,2022,2,2022-09-10,17:00,USA,CMU,38.0,24.0,Home,
cfb_401416594,2022,2,2022-09-10,18:00,WMU,BALL,37.0,30.0,Home,
cfb_401403977,2022,2,2022-09-10,19:30,COLO,AFA,10.0,41.0,Home,
cfb_401415617,2022,2,2022-09-10,19:30,MEM,NAVY,37.0,13.0,Home,
cfb_401426545,2022,2,2022-09-10,19:30,MD,CLT,56.0,21.0,Home,
cfb_401403976,2022,2,2022-09-10,20:00,UNLV,CAL,14.0,20.0,Home,
cfb_401404064,2022,2,2022-09-10,20:00,ISU,IOWA,10.0,7.0,Home,
cfb_401405070,2022,2,2022-09-10,20:00,UVA,ILL,3.0,24.0,Home,
cfb_401426548,2022,2,2022-09-10,20:00,MTSU,CSU,34.0,19.0,Home,
cfb_401404065,2022,2,2022-09-10,22:00,KU,WVU,55.0,42.0,Home,
cfb_401415024,2022,2,2022-09-10,22:00,ODU,ECU,21.0,39.0,Home,
cfb_401426551,2022,2,2022-09-10,22:00,UAB,LIB,14.0,21.0,Home,
cfb_401404148,2022,2,2022-09-10,23:00,SYR,CONN,48.0,14.0,Home,
cfb_401414779,2022,2,2022-09-10,23:00,MASS,TOL,10.0,55.0,Home,
cfb_401415620,2022,2,2022-09-10,23:00,NIU,TLSA,35.0,38.0,Home,
cfb_401416598,2022,2,2022-09-10,23:00,EMU,UL,21.0,49.0,Home,
cfb_401426544,2022,2,2022-09-10,23:00,FIU,TXST,12.0,41.0,Home,
cfb_401403870,2022,2,2022-09-10,23:30,SJSU,AUB,16.0,24.0,Home,
cfb_401405072,2022,2,2022-09-10,23:30,GASO,NEB,45.0,42.0,Home,
cfb_401405077,2022,2,2022-09-11,00:00,HAW,MICH,10.0,56.0,Home,
cfb_401404062,2022,2,2022-09-11,02:15,BAY,BYU,20.0,26.0,Home,
cfb_401411108,2022,2,2022-09-11,00:00,BC,VT,10.0,27.0,Home,
cfb_401426552,2022,2,2022-09-11,01:00,NMSU,UTEP,13.0,20.0,Home,
cfb_401403979,2022,2,2022-09-11,02:30,ORST,FRES,35.0,32.0,Home,
cfb_401403875,2022,2,2022-09-11,03:00,MSST,ARIZ,39.0,17.0,Home,
cfb_401411109,2022,3,2022-09-16,23:30,FSU,LOU,35.0,31.0,Home,
cfb_401415217,2022,3,2022-09-17,00:00,AFA,WYO,14.0,17.0,Home,
cfb_401403880,2022,3,2022-09-17,20:00,ULM,ALA,7.0,63.0,Home,
cfb_401405088,2022,3,2022-09-17,23:00,TOL,OSU,21.0,77.0,Home,
cfb_401404149,2022,3,2022-09-17,16:00,CONN,MICH,0.0,59.0,Home,
cfb_401404070,2022,3,2022-09-17,16:00,OU,NEB,49.0,14.0,Home,
cfb_401403994,2022,3,2022-09-17,23:30,MSU,WASH,28.0,39.0,Home,
cfb_401403989,2022,3,2022-09-17,19:30,BYU,ORE,20.0,41.0,Home,
cfb_401403889,2022,3,2022-09-17,23:00,AKR,TENN,6.0,63.0,Home,
cfb_401404072,2022,3,2022-09-17,23:00,TTU,NCST,14.0,27.0,Home,
cfb_401404071,2022,3,2022-09-17,16:00,TXST,BAY,7.0,42.0,Home,
cfb_401403883,2022,3,2022-09-17,23:30,USF,FLA,28.0,31.0,Home,
cfb_401403886,2022,3,2022-09-17,19:30,MISS,GT,42.0,0.0,Home,
cfb_401403882,2022,3,2022-09-17,19:30,PSU,AUB,41.0,12.0,Home,
cfb_401411115,2022,3,2022-09-17,23:30,PITT,WMU,34.0,13.0,Home,
cfb_401403888,2022,3,2022-09-17,16:00,UGA,SC,48.0,7.0,Home,
cfb_401405084,2022,3,2022-09-17,16:00,PUR,SYR,29.0,32.0,Home,
cfb_401415623,2022,3,2022-09-17,16:00,CIN,M-OH,38.0,17.0,Neutral,
cfb_401426563,2022,3,2022-09-17,16:00,WKU,IU,30.0,33.0,Home,
cfb_401416601,2022,3,2022-09-17,17:00,BUFF,CCU,26.0,38.0,Home,
cfb_401403991,2022,3,2022-09-17,18:00,USA,UCLA,31.0,32.0,Home,
cfb_401404069,2022,3,2022-09-17,18:00,OHIO,ISU,10.0,43.0,Home,
cfb_401405089,2022,3,2022-09-17,18:00,RUTG,TEM,16.0,14.0,Home,
cfb_401411113,2022,3,2022-09-17,18:00,ODU,UVA,14.0,16.0,Home,
cfb_401403987,2022,3,2022-09-17,18:30,CAL,ND,17.0,24.0,Home,
cfb_401404074,2022,3,2022-09-17,19:00,TULN,KSU,17.0,10.0,Home,
cfb_401426558,2022,3,2022-09-17,19:00,UNT,UNLV,27.0,58.0,Home,
cfb_401403891,2022,3,2022-09-17,19:30,VAN,NIU,38.0,28.0,Home,
cfb_401403988,2022,3,2022-09-17,19:30,COLO,MINN,7.0,49.0,Home,
cfb_401405085,2022,3,2022-09-17,19:30,NMSU,WISC,7.0,66.0,Home,
cfb_401426333,2022,3,2022-09-17,19:30,TROY,APP,28.0,32.0,Home,
cfb_401426560,2022,3,2022-09-17,19:30,GASO,UAB,21.0,35.0,Home,
cfb_401404068,2022,3,2022-09-17,20:00,KU,HOU,48.0,30.0,Home,
cfb_401403995,2022,3,2022-09-17,21:00,CSU,WSU,7.0,38.0,Home,
cfb_401404159,2022,3,2022-09-17,21:00,LIB,WAKE,36.0,37.0,Home,
cfb_401415029,2022,3,2022-09-17,21:00,MRSH,BGSU,31.0,34.0,Home,
cfb_401403885,2022,3,2022-09-17,22:00,MSST,LSU,16.0,31.0,Home,
cfb_401415622,2022,3,2022-09-17,23:00,ARST,MEM,32.0,44.0,Home,
cfb_401426554,2022,3,2022-09-17,23:00,CLT,GAST,42.0,41.0,Home,
cfb_401405082,2022,3,2022-09-17,23:30,NEV,IOWA,0.0,27.0,Home,
cfb_401405087,2022,3,2022-09-17,23:30,SMU,MD,27.0,34.0,Home,
cfb_401426555,2022,3,2022-09-17,23:30,UCF,FAU,40.0,14.0,Home,
cfb_401426559,2022,3,2022-09-17,23:30,UL,RICE,21.0,33.0,Home,
cfb_401426556,2022,3,2022-09-18,00:00,LT,CLEM,20.0,48.0,Home,
cfb_401403992,2022,3,2022-09-18,02:30,FRES,USC,17.0,45.0,Home,
cfb_401403890,2022,3,2022-09-18,01:00,MIA,TA&M,9.0,17.0,Home,
cfb_401403993,2022,3,2022-09-18,02:15,SDSU,UTAH,7.0,35.0,Home,
cfb_401426562,2022,3,2022-09-18,00:00,UTSA,TEX,20.0,41.0,Home,
cfb_401426561,2022,3,2022-09-18,00:00,UTEP,UNM,10.0,27.0,Home,
cfb_401403986,2022,3,2022-09-18,03:00,EMU,ASU,30.0,21.0,Home,
cfb_401411116,2022,4,2022-09-22,23:30,WVU,VT,33.0,10.0,Home,
cfb_401426334,2022,4,2022-09-22,23:30,CCU,GAST,41.0,24.0,Home,
cfb_401411117,2022,4,2022-09-23,23:00,UVA,SYR,20.0,22.0,Home,
cfb_401415220,2022,4,2022-09-24,00:00,NEV,AFA,20.0,48.0,Home,
cfb_401426571,2022,4,2022-09-24,01:00,BOIS,UTEP,10.0,27.0,Home,
cfb_401403895,2022,4,2022-09-24,16:00,KENT,UGA,22.0,39.0,Home,
cfb_401403892,2022,4,2022-09-24,23:30,VAN,ALA,3.0,55.0,Home,
cfb_401405095,2022,4,2022-09-24,23:30,WISC,OSU,21.0,52.0,Home,
cfb_401405097,2022,4,2022-09-24,16:00,MD,MICH,27.0,34.0,Home,
cfb_401411123,2022,4,2022-09-24,16:00,CLEM,WAKE,51.0,45.0,Home,
cfb_401403896,2022,4,2022-09-24,23:00,NIU,UK,23.0,31.0,Home,
cfb_401403893,2022,4,2022-09-24,23:00,ARK,TA&M,21.0,23.0,Neutral,
cfb_401403901,2022,4,2022-09-24,19:30,FLA,TENN,33.0,38.0,Home,
cfb_401404150,2022,4,2022-09-24,23:30,CONN,NCST,10.0,41.0,Home,
cfb_401405098,2022,4,2022-09-24,16:00,CMU,PSU,14.0,33.0,Home,
cfb_401403999,2022,4,2022-09-24,20:00,ORE,WSU,44.0,41.0,Home,
cfb_401403898,2022,4,2022-09-24,20:00,TLSA,MISS,27.0,35.0,Home,
cfb_401404080,2022,4,2022-09-24,16:00,BAY,ISU,31.0,24.0,Home,
cfb_401404082,2022,4,2022-09-24,19:30,TEX,TTU,34.0,37.0,Home,
cfb_401426568,2022,4,2022-09-24,19:30,MTSU,MIA,45.0,31.0,Home,
cfb_401403894,2022,4,2022-09-24,16:00,MIZ,AUB,14.0,17.0,Home,
cfb_401403899,2022,4,2022-09-24,16:00,BGSU,MSST,14.0,45.0,Home,
cfb_401404078,2022,4,2022-09-24,16:00,TCU,SMU,42.0,34.0,Home,
cfb_401404079,2022,4,2022-09-24,16:00,DUKE,KU,27.0,35.0,Home,
cfb_401411119,2022,4,2022-09-24,16:00,USF,LOU,3.0,41.0,Home,
cfb_401416604,2022,4,2022-09-24,16:00,BUFF,EMU,50.0,31.0,Home,
cfb_401403998,2022,4,2022-09-24,18:00,UCLA,COLO,45.0,17.0,Home,
cfb_401414781,2022,4,2022-09-24,18:00,MASS,TEM,0.0,28.0,Home,
cfb_401404126,2022,4,2022-09-24,19:30,ND,UNC,45.0,32.0,Home,
cfb_401405092,2022,4,2022-09-24,19:30,MINN,MSU,34.0,7.0,Home,
cfb_401405096,2022,4,2022-09-24,19:30,IU,CIN,24.0,45.0,Home,
cfb_401415037,2022,4,2022-09-24,19:30,JMU,APP,32.0,28.0,Home,
cfb_401415224,2022,4,2022-09-24,19:30,TOL,SDSU,14.0,17.0,Home,
cfb_401426565,2022,4,2022-09-24,19:30,FIU,WKU,0.0,73.0,Home,
cfb_401426569,2022,4,2022-09-24,19:30,UNT,MEM,34.0,44.0,Home,
cfb_401411122,2022,4,2022-09-24,20:00,GT,UCF,10.0,27.0,Home,
cfb_401403996,2022,4,2022-09-24,21:30,ARIZ,CAL,31.0,49.0,Home,
cfb_401404160,2022,4,2022-09-24,22:00,AKR,LIB,12.0,21.0,Home,
cfb_401415624,2022,4,2022-09-24,22:00,NAVY,ECU,23.0,20.0,Home,
cfb_401416605,2022,4,2022-09-24,22:00,BALL,GASO,23.0,34.0,Home,
cfb_401426335,2022,4,2022-09-24,22:00,ARST,ODU,26.0,29.0,Home,
cfb_401426570,2022,4,2022-09-24,22:00,RICE,HOU,27.0,34.0,Home,
cfb_401405091,2022,4,2022-09-24,23:00,IOWA,RUTG,27.0,10.0,Home,
cfb_401415040,2022,4,2022-09-24,23:00,USM,TULN,27.0,24.0,Home,
cfb_401415222,2022,4,2022-09-24,23:00,UNLV,USU,34.0,24.0,Home,
cfb_401426393,2022,4,2022-09-24,23:00,MRSH,TROY,7.0,16.0,Home,
cfb_401426567,2022,4,2022-09-24,23:00,LT,USA,14.0,38.0,Home,
cfb_401403897,2022,4,2022-09-24,23:30,UNM,LSU,0.0,38.0,Home,
cfb_401405093,2022,4,2022-09-24,23:30,M-OH,NU,17.0,14.0,Home,
cfb_401426564,2022,4,2022-09-24,23:30,CLT,SC,20.0,56.0,Home,
cfb_401426566,2022,4,2022-09-24,23:30,FAU,PUR,26.0,28.0,Home,
cfb_401404081,2022,4,2022-09-25,00:00,KSU,OU,41.0,34.0,Home,
cfb_401404000,2022,4,2022-09-25,01:30,USC,ORST,17.0,14.0,Home,
cfb_401403997,2022,4,2022-09-25,02:30,UTAH,ASU,34.0,13.0,Home,
cfb_401404001,2022,4,2022-09-25,02:30,STAN,WASH,22.0,40.0,Home,
cfb_401415223,2022,4,2022-09-25,02:15,WYO,BYU,24.0,38.0,Home,
cfb_401409237,2022,4,2022-09-25,00:00,HAW,NMSU,26.0,45.0,Home,
cfb_401411118,2022,4,2022-09-25,00:00,BC,FSU,14.0,44.0,Home,
cfb_401426336,2022,4,2022-09-25,00:00,UL,ULM,17.0,21.0,Home,
cfb_401415225,2022,4,2022-09-25,02:30,WMU,SJSU,6.0,34.0,Home,
cfb_401415226,2022,5,2022-09-30,00:00,USU,BYU,26.0,38.0,Home,
cfb_401415625,2022,5,2022-09-30,23:00,TULN,HOU,27.0,24.0,Home,
cfb_401426576,2022,5,2022-09-30,23:30,UTSA,MTSU,45.0,30.0,Home,
cfb_401404007,2022,5,2022-10-01,02:30,WASH,UCLA,32.0,40.0,Home,
cfb_401415228,2022,5,2022-10-01,00:00,SDSU,BOIS,13.0,35.0,Home,
cfb_401415229,2022,5,2022-10-01,03:00,UNM,UNLV,20.0,31.0,Home,
cfb_401403907,2022,5,2022-10-01,23:30,UGA,MIZ,26.0,22.0,Home,
cfb_401403902,2022,5,2022-10-01,19:30,ALA,ARK,49.0,26.0,Home,
cfb_401405104,2022,5,2022-10-01,19:30,RUTG,OSU,10.0,49.0,Home,
cfb_401405100,2022,5,2022-10-01,16:00,MICH,IOWA,27.0,14.0,Home,
cfb_401411125,2022,5,2022-10-01,23:30,NCST,CLEM,20.0,30.0,Home,
cfb_401403905,2022,5,2022-10-01,16:00,UK,MISS,19.0,22.0,Home,
cfb_401404083,2022,5,2022-10-01,19:30,OKST,BAY,36.0,25.0,Home,
cfb_401405105,2022,5,2022-10-01,19:30,NU,PSU,7.0,17.0,Home,
cfb_401404006,2022,5,2022-10-01,18:00,ORST,UTAH,16.0,42.0,Home,
cfb_401403906,2022,5,2022-10-01,20:00,TA&M,MSST,24.0,42.0,Home,
cfb_401404086,2022,5,2022-10-01,16:00,OU,TCU,24.0,55.0,Home,
cfb_401405101,2022,5,2022-10-01,16:00,PUR,MINN,20.0,10.0,Home,
cfb_401411127,2022,5,2022-10-01,19:30,WAKE,FSU,31.0,21.0,Home,
cfb_401404085,2022,5,2022-10-01,16:00,TTU,KSU,28.0,37.0,Home,
cfb_401404137,2022,5,2022-10-01,16:00,GAST,ARMY,31.0,14.0,Home,
cfb_401405099,2022,5,2022-10-01,16:00,ILL,WISC,34.0,10.0,Home,
cfb_401411124,2022,5,2022-10-01,16:00,LOU,BC,33.0,34.0,Home,
cfb_401415227,2022,5,2022-10-01,16:00,NAVY,AFA,10.0,13.0,Home,
cfb_401415628,2022,5,2022-10-01,16:00,TEM,MEM,3.0,24.0,Home,
cfb_401426338,2022,5,2022-10-01,17:30,TXST,JMU,13.0,40.0,Home,
cfb_401414782,2022,5,2022-10-01,18:00,MASS,EMU,13.0,20.0,Home,
cfb_401416608,2022,5,2022-10-01,18:00,NIU,BALL,38.0,44.0,Home,
cfb_401415626,2022,5,2022-10-01,18:30,ECU,USF,48.0,28.0,Neutral,
cfb_401404084,2022,5,2022-10-01,19:30,ISU,KU,11.0,14.0,Home,
cfb_401404151,2022,5,2022-10-01,19:30,FRES,CONN,14.0,19.0,Home,
cfb_401405103,2022,5,2022-10-01,19:30,MSU,MD,13.0,27.0,Home,
cfb_401411128,2022,5,2022-10-01,19:30,VT,UNC,10.0,41.0,Home,
cfb_401416607,2022,5,2022-10-01,19:30,CMU,TOL,17.0,38.0,Home,
cfb_401416609,2022,5,2022-10-01,19:30,BGSU,AKR,31.0,28.0,Home,
cfb_401416610,2022,5,2022-10-01,19:30,M-OH,BUFF,20.0,24.0,Home,
cfb_401416611,2022,5,2022-10-01,19:30,OHIO,KENT,24.0,31.0,Home,
cfb_401426575,2022,5,2022-10-01,20:00,FAU,UNT,28.0,45.0,Home,
cfb_401426341,2022,5,2022-10-01,21:00,USA,UL,20.0,17.0,Home,
cfb_401404004,2022,5,2022-10-01,21:30,CAL,WSU,9.0,28.0,Home,
cfb_401404161,2022,5,2022-10-01,22:00,LIB,ODU,38.0,24.0,Home,
cfb_401426573,2022,5,2022-10-01,22:00,UTEP,CLT,41.0,35.0,Home,
cfb_401403903,2022,5,2022-10-01,23:00,LSU,AUB,21.0,17.0,Home,
cfb_401415627,2022,5,2022-10-01,23:00,CIN,TLSA,31.0,21.0,Home,
cfb_401426337,2022,5,2022-10-01,23:00,GASO,CCU,30.0,34.0,Home,
cfb_401426340,2022,5,2022-10-01,23:00,ULM,ARST,28.0,45.0,Home,
cfb_401426578,2022,5,2022-10-01,23:00,TROY,WKU,34.0,27.0,Home,
cfb_401404087,2022,5,2022-10-01,23:30,WVU,TEX,20.0,38.0,Home,
cfb_401405102,2022,5,2022-10-01,23:30,IU,NEB,21.0,35.0,Home,
cfb_401411126,2022,5,2022-10-01,23:30,UVA,DUKE,17.0,38.0,Home,
cfb_401415230,2022,5,2022-10-01,23:30,SJSU,WYO,33.0,16.0,Home,
cfb_401426577,2022,5,2022-10-01,23:30,UAB,RICE,24.0,28.0,Home,
cfb_401404003,2022,5,2022-10-02,02:40,ASU,USC,25.0,42.0,Home,
cfb_401404005,2022,5,2022-10-02,03:00,STAN,ORE,27.0,45.0,Home,
cfb_401411129,2022,5,2022-10-02,00:00,GT,PITT,26.0,21.0,Home,
cfb_401426574,2022,5,2022-10-02,00:00,FIU,NMSU,21.0,7.0,Home,
cfb_401404002,2022,5,2022-10-02,01:30,COLO,ARIZ,20.0,43.0,Home,
cfb_401415629,2022,6,2022-10-05,23:00,SMU,UCF,19.0,41.0,Home,
cfb_401405111,2022,6,2022-10-07,23:00,NEB,RUTG,14.0,13.0,Home,
cfb_401415630,2022,6,2022-10-07,23:30,HOU,MEM,33.0,32.0,Home,
cfb_401415233,2022,6,2022-10-08,02:30,CSU,NEV,17.0,14.0,Home,
cfb_401415236,2022,6,2022-10-08,02:30,UNLV,SJSU,7.0,40.0,Home,
cfb_401403911,2022,6,2022-10-08,19:30,AUB,UGA,10.0,42.0,Home,
cfb_401405110,2022,6,2022-10-08,20:00,OSU,MSU,49.0,20.0,Home,
cfb_401405108,2022,6,2022-10-08,16:00,MICH,IU,31.0,10.0,Home,
cfb_401404012,2022,6,2022-10-08,23:30,WSU,USC,14.0,30.0,Home,
cfb_401404091,2022,6,2022-10-08,19:30,TTU,OKST,31.0,41.0,Home,
cfb_401403915,2022,6,2022-10-08,20:00,MISS,VAN,52.0,28.0,Home,
cfb_401404011,2022,6,2022-10-08,19:30,UTAH,UCLA,32.0,42.0,Home,
cfb_401404138,2022,6,2022-10-08,23:30,ARMY,WAKE,10.0,45.0,Home,
cfb_401404089,2022,6,2022-10-08,16:00,TCU,KU,38.0,31.0,Home,
cfb_401404088,2022,6,2022-10-08,23:30,KSU,ISU,10.0,9.0,Home,
cfb_401404009,2022,6,2022-10-08,20:00,WASH,ASU,38.0,45.0,Home,
cfb_401403914,2022,6,2022-10-08,16:00,ARK,MSST,17.0,40.0,Home,
cfb_401415633,2022,6,2022-10-08,18:30,USF,CIN,24.0,28.0,Home,
cfb_401403910,2022,6,2022-10-08,16:00,MIZ,FLA,17.0,24.0,Home,
cfb_401403913,2022,6,2022-10-08,16:00,TENN,LSU,40.0,13.0,Home,
cfb_401404090,2022,6,2022-10-08,16:00,TEX,OU,49.0,0.0,Neutral,
cfb_401405109,2022,6,2022-10-08,16:00,PUR,MD,31.0,29.0,Home,
cfb_401411136,2022,6,2022-10-08,16:00,LOU,UVA,34.0,17.0,Home,
cfb_401416614,2022,6,2022-10-08,16:00,EMU,WMU,45.0,23.0,Home,
cfb_401416617,2022,6,2022-10-08,16:00,BUFF,BGSU,38.0,7.0,Home,
cfb_401416616,2022,6,2022-10-08,18:00,AKR,OHIO,34.0,55.0,Home,
cfb_401426342,2022,6,2022-10-08,18:00,GASO,GAST,33.0,41.0,Home,
cfb_401404164,2022,6,2022-10-08,19:30,LIB,MASS,42.0,24.0,Home,
cfb_401405107,2022,6,2022-10-08,19:30,WISC,NU,42.0,7.0,Home,
cfb_401411135,2022,6,2022-10-08,19:30,VT,PITT,29.0,45.0,Home,
cfb_401415631,2022,6,2022-10-08,19:30,ECU,TULN,9.0,24.0,Home,
cfb_401415632,2022,6,2022-10-08,19:30,TLSA,NAVY,21.0,53.0,Home,
cfb_401416613,2022,6,2022-10-08,19:30,BALL,CMU,17.0,16.0,Home,
cfb_401416615,2022,6,2022-10-08,19:30,TOL,NIU,52.0,32.0,Home,
cfb_401416618,2022,6,2022-10-08,19:30,KENT,M-OH,24.0,27.0,Home,
cfb_401426581,2022,6,2022-10-08,19:30,MTSU,UAB,14.0,41.0,Home,
cfb_401411132,2022,6,2022-10-08,20:00,DUKE,GT,20.0,23.0,Home,
cfb_401411133,2022,6,2022-10-08,20:00,UNC,MIA,27.0,24.0,Home,
cfb_401426582,2022,6,2022-10-08,22:00,WKU,UTSA,28.0,31.0,Home,
cfb_401415231,2022,6,2022-10-08,23:00,AFA,USU,27.0,34.0,Home,
cfb_401415234,2022,6,2022-10-08,23:00,WYO,UNM,27.0,14.0,Home,
cfb_401426343,2022,6,2022-10-08,23:00,JMU,ARST,42.0,20.0,Home,
cfb_401426345,2022,6,2022-10-08,23:00,APP,TXST,24.0,36.0,Home,
cfb_401426346,2022,6,2022-10-08,23:00,USM,TROY,10.0,27.0,Home,
cfb_401426579,2022,6,2022-10-08,23:00,CONN,FIU,33.0,12.0,Home,
cfb_401426580,2022,6,2022-10-08,23:00,UTEP,LT,31.0,41.0,Home,
cfb_401403912,2022,6,2022-10-08,23:30,SC,UK,24.0,14.0,Home,
cfb_401404127,2022,6,2022-10-08,23:30,BYU,ND,20.0,28.0,Neutral,
cfb_401405106,2022,6,2022-10-08,23:30,IOWA,ILL,6.0,9.0,Home,
cfb_401411131,2022,6,2022-10-08,23:30,CLEM,BC,31.0,3.0,Home,
cfb_401403909,2022,6,2022-10-09,00:00,TA&M,ALA,20.0,24.0,Home,
cfb_401404008,2022,6,2022-10-09,01:00,ORE,ARIZ,49.0,22.0,Home,
cfb_401411134,2022,6,2022-10-09,00:00,FSU,NCST,17.0,19.0,Home,
cfb_401426344,2022,6,2022-10-09,00:00,CCU,ULM,28.0,21.0,Home,
cfb_401415232,2022,6,2022-10-09,01:45,FRES,BOIS,20.0,40.0,Home,
cfb_401415235,2022,6,2022-10-09,02:30,HAW,SDSU,14.0,16.0,Home,
cfb_401404010,2022,6,2022-10-09,03:00,ORST,STAN,28.0,27.0,Home,
cfb_401426347,2022,7,2022-10-12,23:30,UL,MRSH,23.0,13.0,Home,
cfb_401404092,2022,7,2022-10-13,23:00,BAY,WVU,40.0,43.0,Home,
cfb_401415634,2022,7,2022-10-13,23:00,TEM,UCF,13.0,70.0,Home,
cfb_401415635,2022,7,2022-10-14,23:30,NAVY,SMU,34.0,40.0,Home,
cfb_401426584,2022,7,2022-10-15,00:00,UTSA,FIU,30.0,10.0,Home,
cfb_401403918,2022,7,2022-10-15,19:30,VAN,UGA,0.0,55.0,Home,
cfb_401403921,2022,7,2022-10-15,19:30,ALA,TENN,49.0,52.0,Home,
cfb_401411138,2022,7,2022-10-15,23:30,CLEM,FSU,34.0,28.0,Home,
cfb_401405115,2022,7,2022-10-15,16:00,PSU,MICH,17.0,41.0,Home,
cfb_401404095,2022,7,2022-10-15,19:30,OKST,TCU,40.0,43.0,Home,
cfb_401403920,2022,7,2022-10-15,16:00,AUB,MISS,34.0,48.0,Home,
cfb_401411139,2022,7,2022-10-15,19:30,NCST,SYR,9.0,24.0,Home,
cfb_401404094,2022,7,2022-10-15,16:00,KU,OU,42.0,52.0,Home,
cfb_401404093,2022,7,2022-10-15,16:00,ISU,TEX,21.0,24.0,Home,
cfb_401405112,2022,7,2022-10-15,16:00,MINN,ILL,14.0,26.0,Home,
cfb_401426349,2022,7,2022-10-15,20:00,JMU,GASO,38.0,45.0,Home,
cfb_401416619,2022,7,2022-10-15,16:00,CMU,AKR,28.0,21.0,Home,
cfb_401416622,2022,7,2022-10-15,16:00,M-OH,BGSU,13.0,17.0,Home,
cfb_401426348,2022,7,2022-10-15,16:00,ODU,CCU,49.0,21.0,Home,
cfb_401411140,2022,7,2022-10-15,16:30,MIA,VT,20.0,14.0,Home,
cfb_401414783,2022,7,2022-10-15,17:00,BUFF,MASS,34.0,7.0,Home,
cfb_401404014,2022,7,2022-10-15,18:00,CAL,COLO,13.0,20.0,Home,
cfb_401404153,2022,7,2022-10-15,18:00,CONN,BALL,21.0,25.0,Home,
cfb_401403916,2022,7,2022-10-15,19:30,ARK,BYU,52.0,35.0,Home,
cfb_401405114,2022,7,2022-10-15,19:30,MD,IU,38.0,33.0,Home,
cfb_401416620,2022,7,2022-10-15,19:30,NIU,EMU,39.0,10.0,Home,
cfb_401416621,2022,7,2022-10-15,19:30,KENT,TOL,31.0,52.0,Home,
cfb_401416623,2022,7,2022-10-15,19:30,OHIO,WMU,33.0,14.0,Home,
cfb_401426352,2022,7,2022-10-15,19:30,TXST,TROY,14.0,17.0,Home,
cfb_401426583,2022,7,2022-10-15,19:30,CLT,UAB,20.0,34.0,Home,
cfb_401426587,2022,7,2022-10-15,19:30,WKU,MTSU,35.0,17.0,Home,
cfb_401405116,2022,7,2022-10-15,20:00,WISC,MSU,28.0,34.0,Home,
cfb_401415636,2022,7,2022-10-15,20:00,TULN,USF,45.0,31.0,Home,
cfb_401426586,2022,7,2022-10-15,20:00,LT,UNT,27.0,47.0,Home,
cfb_401404013,2022,7,2022-10-15,21:30,ARIZ,WASH,39.0,49.0,Home,
cfb_401426585,2022,7,2022-10-15,22:00,RICE,FAU,14.0,17.0,Home,
cfb_401403917,2022,7,2022-10-15,23:00,LSU,FLA,45.0,35.0,Home,
cfb_401415238,2022,7,2022-10-15,23:00,USU,CSU,17.0,13.0,Home,
cfb_401426350,2022,7,2022-10-15,23:00,ULM,USA,34.0,41.0,Home,
cfb_401426351,2022,7,2022-10-15,23:00,ARST,USM,19.0,20.0,Home,
cfb_401403919,2022,7,2022-10-15,23:30,MSST,UK,17.0,27.0,Home,
cfb_401404016,2022,7,2022-10-15,23:30,STAN,ND,16.0,14.0,Home,
cfb_401405113,2022,7,2022-10-15,23:30,NEB,PUR,37.0,43.0,Home,
cfb_401415637,2022,7,2022-10-15,23:30,MEM,ECU,45.0,47.0,Home,
cfb_401404017,2022,7,2022-10-16,00:00,USC,UTAH,42.0,43.0,Home,
cfb_401409239,2022,7,2022-10-16,00:00,UNM,NMSU,9.0,21.0,Home,
cfb_401411137,2022,7,2022-10-16,00:00,UNC,DUKE,38.0,35.0,Home,
cfb_401404015,2022,7,2022-10-16,01:00,WSU,ORST,10.0,24.0,Home,
cfb_401415237,2022,7,2022-10-16,02:30,AFA,UNLV,42.0,7.0,Home,
cfb_401415239,2022,7,2022-10-16,02:45,SJSU,FRES,10.0,17.0,Home,
cfb_401415240,2022,7,2022-10-16,03:59,NEV,HAW,16.0,31.0,Home,
cfb_401426353,2022,8,2022-10-19,23:30,GAST,APP,17.0,42.0,Home,
cfb_401411141,2022,8,2022-10-20,23:30,UVA,GT,16.0,9.0,Home,
cfb_401426354,2022,8,2022-10-20,23:30,TROY,USA,10.0,6.0,Home,
cfb_401415638,2022,8,2022-10-21,23:30,TLSA,TEM,27.0,16.0,Home,
cfb_401426592,2022,8,2022-10-22,00:00,UAB,WKU,17.0,20.0,Home,
cfb_401405119,2022,8,2022-10-22,16:00,IOWA,OSU,10.0,54.0,Home,
cfb_401411142,2022,8,2022-10-22,16:00,SYR,CLEM,21.0,27.0,Home,
cfb_401403922,2022,8,2022-10-22,23:00,MSST,ALA,6.0,30.0,Home,
cfb_401403923,2022,8,2022-10-22,19:30,MISS,LSU,20.0,45.0,Home,
cfb_401404021,2022,8,2022-10-22,19:30,UCLA,ORE,30.0,45.0,Home,
cfb_401404098,2022,8,2022-10-22,19:30,TEX,OKST,34.0,41.0,Home,
cfb_401411145,2022,8,2022-10-22,19:30,BC,WAKE,15.0,43.0,Home,
cfb_401405120,2022,8,2022-10-22,23:30,MINN,PSU,17.0,45.0,Home,
cfb_401415641,2022,8,2022-10-22,16:00,CIN,SMU,29.0,27.0,Home,
cfb_401415639,2022,8,2022-10-22,19:30,MEM,TULN,28.0,38.0,Home,
cfb_401404096,2022,8,2022-10-22,16:00,KU,BAY,23.0,35.0,Home,
cfb_401404140,2022,8,2022-10-22,16:00,ULM,ARMY,24.0,48.0,Home,
cfb_401405121,2022,8,2022-10-22,16:00,IU,RUTG,17.0,24.0,Home,
cfb_401415640,2022,8,2022-10-22,16:00,HOU,NAVY,38.0,20.0,Home,
cfb_401416628,2022,8,2022-10-22,16:00,AKR,KENT,27.0,33.0,Home,
cfb_401411144,2022,8,2022-10-22,16:30,DUKE,MIA,45.0,21.0,Home,
cfb_401416626,2022,8,2022-10-22,17:00,TOL,BUFF,27.0,34.0,Home,
cfb_401416629,2022,8,2022-10-22,17:00,BGSU,CMU,34.0,18.0,Home,
cfb_401416624,2022,8,2022-10-22,18:00,EMU,BALL,20.0,16.0,Home,
cfb_401416625,2022,8,2022-10-22,18:00,NIU,OHIO,17.0,24.0,Home,
cfb_401404128,2022,8,2022-10-22,18:30,UNLV,ND,21.0,44.0,Home,
cfb_401404099,2022,8,2022-10-22,19:00,WVU,TTU,10.0,48.0,Home,
cfb_401426590,2022,8,2022-10-22,19:00,RICE,LT,42.0,41.0,Home,
cfb_401404163,2022,8,2022-10-22,19:30,BYU,LIB,14.0,41.0,Home,
cfb_401405117,2022,8,2022-10-22,19:30,PUR,WISC,24.0,35.0,Home,
cfb_401405118,2022,8,2022-10-22,19:30,NU,MD,24.0,31.0,Home,
cfb_401416627,2022,8,2022-10-22,19:30,WMU,M-OH,16.0,10.0,Home,
cfb_401426355,2022,8,2022-10-22,19:30,MRSH,JMU,26.0,12.0,Home,
cfb_401426356,2022,8,2022-10-22,19:30,GASO,ODU,28.0,23.0,Home,
cfb_401426588,2022,8,2022-10-22,19:30,FIU,CLT,34.0,15.0,Home,
cfb_401426591,2022,8,2022-10-22,19:30,UNT,UTSA,27.0,31.0,Home,
cfb_401403924,2022,8,2022-10-22,20:00,VAN,MIZ,14.0,17.0,Home,
cfb_401404018,2022,8,2022-10-22,20:00,ASU,STAN,14.0,15.0,Home,
cfb_401415242,2022,8,2022-10-22,20:00,HAW,CSU,13.0,17.0,Home,
cfb_401426589,2022,8,2022-10-22,20:00,FAU,UTEP,21.0,24.0,Home,
cfb_401426357,2022,8,2022-10-22,21:00,ARST,UL,18.0,38.0,Home,
cfb_401426358,2022,8,2022-10-22,21:00,USM,TXST,20.0,14.0,Home,
cfb_401415243,2022,8,2022-10-22,22:30,FRES,UNM,41.0,9.0,Home,
cfb_401415241,2022,8,2022-10-22,23:00,BOIS,AFA,19.0,14.0,Home,
cfb_401403925,2022,8,2022-10-22,23:30,TA&M,SC,24.0,30.0,Home,
cfb_401415642,2022,8,2022-10-22,23:30,UCF,ECU,13.0,34.0,Home,
cfb_401409240,2022,8,2022-10-22,22:00,SJSU,NMSU,,,Home,
cfb_401404097,2022,8,2022-10-23,00:00,KSU,TCU,28.0,38.0,Home,
cfb_401404020,2022,8,2022-10-23,00:00,COLO,ORST,9.0,42.0,Home,
cfb_401411143,2022,8,2022-10-23,00:00,PITT,LOU,10.0,24.0,Home,
cfb_401415244,2022,8,2022-10-23,01:45,USU,WYO,14.0,28.0,Home,
cfb_401404019,2022,8,2022-10-23,02:30,WASH,CAL,28.0,21.0,Home,
cfb_401415245,2022,8,2022-10-23,02:30,SDSU,NEV,23.0,7.0,Home,
cfb_401411146,2022,9,2022-10-27,23:30,VT,NCST,21.0,22.0,Home,
cfb_401426359,2022,9,2022-10-27,23:30,UL,USM,24.0,39.0,Home,
cfb_401404026,2022,9,2022-10-28,02:00,UTAH,WSU,21.0,17.0,Home,
cfb_401415645,2022,9,2022-10-29,00:00,ECU,BYU,27.0,24.0,Home,
cfb_401426594,2022,9,2022-10-29,00:00,LT,FIU,34.0,42.0,Home,
cfb_401403928,2022,9,2022-10-29,19:30,FLA,UGA,20.0,42.0,Neutral,
cfb_401405126,2022,9,2022-10-29,16:00,OSU,PSU,44.0,31.0,Home,
cfb_401403930,2022,9,2022-10-29,23:00,UK,TENN,6.0,44.0,Home,
cfb_401405125,2022,9,2022-10-29,23:30,MSU,MICH,7.0,29.0,Home,
cfb_401404103,2022,9,2022-10-29,16:00,TCU,WVU,41.0,31.0,Home,
cfb_401404024,2022,9,2022-10-29,19:30,ORE,CAL,42.0,24.0,Home,
cfb_401404102,2022,9,2022-10-29,19:30,OKST,KSU,0.0,48.0,Home,
cfb_401411148,2022,9,2022-10-29,19:30,WAKE,LOU,21.0,48.0,Home,
cfb_401404022,2022,9,2022-10-29,23:00,USC,ARIZ,45.0,37.0,Home,
cfb_401403931,2022,9,2022-10-29,23:30,MISS,TA&M,31.0,28.0,Home,
cfb_401404129,2022,9,2022-10-29,16:00,ND,SYR,41.0,24.0,Home,
cfb_401405124,2022,9,2022-10-29,19:30,ILL,NEB,26.0,9.0,Home,
cfb_401415644,2022,9,2022-10-29,19:30,CIN,UCF,21.0,25.0,Home,
cfb_401403929,2022,9,2022-10-29,20:00,MIZ,SC,23.0,10.0,Home,
cfb_401403927,2022,9,2022-10-29,16:00,ARK,AUB,41.0,27.0,Home,
cfb_401404100,2022,9,2022-10-29,16:00,OU,ISU,27.0,13.0,Home,
cfb_401404154,2022,9,2022-10-29,16:00,BC,CONN,3.0,13.0,Home,
cfb_401411147,2022,9,2022-10-29,16:00,GT,FSU,16.0,41.0,Home,
cfb_401415643,2022,9,2022-10-29,16:00,USF,HOU,27.0,42.0,Home,
cfb_401416630,2022,9,2022-10-29,16:00,TOL,EMU,27.0,24.0,Home,
cfb_401416631,2022,9,2022-10-29,16:00,M-OH,AKR,27.0,9.0,Home,
cfb_401411150,2022,9,2022-10-29,16:30,MIA,UVA,14.0,12.0,Home,
cfb_401426593,2022,9,2022-10-29,18:00,CLT,RICE,56.0,23.0,Home,
cfb_401405123,2022,9,2022-10-29,18:30,RUTG,MINN,0.0,31.0,Home,
cfb_401426361,2022,9,2022-10-29,19:00,ODU,GAST,17.0,31.0,Home,
cfb_401405122,2022,9,2022-10-29,19:30,NU,IOWA,13.0,33.0,Home,
cfb_401409242,2022,9,2022-10-29,19:30,NMSU,MASS,23.0,13.0,Home,
cfb_401415646,2022,9,2022-10-29,19:30,TEM,NAVY,20.0,27.0,Home,
cfb_401415647,2022,9,2022-10-29,19:30,SMU,TLSA,45.0,34.0,Home,
cfb_401426597,2022,9,2022-10-29,19:30,UNT,WKU,40.0,13.0,Home,
cfb_401426363,2022,9,2022-10-29,20:00,USA,ARST,31.0,3.0,Home,
cfb_401415246,2022,9,2022-10-29,23:00,CSU,BOIS,10.0,49.0,Home,
cfb_401426362,2022,9,2022-10-29,23:00,CCU,MRSH,24.0,13.0,Home,
cfb_401426595,2022,9,2022-10-29,23:00,UAB,FAU,17.0,24.0,Home,
cfb_401404023,2022,9,2022-10-29,23:30,ASU,COLO,42.0,34.0,Home,
cfb_401404101,2022,9,2022-10-29,23:30,BAY,TTU,45.0,17.0,Home,
cfb_401404025,2022,9,2022-10-30,02:30,STAN,UCLA,13.0,38.0,Home,
cfb_401411149,2022,9,2022-10-30,00:00,PITT,UNC,24.0,42.0,Home,
cfb_401426596,2022,9,2022-10-30,01:00,MTSU,UTEP,24.0,13.0,Home,
cfb_401415248,2022,9,2022-10-30,02:30,SDSU,FRES,28.0,32.0,Home,
cfb_401415249,2022,9,2022-10-30,02:30,NEV,SJSU,28.0,35.0,Home,
cfb_401415247,2022,9,2022-10-30,03:59,WYO,HAW,27.0,20.0,Home,
cfb_401416632,2022,10,2022-11-01,23:00,BALL,KENT,27.0,20.0,Home,
cfb_401416633,2022,10,2022-11-01,23:30,BUFF,OHIO,24.0,45.0,Home,
cfb_401416634,2022,10,2022-11-02,23:00,CMU,NIU,35.0,22.0,Home,
cfb_401416635,2022,10,2022-11-02,23:00,WMU,BGSU,9.0,13.0,Home,
cfb_401426601,2022,10,2022-11-03,23:00,UTEP,RICE,30.0,37.0,Home,
cfb_401426364,2022,10,2022-11-03,23:30,APP,CCU,28.0,35.0,Home,
cfb_401404155,2022,10,2022-11-04,23:00,MASS,CONN,10.0,27.0,Home,
cfb_401411151,2022,10,2022-11-04,23:00,DUKE,BC,38.0,31.0,Home,
cfb_401404031,2022,10,2022-11-05,02:30,ORST,WASH,21.0,24.0,Home,
cfb_401403933,2022,10,2022-11-05,19:30,TENN,UGA,13.0,27.0,Home,
cfb_401405129,2022,10,2022-11-05,16:00,OSU,NU,21.0,7.0,Home,
cfb_401404130,2022,10,2022-11-05,23:30,CLEM,ND,14.0,35.0,Home,
cfb_401405133,2022,10,2022-11-05,23:30,MICH,RUTG,52.0,17.0,Home,
cfb_401403934,2022,10,2022-11-05,23:00,ALA,LSU,31.0,32.0,Home,
cfb_401404108,2022,10,2022-11-05,16:00,TTU,TCU,24.0,34.0,Home,
cfb_401404030,2022,10,2022-11-05,19:30,ORE,COLO,49.0,10.0,Home,
cfb_401404107,2022,10,2022-11-05,23:00,TEX,KSU,34.0,27.0,Home,
cfb_401404027,2022,10,2022-11-05,23:30,ARIZ,UTAH,20.0,45.0,Home,
cfb_401405132,2022,10,2022-11-05,19:30,PSU,IU,45.0,14.0,Home,
cfb_401405127,2022,10,2022-11-05,19:30,MSU,ILL,23.0,15.0,Home,
cfb_401411156,2022,10,2022-11-05,16:00,UNC,UVA,31.0,28.0,Home,
cfb_401404106,2022,10,2022-11-05,19:30,OKST,KU,16.0,37.0,Home,
cfb_401415649,2022,10,2022-11-05,16:00,TULN,TLSA,27.0,13.0,Home,
cfb_401411155,2022,10,2022-11-05,19:30,SYR,PITT,9.0,19.0,Home,
cfb_401415651,2022,10,2022-11-05,19:30,UCF,MEM,35.0,28.0,Home,
cfb_401404141,2022,10,2022-11-05,15:30,AFA,ARMY,13.0,7.0,Neutral,
cfb_401403936,2022,10,2022-11-05,16:00,UK,MIZ,21.0,17.0,Home,
cfb_401403937,2022,10,2022-11-05,16:00,FLA,TA&M,41.0,24.0,Home,
cfb_401405128,2022,10,2022-11-05,16:00,MINN,NEB,20.0,13.0,Home,
cfb_401405130,2022,10,2022-11-05,16:00,IOWA,PUR,24.0,3.0,Home,
cfb_401405131,2022,10,2022-11-05,16:00,MD,WISC,10.0,23.0,Home,
cfb_401426598,2022,10,2022-11-05,16:00,WKU,CLT,59.0,7.0,Home,
cfb_401411157,2022,10,2022-11-05,16:30,GT,VT,28.0,27.0,Home,
cfb_401415648,2022,10,2022-11-05,18:00,USF,TEM,28.0,54.0,Home,
cfb_401426366,2022,10,2022-11-05,18:00,MRSH,ODU,12.0,0.0,Home,
cfb_401404104,2022,10,2022-11-05,19:00,BAY,OU,38.0,35.0,Home,
cfb_401426369,2022,10,2022-11-05,19:00,GAST,USM,42.0,14.0,Home,
cfb_401426600,2022,10,2022-11-05,19:00,MTSU,LT,24.0,40.0,Home,
cfb_401404032,2022,10,2022-11-05,19:30,WSU,STAN,52.0,14.0,Home,
cfb_401404105,2022,10,2022-11-05,19:30,WVU,ISU,14.0,31.0,Home,
cfb_401415252,2022,10,2022-11-05,19:30,UNM,USU,10.0,27.0,Home,
cfb_401426602,2022,10,2022-11-05,19:30,UTSA,UAB,44.0,38.0,Home,
cfb_401403932,2022,10,2022-11-05,20:00,LIB,ARK,21.0,19.0,Home,
cfb_401415650,2022,10,2022-11-05,20:00,NAVY,CIN,10.0,20.0,Home,
cfb_401426365,2022,10,2022-11-05,20:00,USA,GASO,38.0,31.0,Home,
cfb_401426599,2022,10,2022-11-05,20:00,FIU,UNT,14.0,52.0,Home,
cfb_401426367,2022,10,2022-11-05,21:00,TROY,UL,23.0,17.0,Home,
cfb_401426368,2022,10,2022-11-05,21:00,TXST,ULM,30.0,31.0,Home,
cfb_401415250,2022,10,2022-11-05,23:00,BYU,BOIS,31.0,28.0,Home,
cfb_401415254,2022,10,2022-11-05,23:00,UNLV,SDSU,10.0,14.0,Home,
cfb_401415652,2022,10,2022-11-05,23:00,HOU,SMU,63.0,77.0,Home,
cfb_401403935,2022,10,2022-11-05,23:30,AUB,MSST,33.0,39.0,Home,
cfb_401403938,2022,10,2022-11-05,23:30,SC,VAN,38.0,27.0,Home,
cfb_401411152,2022,10,2022-11-05,23:30,JMU,LOU,10.0,34.0,Home,
cfb_401411153,2022,10,2022-11-05,23:30,FSU,MIA,45.0,3.0,Home,
cfb_401404029,2022,10,2022-11-06,02:30,CAL,USC,35.0,41.0,Home,
cfb_401404028,2022,10,2022-11-06,02:30,UCLA,ASU,50.0,36.0,Home,
cfb_401411154,2022,10,2022-11-06,00:00,WAKE,NCST,21.0,30.0,Home,
cfb_401415251,2022,10,2022-11-06,02:30,CSU,SJSU,16.0,28.0,Home,
cfb_401415253,2022,10,2022-11-06,02:30,HAW,FRES,13.0,55.0,Home,
cfb_401416637,2022,11,2022-11-09,00:00,EMU,AKR,34.0,28.0,Home,
cfb_401416638,2022,11,2022-11-09,00:30,OHIO,M-OH,37.0,21.0,Home,
cfb_401416636,2022,11,2022-11-09,01:00,BALL,TOL,21.0,28.0,Home,
cfb_401416639,2022,11,2022-11-10,00:00,NIU,WMU,24.0,21.0,Home,
cfb_401416640,2022,11,2022-11-10,00:00,BUFF,CMU,27.0,31.0,Home,
cfb_401416641,2022,11,2022-11-10,00:00,KENT,BGSU,40.0,6.0,Home,
cfb_401415653,2022,11,2022-11-11,00:30,TLSA,MEM,10.0,26.0,Home,
cfb_401426370,2022,11,2022-11-11,00:30,GASO,UL,17.0,36.0,Home,
cfb_401404033,2022,11,2022-11-12,02:30,COLO,USC,17.0,55.0,Home,
cfb_401415654,2022,11,2022-11-12,01:00,ECU,CIN,25.0,27.0,Home,
cfb_401415259,2022,11,2022-11-12,03:30,FRES,UNLV,37.0,30.0,Home,
cfb_401405139,2022,11,2022-11-12,17:00,IU,OSU,14.0,56.0,Home,
cfb_401403945,2022,11,2022-11-12,17:00,MIZ,TENN,24.0,66.0,Home,
cfb_401403939,2022,11,2022-11-12,17:00,LSU,ARK,13.0,10.0,Home,
cfb_401403943,2022,11,2022-11-12,20:30,ALA,MISS,30.0,24.0,Home,
cfb_401411158,2022,11,2022-11-12,20:30,LOU,CLEM,16.0,31.0,Home,
cfb_401405140,2022,11,2022-11-12,20:30,MD,PSU,0.0,30.0,Home,
cfb_401411161,2022,11,2022-11-12,20:30,BC,NCST,21.0,20.0,Home,
cfb_401415657,2022,11,2022-11-12,20:30,UCF,TULN,38.0,31.0,Home,
cfb_401404131,2022,11,2022-11-12,17:00,ND,NAVY,35.0,32.0,Neutral,
cfb_401405134,2022,11,2022-11-12,17:00,PUR,ILL,31.0,24.0,Home,
cfb_401403942,2022,11,2022-11-12,17:00,VAN,UK,24.0,21.0,Home,
cfb_401404112,2022,11,2022-11-12,17:00,OU,WVU,20.0,23.0,Home,
cfb_401404156,2022,11,2022-11-12,17:00,LIB,CONN,33.0,36.0,Home,
cfb_401405138,2022,11,2022-11-12,17:00,RUTG,MSU,21.0,27.0,Home,
cfb_401411159,2022,11,2022-11-12,17:00,VT,DUKE,7.0,24.0,Home,
cfb_401411163,2022,11,2022-11-12,17:00,PITT,UVA,37.0,7.0,Home,
cfb_401415656,2022,11,2022-11-12,17:00,SMU,USF,41.0,23.0,Home,
cfb_401426372,2022,11,2022-11-12,18:00,ULM,GAST,31.0,28.0,Home,
cfb_401426374,2022,11,2022-11-12,18:00,JMU,ODU,37.0,3.0,Home,
cfb_401426607,2022,11,2022-11-12,19:00,RICE,WKU,10.0,45.0,Home,
cfb_401414784,2022,11,2022-11-12,20:00,MASS,ARST,33.0,35.0,Home,
cfb_401415655,2022,11,2022-11-12,20:00,TEM,HOU,36.0,43.0,Home,
cfb_401404035,2022,11,2022-11-12,20:30,ASU,WSU,18.0,28.0,Home,
cfb_401404110,2022,11,2022-11-12,20:30,ISU,OKST,14.0,20.0,Home,
cfb_401404142,2022,11,2022-11-12,20:30,ARMY,TROY,9.0,10.0,Home,
cfb_401405135,2022,11,2022-11-12,20:30,WISC,IOWA,10.0,24.0,Home,
cfb_401405136,2022,11,2022-11-12,20:30,NU,MINN,3.0,31.0,Home,
cfb_401405137,2022,11,2022-11-12,20:30,NEB,MICH,3.0,34.0,Home,
cfb_401411160,2022,11,2022-11-12,20:30,MIA,GT,35.0,14.0,Home,
cfb_401415256,2022,11,2022-11-12,20:30,UNM,AFA,3.0,35.0,Home,
cfb_401426373,2022,11,2022-11-12,20:30,APP,MRSH,21.0,28.0,Home,
cfb_401426603,2022,11,2022-11-12,20:30,CLT,MTSU,14.0,24.0,Home,
cfb_401426605,2022,11,2022-11-12,20:30,LT,UTSA,7.0,51.0,Home,
cfb_401426606,2022,11,2022-11-12,20:30,UNT,UAB,21.0,41.0,Home,
cfb_401403941,2022,11,2022-11-12,21:00,SC,FLA,6.0,38.0,Home,
cfb_401426375,2022,11,2022-11-12,22:00,TXST,USA,21.0,38.0,Home,
cfb_401403944,2022,11,2022-11-13,00:00,UGA,MSST,45.0,19.0,Home,
cfb_401404113,2022,11,2022-11-13,00:30,TCU,TEX,17.0,10.0,Home,
cfb_401404037,2022,11,2022-11-13,00:00,WASH,ORE,37.0,34.0,Home,
cfb_401404034,2022,11,2022-11-13,03:30,ARIZ,UCLA,34.0,28.0,Home,
cfb_401404038,2022,11,2022-11-13,03:00,STAN,UTAH,7.0,42.0,Home,
cfb_401411164,2022,11,2022-11-13,00:30,UNC,WAKE,36.0,34.0,Home,
cfb_401404109,2022,11,2022-11-13,00:00,KSU,BAY,31.0,3.0,Home,
cfb_401411162,2022,11,2022-11-13,01:00,FSU,SYR,38.0,3.0,Home,
cfb_401404111,2022,11,2022-11-13,00:00,KU,TTU,28.0,43.0,Home,
cfb_401415258,2022,11,2022-11-13,00:00,WYO,CSU,14.0,13.0,Home,
cfb_401426604,2022,11,2022-11-13,00:00,FAU,FIU,52.0,7.0,Home,
cfb_401403940,2022,11,2022-11-13,00:30,TA&M,AUB,10.0,13.0,Home,
cfb_401426371,2022,11,2022-11-13,00:30,USM,CCU,23.0,26.0,Home,
cfb_401404036,2022,11,2022-11-13,02:00,CAL,ORST,10.0,38.0,Home,
cfb_401415255,2022,11,2022-11-13,03:30,BOIS,NEV,41.0,3.0,Home,
cfb_401415260,2022,11,2022-11-13,03:30,SJSU,SDSU,27.0,43.0,Home,
cfb_401415257,2022,11,2022-11-13,04:00,USU,HAW,41.0,34.0,Home,
cfb_401416642,2022,12,2022-11-16,00:00,BGSU,TOL,42.0,35.0,Home,
cfb_401416643,2022,12,2022-11-16,00:00,OHIO,BALL,32.0,18.0,Home,
cfb_401416644,2022,12,2022-11-16,23:00,EMU,KENT,31.0,24.0,Home,
cfb_401416646,2022,12,2022-11-17,00:00,M-OH,NIU,29.0,23.0,Home,
cfb_401416645,2022,12,2022-11-17,01:00,WMU,CMU,12.0,10.0,Home,
cfb_401415658,2022,12,2022-11-18,00:30,SMU,TULN,24.0,59.0,Home,
cfb_401415659,2022,12,2022-11-19,02:00,USF,TLSA,42.0,48.0,Home,
cfb_401415264,2022,12,2022-11-19,02:45,SDSU,UNM,34.0,10.0,Home,
cfb_401403949,2022,12,2022-11-19,20:30,UGA,UK,16.0,6.0,Home,
cfb_401405144,2022,12,2022-11-19,20:30,OSU,MD,43.0,30.0,Home,
cfb_401405145,2022,12,2022-11-19,17:00,ILL,MICH,17.0,19.0,Home,
cfb_401404114,2022,12,2022-11-19,17:00,TCU,BAY,29.0,28.0,Home,
cfb_401411165,2022,12,2022-11-19,20:30,MIA,CLEM,10.0,40.0,Home,
cfb_401405147,2022,12,2022-11-19,20:30,PSU,RUTG,55.0,10.0,Home,
cfb_401411168,2022,12,2022-11-19,22:30,GT,UNC,21.0,17.0,Home,
cfb_401404117,2022,12,2022-11-19,19:00,KSU,WVU,48.0,31.0,Home,
cfb_401404132,2022,12,2022-11-19,19:30,BC,ND,0.0,44.0,Home,
cfb_401411166,2022,12,2022-11-19,17:00,UL,FSU,17.0,49.0,Home,
cfb_401415661,2022,12,2022-11-19,16:00,NAVY,UCF,17.0,14.0,Home,
cfb_401404040,2022,12,2022-11-19,19:15,ORST,ASU,31.0,7.0,Home,
cfb_401411167,2022,12,2022-11-19,20:30,NCST,LOU,10.0,25.0,Home,
cfb_401415663,2022,12,2022-11-19,21:00,CIN,TEM,23.0,3.0,Home,
cfb_401403954,2022,12,2022-11-19,17:00,MASS,TA&M,3.0,20.0,Home,
cfb_401403955,2022,12,2022-11-19,17:00,FLA,VAN,24.0,31.0,Home,
cfb_401404143,2022,12,2022-11-19,17:00,CONN,ARMY,17.0,34.0,Home,
cfb_401404165,2022,12,2022-11-19,17:00,VT,LIB,23.0,22.0,Home,
cfb_401405142,2022,12,2022-11-19,17:00,WISC,NEB,15.0,14.0,Home,
cfb_401405143,2022,12,2022-11-19,17:00,NU,PUR,9.0,17.0,Home,
cfb_401405146,2022,12,2022-11-19,17:00,IU,MSU,39.0,31.0,Home,
cfb_401411169,2022,12,2022-11-19,17:00,DUKE,PITT,26.0,28.0,Home,
cfb_401426611,2022,12,2022-11-19,18:00,UTSA,RICE,41.0,7.0,Home,
cfb_401404039,2022,12,2022-11-19,19:00,WSU,ARIZ,31.0,20.0,Home,
cfb_401415660,2022,12,2022-11-19,19:00,HOU,ECU,42.0,3.0,Home,
cfb_401426378,2022,12,2022-11-19,19:00,GAST,JMU,40.0,42.0,Home,
cfb_401426376,2022,12,2022-11-19,19:30,ODU,APP,14.0,27.0,Home,
cfb_401404116,2022,12,2022-11-19,20:30,TEX,KU,55.0,14.0,Home,
cfb_401426379,2022,12,2022-11-19,20:30,USA,USM,27.0,20.0,Home,
cfb_401426381,2022,12,2022-11-19,20:30,ULM,TROY,16.0,34.0,Home,
cfb_401426608,2022,12,2022-11-19,20:30,LT,CLT,21.0,26.0,Home,
cfb_401426610,2022,12,2022-11-19,20:30,FAU,MTSU,21.0,49.0,Home,
cfb_401405141,2022,12,2022-11-19,21:00,IOWA,MINN,13.0,10.0,Home,
cfb_401426609,2022,12,2022-11-19,21:00,FIU,UTEP,6.0,40.0,Home,
cfb_401426613,2022,12,2022-11-19,21:00,WKU,AUB,17.0,41.0,Home,
cfb_401426380,2022,12,2022-11-19,22:00,ARST,TXST,13.0,16.0,Home,
cfb_401404041,2022,12,2022-11-19,22:30,STAN,CAL,20.0,27.0,Home,
cfb_401426377,2022,12,2022-11-19,23:00,MRSH,GASO,23.0,10.0,Home,
cfb_401411170,2022,12,2022-11-19,20:30,CCU,UVA,,,Home,
cfb_401416647,2022,12,2022-11-19,20:30,AKR,BUFF,,,Home,
cfb_401403953,2022,12,2022-11-20,00:00,TENN,SC,38.0,63.0,Home,
cfb_401426612,2022,12,2022-11-20,02:00,UAB,LSU,10.0,41.0,Home,
cfb_401404044,2022,12,2022-11-20,01:00,USC,UCLA,48.0,45.0,Home,
cfb_401404043,2022,12,2022-11-20,03:30,UTAH,ORE,17.0,20.0,Home,
cfb_401403947,2022,12,2022-11-20,00:30,MISS,ARK,27.0,42.0,Home,
cfb_401404042,2022,12,2022-11-20,02:00,COLO,WASH,7.0,54.0,Home,
cfb_401404118,2022,12,2022-11-20,00:30,OKST,OU,13.0,28.0,Home,
cfb_401404115,2022,12,2022-11-20,00:00,TTU,ISU,14.0,10.0,Home,
cfb_401415261,2022,12,2022-11-20,00:00,BOIS,WYO,20.0,17.0,Home,
cfb_401403952,2022,12,2022-11-20,00:30,NMSU,MIZ,14.0,45.0,Home,
cfb_401411171,2022,12,2022-11-20,01:00,SYR,WAKE,35.0,45.0,Home,
cfb_401415262,2022,12,2022-11-20,02:00,CSU,AFA,12.0,24.0,Home,
cfb_401415265,2022,12,2022-11-20,02:45,SJSU,USU,31.0,35.0,Home,
cfb_401415263,2022,12,2022-11-20,03:30,FRES,NEV,41.0,14.0,Home,
cfb_401415266,2022,12,2022-11-20,04:00,UNLV,HAW,25.0,31.0,Home,
cfb_401416648,2022,13,2022-11-23,00:00,BALL,M-OH,17.0,18.0,Home,
cfb_401416649,2022,13,2022-11-23,00:00,BGSU,OHIO,14.0,38.0,Home,
cfb_401403956,2022,13,2022-11-25,00:00,MSST,MISS,24.0,22.0,Home,
cfb_401411172,2022,13,2022-11-25,20:30,NCST,UNC,30.0,27.0,Home,
cfb_401404046,2022,13,2022-11-25,21:30,UCLA,CAL,35.0,28.0,Home,
cfb_401415665,2022,13,2022-11-25,17:00,TULN,CIN,27.0,24.0,Home,
cfb_401404119,2022,13,2022-11-25,17:00,BAY,TEX,27.0,38.0,Home,
cfb_401415269,2022,13,2022-11-25,17:00,USU,BOIS,23.0,42.0,Home,
cfb_401416650,2022,13,2022-11-25,17:00,CMU,EMU,19.0,38.0,Home,
cfb_401416651,2022,13,2022-11-25,17:00,TOL,WMU,14.0,20.0,Home,
cfb_401404045,2022,13,2022-11-25,20:00,ASU,ARIZ,35.0,38.0,Home,
cfb_401403961,2022,13,2022-11-25,20:30,ARK,MIZ,27.0,29.0,Home,
cfb_401415268,2022,13,2022-11-25,20:30,UNM,CSU,0.0,17.0,Home,
cfb_401405148,2022,13,2022-11-25,21:00,NEB,IOWA,24.0,17.0,Home,
cfb_401403958,2022,13,2022-11-26,00:30,FLA,FSU,38.0,45.0,Home,
cfb_401415270,2022,13,2022-11-26,03:00,WYO,FRES,0.0,30.0,Home,
cfb_401411176,2022,13,2022-11-26,05:00,UVA,VT,,,Home,
cfb_401403959,2022,13,2022-11-26,17:00,GT,UGA,14.0,37.0,Home,
cfb_401405153,2022,13,2022-11-26,17:00,MICH,OSU,45.0,23.0,Home,
cfb_401404120,2022,13,2022-11-26,21:00,ISU,TCU,14.0,62.0,Home,
cfb_401403957,2022,13,2022-11-26,20:30,AUB,ALA,27.0,49.0,Home,
cfb_401403962,2022,13,2022-11-26,17:00,SC,CLEM,31.0,30.0,Home,
cfb_401404047,2022,13,2022-11-26,20:30,ORE,ORST,34.0,38.0,Home,
cfb_401405154,2022,13,2022-11-26,21:00,MSU,PSU,16.0,35.0,Home,
cfb_401404048,2022,13,2022-11-26,21:00,UTAH,COLO,63.0,21.0,Home,
cfb_401403960,2022,13,2022-11-26,20:00,LOU,UK,13.0,26.0,Home,
cfb_401404123,2022,13,2022-11-26,17:00,WVU,OKST,24.0,19.0,Home,
cfb_401404144,2022,13,2022-11-26,17:00,ARMY,MASS,44.0,7.0,Home,
cfb_401404166,2022,13,2022-11-26,17:00,NMSU,LIB,49.0,14.0,Home,
cfb_401405152,2022,13,2022-11-26,17:00,RUTG,MD,0.0,37.0,Home,
cfb_401426383,2022,13,2022-11-26,17:00,CCU,JMU,7.0,47.0,Home,
cfb_401426389,2022,13,2022-11-26,17:00,ODU,USA,20.0,27.0,Home,
cfb_401426390,2022,13,2022-11-26,17:00,GAST,MRSH,23.0,28.0,Home,
cfb_401426615,2022,13,2022-11-26,17:00,WKU,FAU,32.0,31.0,Home,
cfb_401415664,2022,13,2022-11-26,18:00,ECU,TEM,49.0,46.0,Home,
cfb_401416653,2022,13,2022-11-26,18:00,KENT,BUFF,30.0,27.0,Home,
cfb_401416652,2022,13,2022-11-26,18:30,AKR,NIU,44.0,12.0,Home,
cfb_401426617,2022,13,2022-11-26,19:00,RICE,UNT,17.0,21.0,Home,
cfb_401405149,2022,13,2022-11-26,20:30,ILL,NU,41.0,3.0,Home,
cfb_401405150,2022,13,2022-11-26,20:30,MINN,WISC,23.0,16.0,Home,
cfb_401405151,2022,13,2022-11-26,20:30,PUR,IU,30.0,16.0,Home,
cfb_401411174,2022,13,2022-11-26,20:30,WAKE,DUKE,31.0,34.0,Home,
cfb_401415271,2022,13,2022-11-26,20:30,HAW,SJSU,14.0,27.0,Home,
cfb_401415666,2022,13,2022-11-26,20:30,MEM,SMU,31.0,34.0,Home,
cfb_401426384,2022,13,2022-11-26,20:30,TROY,ARST,48.0,19.0,Home,
cfb_401426616,2022,13,2022-11-26,20:30,UAB,LT,37.0,27.0,Home,
cfb_401426618,2022,13,2022-11-26,20:30,UTEP,UTSA,31.0,34.0,Home,
cfb_401426385,2022,13,2022-11-26,22:00,USM,ULM,20.0,10.0,Home,
cfb_401426386,2022,13,2022-11-26,22:00,UL,TXST,41.0,13.0,Home,
cfb_401415272,2022,13,2022-11-26,23:00,NEV,UNLV,22.0,27.0,Home,
cfb_401426382,2022,13,2022-11-26,23:00,APP,GASO,48.0,51.0,Home,
cfb_401426614,2022,13,2022-11-26,23:00,MTSU,FIU,33.0,28.0,Home,
cfb_401403963,2022,13,2022-11-27,00:00,LSU,TA&M,23.0,38.0,Home,
cfb_401404133,2022,13,2022-11-27,00:30,ND,USC,27.0,38.0,Home,
cfb_401403964,2022,13,2022-11-27,00:30,TENN,VAN,56.0,0.0,Home,
cfb_401404121,2022,13,2022-11-27,01:00,KU,KSU,27.0,47.0,Home,
cfb_401404051,2022,13,2022-11-27,03:30,WASH,WSU,51.0,33.0,Home,
cfb_401415667,2022,13,2022-11-27,00:00,UCF,USF,46.0,39.0,Home,
cfb_401404122,2022,13,2022-11-27,00:30,OU,TTU,48.0,51.0,Home,
cfb_401411173,2022,13,2022-11-27,00:30,SYR,BC,32.0,23.0,Home,
cfb_401415668,2022,13,2022-11-27,00:30,TLSA,HOU,37.0,30.0,Home,
cfb_401411175,2022,13,2022-11-27,01:00,PITT,MIA,42.0,16.0,Home,
cfb_401415267,2022,13,2022-11-27,02:00,AFA,SDSU,13.0,3.0,Home,
cfb_401404049,2022,13,2022-11-27,04:00,BYU,STAN,35.0,26.0,Home,
cfb_401506450,2022,14,2022-12-02,18:00,AKR,BUFF,22.0,23.0,Home,
cfb_401437035,2022,14,2022-12-03,01:00,UTAH,USC,47.0,24.0,Neutral,
cfb_401437032,2022,14,2022-12-03,00:30,UNT,UTSA,27.0,48.0,Home,
cfb_401437036,2022,14,2022-12-03,21:00,LSU,UGA,30.0,50.0,Neutral,
cfb_401437030,2022,14,2022-12-03,17:00,KSU,TCU,31.0,28.0,Neutral,
cfb_401437008,2022,14,2022-12-03,21:00,UCF,TULN,28.0,45.0,Home,
cfb_401437033,2022,14,2022-12-03,17:00,TOL,OHIO,17.0,7.0,Neutral,
cfb_401437037,2022,14,2022-12-03,20:30,CCU,TROY,26.0,45.0,Home,
cfb_401437034,2022,14,2022-12-03,21:00,FRES,BOIS,28.0,16.0,Home,
cfb_401437031,2022,14,2022-12-04,01:00,PUR,MICH,22.0,43.0,Neutral,
cfb_401437009,2022,14,2022-12-04,01:00,CLEM,UNC,39.0,10.0,Neutral,
cfb_401404145,2022,15,2022-12-10,20:00,NAVY,ARMY,17.0,20.0,Neutral,
cfb_401441993,2022,16,2022-12-16,16:30,M-OH,UAB,20.0,24.0,Neutral,
cfb_401441994,2022,16,2022-12-16,20:00,UTSA,TROY,12.0,18.0,Neutral,
cfb_401441999,2022,16,2022-12-17,19:30,FLA,ORST,3.0,30.0,Neutral,
cfb_401441995,2022,16,2022-12-17,16:00,CIN,LOU,7.0,24.0,Neutral,
cfb_401442038,2022,16,2022-12-17,20:30,WSU,FRES,6.0,29.0,Neutral,
cfb_401442041,2022,16,2022-12-17,22:45,RICE,USM,24.0,38.0,Neutral,
cfb_401441997,2022,16,2022-12-18,00:30,SMU,BYU,23.0,24.0,Neutral,
cfb_401442001,2022,16,2022-12-18,02:15,UNT,BOIS,32.0,35.0,Neutral,
cfb_401442003,2022,16,2022-12-19,19:30,MRSH,CONN,28.0,14.0,Neutral,
cfb_401442004,2022,16,2022-12-20,20:30,EMU,SJSU,41.0,27.0,Neutral,
cfb_401442006,2022,16,2022-12-21,00:30,LIB,TOL,19.0,21.0,Neutral,
cfb_401442039,2022,16,2022-12-22,02:00,WKU,USA,44.0,23.0,Neutral,
cfb_401442040,2022,16,2022-12-23,00:30,BAY,AFA,15.0,30.0,Neutral,
cfb_401442042,2022,16,2022-12-23,20:00,UL,HOU,16.0,23.0,Neutral,
cfb_401442007,2022,16,2022-12-23,23:30,WAKE,MIZ,27.0,17.0,Neutral,
cfb_401442009,2022,16,2022-12-25,01:00,MTSU,SDSU,25.0,23.0,Neutral,
cfb_401442037,2022,16,2022-12-26,19:30,NMSU,BGSU,24.0,19.0,Neutral,
cfb_401441998,2022,16,2022-12-27,17:00,GASO,BUFF,21.0,23.0,Neutral,
cfb_401442000,2022,16,2022-12-27,20:15,MEM,USU,38.0,10.0,Neutral,
cfb_401442002,2022,16,2022-12-27,23:45,CCU,ECU,29.0,53.0,Neutral,
cfb_401442005,2022,16,2022-12-28,03:25,WISC,OKST,24.0,17.0,Neutral,
cfb_401442008,2022,16,2022-12-28,19:00,UCF,DUKE,13.0,30.0,Neutral,
cfb_401442030,2022,16,2022-12-28,22:30,KU,ARK,53.0,55.0,Neutral,
cfb_401470891,2022,16,2022-12-29,01:00,ORE,UNC,28.0,27.0,Neutral,
cfb_401442031,2022,16,2022-12-29,02:00,TTU,MISS,42.0,25.0,Neutral,
cfb_401442033,2022,16,2022-12-29,22:30,OU,FSU,32.0,35.0,Neutral,
cfb_401442032,2022,16,2022-12-29,19:00,SYR,MINN,20.0,28.0,Neutral,
cfb_401442034,2022,16,2022-12-30,02:00,TEX,WASH,20.0,27.0,Neutral,
cfb_401442035,2022,16,2022-12-30,17:00,MD,NCST,16.0,12.0,Neutral,
cfb_401443542,2022,16,2022-12-30,19:00,PITT,UCLA,37.0,35.0,Neutral,
cfb_401442036,2022,16,2022-12-30,20:30,ND,SC,45.0,38.0,Neutral,
cfb_401443543,2022,16,2022-12-30,21:30,OHIO,WYO,30.0,27.0,Neutral,
cfb_401442019,2022,16,2022-12-31,01:00,TENN,CLEM,31.0,14.0,Neutral,
cfb_401442016,2022,16,2022-12-31,21:00,TCU,MICH,51.0,45.0,Neutral,
cfb_401442018,2022,16,2022-12-31,17:00,ALA,KSU,45.0,20.0,Neutral,
cfb_401442017,2022,16,2022-12-31,17:00,IOWA,UK,21.0,0.0,Neutral,
cfb_401442015,2022,16,2023-01-01,01:00,OSU,UGA,41.0,42.0,Neutral,
cfb_401442014,2022,16,2023-01-02,22:00,PSU,UTAH,35.0,21.0,Neutral,
cfb_401442013,2022,16,2023-01-02,18:00,TULN,USC,46.0,45.0,Neutral,
cfb_401442012,2022,16,2023-01-02,18:00,LSU,PUR,63.0,7.0,Neutral,
cfb_401442011,2022,16,2023-01-02,17:00,MSST,ILL,19.0,10.0,Neutral,
cfb_401442010,2022,16,2023-01-10,00:30,TCU,UGA,7.0,65.0,Neutral,
cfb_401525434,2023,1,2023-08-26,18:30,NAVY,ND,3.0,42.0,Neutral,
cfb_401520145,2023,1,2023-08-26,21:30,UTEP,JVST,14.0,17.0,Home,
cfb_401525450,2023,1,2023-08-26,23:00,MASS,NMSU,41.0,30.0,Home,
cfb_401532392,2023,1,2023-08-26,23:00,OHIO,SDSU,13.0,20.0,Home,
cfb_401523986,2023,1,2023-08-27,00:00,SJSU,USC,28.0,56.0,Home,
cfb_401520146,2023,1,2023-08-27,01:00,FIU,LT,17.0,22.0,Home,
cfb_401520147,2023,1,2023-08-27,01:10,HAW,VAN,28.0,35.0,Home,
cfb_401525816,2023,1,2023-08-31,23:00,KENT,UCF,6.0,56.0,Home,
cfb_401520174,2023,1,2023-08-31,23:30,NCSU,CONN,24.0,14.0,Home,
cfb_401520176,2023,1,2023-09-01,00:00,FLA,UTAH,11.0,24.0,Home,
cfb_401520148,2023,1,2023-09-01,00:00,NEB,MINN,10.0,13.0,Home,
cfb_401520163,2023,1,2023-09-01,23:00,CMU,MSU,7.0,31.0,Home,
cfb_401525463,2023,1,2023-09-01,23:00,M-OH,MIA,3.0,38.0,Home,
cfb_401525462,2023,1,2023-09-01,23:30,LOU,GT,39.0,34.0,Neutral,
cfb_401523988,2023,1,2023-09-02,03:00,STAN,HAW,37.0,24.0,Home,
cfb_401520162,2023,1,2023-09-02,16:00,ECU,MICH,3.0,30.0,Home,
cfb_401520156,2023,1,2023-09-02,19:30,OSU,IU,23.0,3.0,Home,
cfb_401520149,2023,1,2023-09-02,23:30,MTSU,ALA,7.0,56.0,Home,
cfb_401523996,2023,1,2023-09-02,22:30,NEV,USC,14.0,66.0,Home,
cfb_401520169,2023,1,2023-09-02,23:30,WVU,PSU,15.0,38.0,Home,
cfb_401523997,2023,1,2023-09-02,19:30,BOIS,WASH,19.0,56.0,Home,
cfb_401525824,2023,1,2023-09-02,19:30,RICE,TEX,10.0,37.0,Home,
cfb_401520179,2023,1,2023-09-02,16:00,UVA,TENN,13.0,49.0,Neutral,
cfb_401523994,2023,1,2023-09-02,16:00,COLO,TCU,45.0,42.0,Home,
cfb_401520180,2023,1,2023-09-02,19:30,BUFF,WIS,17.0,38.0,Home,
cfb_401525822,2023,1,2023-09-02,16:00,ARST,OU,0.0,73.0,Home,
cfb_401520167,2023,1,2023-09-02,23:30,UNC,SC,31.0,17.0,Neutral,
cfb_401520173,2023,1,2023-09-02,23:00,UNM,TA&M,10.0,52.0,Home,
cfb_401520157,2023,1,2023-09-02,16:00,USU,IOWA,14.0,24.0,Home,
cfb_401520159,2023,1,2023-09-02,16:00,BALL,UK,14.0,44.0,Home,
cfb_401520160,2023,1,2023-09-02,16:00,BGSU,LIB,24.0,34.0,Home,
cfb_401520170,2023,1,2023-09-02,16:00,FRES,PUR,39.0,35.0,Home,
cfb_401520172,2023,1,2023-09-02,16:00,LT,SMU,14.0,38.0,Home,
cfb_401525464,2023,1,2023-09-02,16:00,NIU,BC,27.0,24.0,Home,
cfb_401531387,2023,1,2023-09-02,18:00,AKR,TEM,21.0,24.0,Home,
cfb_401520151,2023,1,2023-09-02,19:30,MASS,AUB,14.0,59.0,Home,
cfb_401520181,2023,1,2023-09-02,19:30,USF,WKU,24.0,41.0,Home,
cfb_401523991,2023,1,2023-09-02,20:00,CAL,UNT,58.0,21.0,Home,
cfb_401520175,2023,1,2023-09-02,23:00,ARMY,ULM,13.0,17.0,Home,
cfb_401523990,2023,1,2023-09-02,23:00,WSU,CSU,50.0,24.0,Home,
cfb_401525817,2023,1,2023-09-02,23:00,TXST,BAY,42.0,31.0,Home,
cfb_401525819,2023,1,2023-09-02,23:00,UTSA,HOU,14.0,17.0,Home,
cfb_401520155,2023,1,2023-09-02,23:30,TOL,ILL,28.0,30.0,Home,
cfb_401531347,2023,1,2023-09-03,00:00,USA,TULN,17.0,37.0,Home,
cfb_401525467,2023,1,2023-09-03,00:00,ODU,VT,17.0,36.0,Home,
cfb_401525825,2023,1,2023-09-03,00:50,TTU,WYO,33.0,35.0,Home,
cfb_401520152,2023,1,2023-09-03,02:15,SHSU,BYU,0.0,14.0,Home,
cfb_401523995,2023,1,2023-09-03,02:30,CCU,UCLA,13.0,27.0,Home,
cfb_401520182,2023,1,2023-09-03,23:30,LSU,FSU,24.0,45.0,Neutral,
cfb_401532573,2023,1,2023-09-03,19:30,ORST,SJSU,42.0,17.0,Home,
cfb_401520171,2023,1,2023-09-03,16:00,NU,RUTG,7.0,24.0,Home,
cfb_401525468,2023,1,2023-09-05,00:00,CLEM,DUKE,7.0,28.0,Home,
cfb_401520195,2023,2,2023-09-08,23:30,ILL,KU,23.0,34.0,Home,
cfb_401520191,2023,2,2023-09-09,16:00,BALL,UGA,3.0,45.0,Home,
cfb_401520202,2023,2,2023-09-09,19:30,UNLV,MICH,7.0,35.0,Home,
cfb_401520183,2023,2,2023-09-09,23:00,TEX,ALA,34.0,24.0,Home,
cfb_401524004,2023,2,2023-09-09,21:00,TLSA,WASH,10.0,43.0,Home,
cfb_401525436,2023,2,2023-09-09,16:00,ND,NCSU,45.0,24.0,Home,
cfb_401523999,2023,2,2023-09-09,16:00,UTAH,BAY,20.0,13.0,Home,
cfb_401524002,2023,2,2023-09-09,23:00,ORE,TTU,38.0,30.0,Home,
cfb_401525829,2023,2,2023-09-09,16:00,TROY,KSU,13.0,42.0,Home,
cfb_401525495,2023,2,2023-09-09,21:15,APP,UNC,34.0,40.0,Home,
cfb_401525830,2023,2,2023-09-09,22:00,SMU,OU,11.0,28.0,Home,
cfb_401520217,2023,2,2023-09-09,23:30,WIS,WSU,22.0,31.0,Home,
cfb_401520214,2023,2,2023-09-09,19:30,MISS,TULN,37.0,20.0,Home,
cfb_401520188,2023,2,2023-09-09,16:00,NEB,COLO,14.0,36.0,Home,
cfb_401520201,2023,2,2023-09-09,19:30,TA&M,MIA,33.0,48.0,Home,
cfb_401520216,2023,2,2023-09-09,15:00,VAN,WAKE,20.0,36.0,Home,
cfb_401520215,2023,2,2023-09-09,16:00,PUR,VT,24.0,17.0,Home,
cfb_401525498,2023,2,2023-09-09,16:00,JMU,UVA,36.0,35.0,Home,
cfb_401520194,2023,2,2023-09-09,19:30,IOWA,ISU,20.0,13.0,Home,
cfb_401520207,2023,2,2023-09-09,19:30,UTEP,NU,7.0,38.0,Home,
cfb_401525497,2023,2,2023-09-09,19:30,WMU,SYR,7.0,48.0,Home,
cfb_401526833,2023,2,2023-09-09,19:30,M-OH,MASS,41.0,28.0,Home,
cfb_401531395,2023,2,2023-09-09,19:30,TXST,UTSA,13.0,20.0,Home,
cfb_401520184,2023,2,2023-09-09,20:00,KENT,ARK,6.0,28.0,Home,
cfb_401531411,2023,2,2023-09-09,20:00,MRSH,ECU,31.0,13.0,Home,
cfb_401520198,2023,2,2023-09-09,22:00,NMSU,LIB,17.0,33.0,Home,
cfb_401531378,2023,2,2023-09-09,22:00,UAB,GASO,35.0,49.0,Home,
cfb_401531419,2023,2,2023-09-09,22:00,OHIO,FAU,17.0,10.0,Home,
cfb_401531842,2023,2,2023-09-09,22:00,UL,ODU,31.0,38.0,Home,
cfb_401520189,2023,2,2023-09-09,22:30,UNT,FIU,39.0,46.0,Home,
cfb_401525496,2023,2,2023-09-09,22:30,CIN,PITT,27.0,21.0,Home,
cfb_401520187,2023,2,2023-09-09,23:00,JVST,CCU,16.0,30.0,Home,
cfb_401520192,2023,2,2023-09-09,23:00,CONN,GAST,14.0,35.0,Home,
cfb_401520206,2023,2,2023-09-09,23:00,MTSU,MIZ,19.0,23.0,Home,
cfb_401525827,2023,2,2023-09-09,23:00,UCF,BOIS,18.0,16.0,Home,
cfb_401525831,2023,2,2023-09-09,23:00,HOU,RICE,41.0,43.0,Home,
cfb_401531427,2023,2,2023-09-09,23:00,MEM,ARST,37.0,3.0,Home,
cfb_401520200,2023,2,2023-09-09,23:30,CLT,MD,20.0,38.0,Home,
cfb_401520204,2023,2,2023-09-09,23:30,EMU,MINN,6.0,25.0,Home,
cfb_401520205,2023,2,2023-09-09,23:30,ARIZ,MSST,24.0,31.0,Home,
cfb_401520210,2023,2,2023-09-09,23:30,TEM,RUTG,7.0,36.0,Home,
cfb_401524001,2023,2,2023-09-09,23:30,UCLA,SDSU,35.0,10.0,Home,
cfb_401525493,2023,2,2023-09-10,00:30,USM,FSU,13.0,66.0,Home,
cfb_401524003,2023,2,2023-09-10,02:30,STAN,USC,10.0,56.0,Home,
cfb_401520211,2023,2,2023-09-10,00:00,AFA,SHSU,13.0,3.0,Neutral,
cfb_401520186,2023,2,2023-09-10,02:30,AUB,CAL,14.0,10.0,Home,
cfb_401523998,2023,2,2023-09-10,02:30,OKST,ASU,27.0,15.0,Home,
cfb_401531428,2023,3,2023-09-14,23:30,NAVY,MEM,24.0,28.0,Home,
cfb_401520231,2023,3,2023-09-15,23:00,UVA,MD,14.0,42.0,Home,
cfb_401531396,2023,3,2023-09-15,23:00,ARMY,UTSA,37.0,29.0,Home,
cfb_401532581,2023,3,2023-09-16,00:00,USU,AFA,21.0,39.0,Home,
cfb_401520225,2023,3,2023-09-16,19:30,SC,UGA,14.0,24.0,Home,
cfb_401520232,2023,3,2023-09-16,23:30,BGSU,MICH,6.0,31.0,Home,
cfb_401525500,2023,3,2023-09-16,16:00,FSU,BC,31.0,29.0,Home,
cfb_401520240,2023,3,2023-09-16,20:00,WKU,OSU,10.0,63.0,Home,
cfb_401520226,2023,3,2023-09-16,16:00,PSU,ILL,30.0,13.0,Home,
cfb_401520233,2023,3,2023-09-16,21:00,WASH,MSU,41.0,7.0,Home,
cfb_401525437,2023,3,2023-09-16,18:30,CMU,ND,17.0,41.0,Home,
cfb_401520244,2023,3,2023-09-16,19:30,ALA,USF,17.0,3.0,Home,
cfb_401520224,2023,3,2023-09-16,23:00,TENN,FLA,16.0,29.0,Home,
cfb_401520235,2023,3,2023-09-16,16:00,LSU,MSST,41.0,14.0,Home,
cfb_401520236,2023,3,2023-09-16,16:00,KSU,MIZ,27.0,30.0,Home,
cfb_401524009,2023,3,2023-09-16,19:30,SDSU,ORST,9.0,26.0,Home,
cfb_401520241,2023,3,2023-09-16,23:30,GT,MISS,23.0,48.0,Home,
cfb_401525842,2023,3,2023-09-16,19:30,OU,TLSA,66.0,17.0,Home,
cfb_401520239,2023,3,2023-09-16,19:30,MINN,UNC,13.0,31.0,Home,
cfb_401520223,2023,3,2023-09-16,19:30,NU,DUKE,14.0,38.0,Home,
cfb_401520227,2023,3,2023-09-16,19:30,WMU,IOWA,10.0,41.0,Home,
cfb_401520222,2023,3,2023-09-16,16:00,LIB,BUFF,55.0,27.0,Home,
cfb_401520230,2023,3,2023-09-16,16:00,LOU,IU,21.0,14.0,Neutral,
cfb_401520249,2023,3,2023-09-16,16:00,GASO,WIS,14.0,35.0,Home,
cfb_401525504,2023,3,2023-09-16,16:00,WAKE,ODU,27.0,24.0,Home,
cfb_401525838,2023,3,2023-09-16,16:00,ISU,OHIO,7.0,10.0,Home,
cfb_401526834,2023,3,2023-09-16,18:00,MASS,EMU,17.0,19.0,Home,
cfb_401520243,2023,3,2023-09-16,19:30,VT,RUTG,16.0,35.0,Home,
cfb_401520246,2023,3,2023-09-16,19:30,FIU,CONN,24.0,17.0,Home,
cfb_401531412,2023,3,2023-09-16,19:30,ECU,APP,28.0,43.0,Home,
cfb_401520245,2023,3,2023-09-16,20:00,ULM,TA&M,3.0,47.0,Home,
cfb_401531348,2023,3,2023-09-16,20:00,TULN,USM,21.0,3.0,Home,
cfb_401531403,2023,3,2023-09-16,22:00,GAST,CLT,41.0,25.0,Home,
cfb_401520229,2023,3,2023-09-16,23:00,UNT,LT,40.0,37.0,Home,
cfb_401520237,2023,3,2023-09-16,23:00,NIU,NEB,11.0,35.0,Home,
cfb_401520247,2023,3,2023-09-16,23:00,VAN,UNLV,37.0,40.0,Home,
cfb_401525835,2023,3,2023-09-16,23:00,M-OH,CIN,31.0,24.0,Home,
cfb_401525839,2023,3,2023-09-16,23:00,USA,OKST,33.0,7.0,Home,
cfb_401531379,2023,3,2023-09-16,23:00,UL,UAB,41.0,21.0,Home,
cfb_401531848,2023,3,2023-09-16,23:00,JMU,TROY,16.0,14.0,Home,
cfb_401532403,2023,3,2023-09-16,23:00,SJSU,TOL,17.0,21.0,Home,
cfb_401520220,2023,3,2023-09-16,23:30,BYU,ARK,38.0,31.0,Home,
cfb_401520228,2023,3,2023-09-16,23:30,AKR,UK,3.0,35.0,Home,
cfb_401520242,2023,3,2023-09-16,23:30,SYR,PUR,35.0,20.0,Home,
cfb_401525503,2023,3,2023-09-16,23:30,PITT,WVU,6.0,17.0,Home,
cfb_401525840,2023,3,2023-09-17,00:00,WYO,TEX,10.0,31.0,Home,
cfb_401524008,2023,3,2023-09-17,00:00,HAW,ORE,10.0,55.0,Home,
cfb_401524007,2023,3,2023-09-17,02:00,CSU,COLO,35.0,43.0,Home,
cfb_401520238,2023,3,2023-09-17,00:00,NMSU,UNM,27.0,17.0,Home,
cfb_401525501,2023,3,2023-09-17,00:00,FAU,CLEM,14.0,48.0,Home,
cfb_401525836,2023,3,2023-09-17,00:00,TCU,HOU,36.0,13.0,Home,
cfb_401524005,2023,3,2023-09-17,02:30,FRES,ASU,29.0,0.0,Home,
cfb_401525837,2023,3,2023-09-17,02:30,KU,NEV,31.0,24.0,Home,
cfb_401520219,2023,3,2023-09-17,03:00,UTEP,ARIZ,10.0,31.0,Home,
cfb_401531849,2023,4,2023-09-21,23:30,GAST,CCU,30.0,17.0,Home,
cfb_401520266,2023,4,2023-09-22,23:00,WIS,PUR,38.0,17.0,Home,
cfb_401525505,2023,4,2023-09-22,23:30,NCSU,UVA,24.0,21.0,Home,
cfb_401532583,2023,4,2023-09-23,02:30,BOIS,SDSU,34.0,31.0,Home,
cfb_401532584,2023,4,2023-09-23,02:30,AFA,SJSU,45.0,20.0,Home,
cfb_401520252,2023,4,2023-09-23,23:30,UAB,UGA,21.0,49.0,Home,
cfb_401520260,2023,4,2023-09-23,16:00,RUTG,MICH,7.0,31.0,Home,
cfb_401525844,2023,4,2023-09-23,23:30,TEX,BAY,38.0,6.0,Home,
cfb_401525507,2023,4,2023-09-23,16:00,FSU,CLEM,31.0,24.0,Home,
cfb_401521330,2023,4,2023-09-23,23:30,OSU,ND,17.0,14.0,Home,
cfb_401520265,2023,4,2023-09-23,23:30,IOWA,PSU,0.0,31.0,Home,
cfb_401524015,2023,4,2023-09-23,19:30,COLO,ORE,6.0,42.0,Home,
cfb_401524017,2023,4,2023-09-23,19:30,UCLA,UTAH,7.0,14.0,Home,
cfb_401520258,2023,4,2023-09-23,23:00,ARK,LSU,31.0,34.0,Home,
cfb_401520250,2023,4,2023-09-23,19:30,MISS,ALA,10.0,24.0,Home,
cfb_401524019,2023,4,2023-09-23,23:00,ORST,WSU,35.0,38.0,Home,
cfb_401525845,2023,4,2023-09-23,16:00,OU,CIN,20.0,6.0,Home,
cfb_401520272,2023,4,2023-09-23,19:30,DUKE,CONN,41.0,7.0,Home,
cfb_401525509,2023,4,2023-09-23,19:30,MIA,TEM,41.0,7.0,Home,
cfb_401520269,2023,4,2023-09-23,20:00,UTSA,TENN,14.0,45.0,Home,
cfb_401520251,2023,4,2023-09-23,23:00,CLT,FLA,7.0,22.0,Home,
cfb_401520268,2023,4,2023-09-23,16:00,ARMY,SYR,16.0,29.0,Home,
cfb_401520270,2023,4,2023-09-23,16:00,AUB,TA&M,10.0,27.0,Home,
cfb_401520271,2023,4,2023-09-23,16:00,WKU,TROY,24.0,27.0,Home,
cfb_401520274,2023,4,2023-09-23,16:00,UK,VAN,45.0,28.0,Home,
cfb_401525511,2023,4,2023-09-23,16:00,VT,MRSH,17.0,24.0,Home,
cfb_401525849,2023,4,2023-09-23,16:00,SMU,TCU,17.0,34.0,Home,
cfb_401531338,2023,4,2023-09-23,16:00,TLSA,NIU,22.0,14.0,Home,
cfb_401532406,2023,4,2023-09-23,17:30,WMU,TOL,31.0,49.0,Home,
cfb_401531871,2023,4,2023-09-23,18:00,GASO,BALL,40.0,3.0,Home,
cfb_401520255,2023,4,2023-09-23,19:30,FAU,ILL,17.0,23.0,Home,
cfb_401520261,2023,4,2023-09-23,19:30,MD,MSU,31.0,9.0,Home,
cfb_401520263,2023,4,2023-09-23,19:30,LT,NEB,14.0,28.0,Home,
cfb_401525506,2023,4,2023-09-23,19:30,BC,LOU,28.0,56.0,Home,
cfb_401525847,2023,4,2023-09-23,19:30,BYU,KU,27.0,38.0,Home,
cfb_401525850,2023,4,2023-09-23,19:30,TTU,WVU,13.0,20.0,Home,
cfb_401526835,2023,4,2023-09-23,19:30,UNM,MASS,34.0,31.0,Home,
cfb_401532405,2023,4,2023-09-23,19:30,OHIO,BGSU,38.0,7.0,Home,
cfb_401525846,2023,4,2023-09-23,20:00,OKST,ISU,27.0,34.0,Home,
cfb_401531423,2023,4,2023-09-23,20:00,RICE,USF,29.0,42.0,Home,
cfb_401520257,2023,4,2023-09-23,21:00,EMU,JVST,0.0,21.0,Home,
cfb_401531876,2023,4,2023-09-23,21:00,CMU,USA,34.0,30.0,Home,
cfb_401520275,2023,4,2023-09-23,22:30,LIB,FIU,38.0,6.0,Home,
cfb_401525508,2023,4,2023-09-23,22:30,GT,WAKE,30.0,16.0,Home,
cfb_401520254,2023,4,2023-09-23,23:00,SHSU,HOU,7.0,38.0,Home,
cfb_401520262,2023,4,2023-09-23,23:00,CSU,MTSU,31.0,23.0,Home,
cfb_401524016,2023,4,2023-09-23,23:00,ARIZ,STAN,21.0,20.0,Home,
cfb_401531870,2023,4,2023-09-23,23:00,APP,WYO,19.0,22.0,Home,
cfb_401531874,2023,4,2023-09-23,23:00,USM,ARST,37.0,44.0,Home,
cfb_401531877,2023,4,2023-09-23,23:00,NEV,TXST,24.0,35.0,Home,
cfb_401520256,2023,4,2023-09-23,23:30,AKR,IU,27.0,29.0,Home,
cfb_401520259,2023,4,2023-09-23,23:30,MEM,MIZ,27.0,34.0,Neutral,
cfb_401520264,2023,4,2023-09-23,23:30,MINN,NU,34.0,37.0,Home,
cfb_401520267,2023,4,2023-09-23,23:30,MSST,SC,30.0,37.0,Home,
cfb_401531875,2023,4,2023-09-23,23:30,BUFF,UL,38.0,45.0,Home,
cfb_401524014,2023,4,2023-09-24,02:45,USC,ASU,42.0,28.0,Home,
cfb_401524018,2023,4,2023-09-24,02:30,CAL,WASH,32.0,59.0,Home,
cfb_401525510,2023,4,2023-09-24,00:00,UNC,PITT,41.0,24.0,Home,
cfb_401525848,2023,4,2023-09-24,00:00,UCF,KSU,31.0,44.0,Home,
cfb_401531872,2023,4,2023-09-24,00:00,JMU,USU,45.0,38.0,Home,
cfb_401520273,2023,4,2023-09-24,01:00,UNLV,UTEP,45.0,28.0,Home,
cfb_401532407,2023,4,2023-09-24,02:30,KENT,FRES,10.0,53.0,Home,
cfb_401520253,2023,4,2023-09-24,03:59,NMSU,HAW,17.0,20.0,Home,
cfb_401520277,2023,5,2023-09-28,23:30,MTSU,WKU,10.0,31.0,Home,
cfb_401531339,2023,5,2023-09-28,23:30,TEM,TLSA,26.0,48.0,Home,
cfb_401520276,2023,5,2023-09-29,00:00,JVST,SHSU,35.0,28.0,Home,
cfb_401525512,2023,5,2023-09-29,23:00,LOU,NCSU,13.0,10.0,Home,
cfb_401524020,2023,5,2023-09-30,01:00,UTAH,ORST,7.0,21.0,Home,
cfb_401520278,2023,5,2023-09-30,01:00,LT,UTEP,24.0,10.0,Home,
cfb_401525851,2023,5,2023-09-30,02:15,CIN,BYU,27.0,35.0,Home,
cfb_401520280,2023,5,2023-09-30,19:30,UGA,AUB,27.0,20.0,Home,
cfb_401520286,2023,5,2023-09-30,19:30,MICH,NEB,45.0,7.0,Home,
cfb_401525854,2023,5,2023-09-30,19:30,KU,TEX,14.0,40.0,Home,
cfb_401520287,2023,5,2023-09-30,16:00,PSU,NU,41.0,13.0,Home,
cfb_401524023,2023,5,2023-09-30,16:00,USC,COLO,48.0,41.0,Home,
cfb_401524024,2023,5,2023-09-30,22:30,ORE,STAN,42.0,6.0,Home,
cfb_401525438,2023,5,2023-09-30,23:30,ND,DUKE,21.0,14.0,Home,
cfb_401520288,2023,5,2023-09-30,22:00,LSU,MISS,49.0,55.0,Home,
cfb_401525852,2023,5,2023-09-30,23:00,ISU,OU,20.0,50.0,Home,
cfb_401520291,2023,5,2023-09-30,23:30,SC,TENN,20.0,41.0,Home,
cfb_401520282,2023,5,2023-09-30,16:00,FLA,UK,14.0,33.0,Home,
cfb_401520293,2023,5,2023-09-30,20:00,MIZ,VAN,38.0,21.0,Home,
cfb_401520279,2023,5,2023-09-30,16:00,TA&M,ARK,34.0,22.0,Neutral,
cfb_401520284,2023,5,2023-09-30,16:00,UL,MINN,24.0,35.0,Home,
cfb_401520292,2023,5,2023-09-30,16:00,USU,CONN,34.0,33.0,Home,
cfb_401525514,2023,5,2023-09-30,16:00,CLEM,SYR,31.0,14.0,Home,
cfb_401531370,2023,5,2023-09-30,16:00,UAB,TULN,23.0,35.0,Home,
cfb_401531880,2023,5,2023-09-30,16:00,USA,JMU,23.0,31.0,Home,
cfb_401532412,2023,5,2023-09-30,16:00,BUFF,AKR,13.0,10.0,Home,
cfb_401532410,2023,5,2023-09-30,17:30,EMU,CMU,23.0,26.0,Home,
cfb_401525513,2023,5,2023-09-30,18:00,UVA,BC,24.0,27.0,Home,
cfb_401532413,2023,5,2023-09-30,18:30,M-OH,KENT,23.0,3.0,Home,
cfb_401524022,2023,5,2023-09-30,19:00,ASU,CAL,21.0,24.0,Home,
cfb_401520283,2023,5,2023-09-30,19:30,IU,MD,17.0,44.0,Home,
cfb_401520289,2023,5,2023-09-30,19:30,ILL,PUR,19.0,44.0,Home,
cfb_401525515,2023,5,2023-09-30,19:30,BGSU,GT,38.0,27.0,Home,
cfb_401525855,2023,5,2023-09-30,19:30,HOU,TTU,28.0,49.0,Home,
cfb_401525856,2023,5,2023-09-30,19:30,BAY,UCF,36.0,35.0,Home,
cfb_401526836,2023,5,2023-09-30,19:30,ARST,MASS,52.0,28.0,Home,
cfb_401531424,2023,5,2023-09-30,19:30,USF,NAVY,44.0,30.0,Home,
cfb_401531881,2023,5,2023-09-30,19:30,ODU,MRSH,35.0,41.0,Home,
cfb_401532409,2023,5,2023-09-30,19:30,BALL,WMU,24.0,42.0,Home,
cfb_401532411,2023,5,2023-09-30,19:30,NIU,TOL,33.0,35.0,Home,
cfb_401531429,2023,5,2023-09-30,20:00,BOIS,MEM,32.0,35.0,Home,
cfb_401532586,2023,5,2023-09-30,20:00,HAW,UNLV,20.0,44.0,Home,
cfb_401532588,2023,5,2023-09-30,20:00,UNM,WYO,26.0,35.0,Home,
cfb_401531414,2023,5,2023-09-30,23:00,ECU,RICE,17.0,24.0,Home,
cfb_401531878,2023,5,2023-09-30,23:00,CCU,GASO,28.0,38.0,Home,
cfb_401531879,2023,5,2023-09-30,23:00,TROY,GAST,28.0,7.0,Home,
cfb_401531883,2023,5,2023-09-30,23:00,TXST,USM,50.0,36.0,Home,
cfb_401520281,2023,5,2023-09-30,23:30,MSU,IOWA,16.0,26.0,Home,
cfb_401531404,2023,5,2023-09-30,23:30,CLT,SMU,16.0,34.0,Home,
cfb_401524021,2023,5,2023-10-01,02:00,WASH,ARIZ,31.0,24.0,Home,
cfb_401520285,2023,5,2023-10-01,01:00,ALA,MSST,40.0,17.0,Home,
cfb_401532587,2023,5,2023-10-01,02:30,NEV,FRES,9.0,27.0,Home,
cfb_401525516,2023,5,2023-10-01,00:00,PITT,VT,21.0,38.0,Home,
cfb_401525853,2023,5,2023-10-01,00:00,WVU,TCU,24.0,21.0,Home,
cfb_401531882,2023,5,2023-10-01,00:00,APP,ULM,41.0,40.0,Home,
cfb_401532589,2023,5,2023-10-01,00:00,SDSU,AFA,10.0,49.0,Home,
cfb_401520294,2023,6,2023-10-05,00:00,JVST,MTSU,45.0,30.0,Home,
cfb_401520297,2023,6,2023-10-05,01:00,FIU,NMSU,17.0,34.0,Home,
cfb_401520296,2023,6,2023-10-05,23:00,SHSU,LIB,16.0,21.0,Home,
cfb_401520295,2023,6,2023-10-06,00:00,WKU,LT,35.0,28.0,Home,
cfb_401525857,2023,6,2023-10-06,23:30,KSU,OKST,21.0,29.0,Home,
cfb_401520301,2023,6,2023-10-07,00:00,NEB,ILL,20.0,7.0,Home,
cfb_401520300,2023,6,2023-10-07,23:00,UK,UGA,13.0,51.0,Home,
cfb_401520303,2023,6,2023-10-07,23:30,MICH,MINN,52.0,10.0,Home,
cfb_401525861,2023,6,2023-10-07,16:00,OU,TEX,34.0,30.0,Neutral,
cfb_401520307,2023,6,2023-10-07,16:00,MD,OSU,17.0,37.0,Home,
cfb_401525518,2023,6,2023-10-07,19:30,VT,FSU,17.0,39.0,Home,
cfb_401525439,2023,6,2023-10-07,23:37,ND,LOU,20.0,33.0,Home,
cfb_401520310,2023,6,2023-10-07,19:30,ALA,TA&M,26.0,20.0,Home,
cfb_401524028,2023,6,2023-10-07,19:00,WSU,UCLA,17.0,25.0,Home,
cfb_401525520,2023,6,2023-10-07,19:30,SYR,UNC,7.0,40.0,Home,
cfb_401520308,2023,6,2023-10-07,23:30,ARK,MISS,20.0,27.0,Home,
cfb_401520305,2023,6,2023-10-07,16:00,LSU,MIZ,49.0,39.0,Home,
cfb_401520298,2023,6,2023-10-07,16:00,BC,ARMY,27.0,24.0,Home,
cfb_401520304,2023,6,2023-10-07,16:00,WMU,MSST,28.0,41.0,Home,
cfb_401520311,2023,6,2023-10-07,16:00,RUTG,WIS,13.0,24.0,Home,
cfb_401526837,2023,6,2023-10-07,16:00,TOL,MASS,41.0,24.0,Home,
cfb_401525521,2023,6,2023-10-07,18:00,MRSH,NCSU,41.0,48.0,Home,
cfb_401531389,2023,6,2023-10-07,18:00,UTSA,TEM,49.0,34.0,Home,
cfb_401532415,2023,6,2023-10-07,18:00,CMU,BUFF,13.0,37.0,Home,
cfb_401520302,2023,6,2023-10-07,19:30,PUR,IOWA,14.0,20.0,Home,
cfb_401525517,2023,6,2023-10-07,19:30,WAKE,CLEM,12.0,17.0,Home,
cfb_401531433,2023,6,2023-10-07,19:30,UNT,NAVY,24.0,27.0,Home,
cfb_401531884,2023,6,2023-10-07,19:30,TXST,UL,30.0,34.0,Home,
cfb_401532414,2023,6,2023-10-07,19:30,BALL,EMU,10.0,24.0,Home,
cfb_401532416,2023,6,2023-10-07,19:30,BGSU,M-OH,0.0,27.0,Home,
cfb_401532417,2023,6,2023-10-07,19:30,KENT,OHIO,17.0,42.0,Home,
cfb_401532418,2023,6,2023-10-07,19:30,NIU,AKR,55.0,14.0,Home,
cfb_401520299,2023,6,2023-10-07,20:00,VAN,FLA,14.0,38.0,Home,
cfb_401525860,2023,6,2023-10-07,20:00,UCF,KU,22.0,51.0,Home,
cfb_401531380,2023,6,2023-10-07,20:00,USF,UAB,35.0,56.0,Home,
cfb_401531887,2023,6,2023-10-07,20:00,ARST,TROY,3.0,37.0,Home,
cfb_401520309,2023,6,2023-10-07,21:00,CONN,RICE,38.0,31.0,Home,
cfb_401531340,2023,6,2023-10-07,22:00,TLSA,FAU,17.0,20.0,Home,
cfb_401524026,2023,6,2023-10-07,22:30,COLO,ASU,27.0,24.0,Home,
cfb_401531885,2023,6,2023-10-07,23:00,USA,ULM,55.0,7.0,Home,
cfb_401531886,2023,6,2023-10-07,23:00,ODU,USM,17.0,13.0,Home,
cfb_401524025,2023,6,2023-10-08,02:30,ARIZ,USC,41.0,43.0,Home,
cfb_401524027,2023,6,2023-10-08,02:00,ORST,CAL,52.0,40.0,Home,
cfb_401525519,2023,6,2023-10-08,00:00,GT,MIA,23.0,20.0,Home,
cfb_401532591,2023,6,2023-10-08,00:00,FRES,WYO,19.0,24.0,Home,
cfb_401525858,2023,6,2023-10-08,00:00,TTU,BAY,39.0,14.0,Home,
cfb_401525859,2023,6,2023-10-08,00:00,TCU,ISU,14.0,27.0,Home,
cfb_401532590,2023,6,2023-10-08,00:00,CSU,USU,24.0,44.0,Home,
cfb_401532592,2023,6,2023-10-08,00:00,SJSU,BOIS,27.0,35.0,Home,
cfb_401520313,2023,7,2023-10-10,23:00,LT,MTSU,23.0,31.0,Home,
cfb_401520312,2023,7,2023-10-10,23:30,LIB,JVST,31.0,13.0,Home,
cfb_401531888,2023,7,2023-10-10,23:30,CCU,APP,27.0,24.0,Home,
cfb_401520314,2023,7,2023-10-11,23:30,UTEP,FIU,27.0,14.0,Home,
cfb_401520315,2023,7,2023-10-12,01:00,SHSU,NMSU,13.0,27.0,Home,
cfb_401525862,2023,7,2023-10-12,23:00,WVU,HOU,39.0,41.0,Home,
cfb_401531415,2023,7,2023-10-12,23:30,SMU,ECU,31.0,10.0,Home,
cfb_401531371,2023,7,2023-10-13,23:00,TULN,MEM,31.0,21.0,Home,
cfb_401532594,2023,7,2023-10-14,00:00,FRES,USU,37.0,32.0,Home,
cfb_401524029,2023,7,2023-10-14,02:00,STAN,COLO,46.0,43.0,Home,
cfb_401520327,2023,7,2023-10-14,16:00,UGA,VAN,37.0,20.0,Home,
cfb_401520321,2023,7,2023-10-14,16:00,IU,MICH,7.0,52.0,Home,
cfb_401520323,2023,7,2023-10-14,16:00,OSU,PUR,41.0,7.0,Home,
cfb_401525524,2023,7,2023-10-14,16:00,SYR,FSU,3.0,41.0,Home,
cfb_401520322,2023,7,2023-10-14,19:30,MASS,PSU,0.0,63.0,Home,
cfb_401524034,2023,7,2023-10-14,19:30,ORE,WASH,33.0,36.0,Home,
cfb_401524031,2023,7,2023-10-14,23:30,USC,ND,20.0,48.0,Home,
cfb_401520316,2023,7,2023-10-14,16:00,ARK,ALA,21.0,24.0,Home,
cfb_401525526,2023,7,2023-10-14,23:30,MIA,UNC,31.0,41.0,Home,
cfb_401525525,2023,7,2023-10-14,22:30,LOU,PITT,21.0,38.0,Home,
cfb_401524033,2023,7,2023-10-14,19:00,CAL,UTAH,14.0,34.0,Home,
cfb_401520326,2023,7,2023-10-14,19:30,TA&M,TENN,13.0,20.0,Home,
cfb_401524030,2023,7,2023-10-14,23:00,ARIZ,WSU,44.0,6.0,Home,
cfb_401520319,2023,7,2023-10-14,23:00,AUB,LSU,18.0,48.0,Home,
cfb_401525864,2023,7,2023-10-14,19:30,KU,OKST,32.0,39.0,Home,
cfb_401520318,2023,7,2023-10-14,23:30,MIZ,UK,38.0,21.0,Home,
cfb_401520324,2023,7,2023-10-14,16:00,MSU,RUTG,24.0,27.0,Home,
cfb_401525863,2023,7,2023-10-14,16:00,ISU,CIN,30.0,10.0,Home,
cfb_401531390,2023,7,2023-10-14,16:00,TEM,UNT,14.0,45.0,Home,
cfb_401531890,2023,7,2023-10-14,16:00,GASO,JMU,13.0,41.0,Home,
cfb_401532422,2023,7,2023-10-14,16:00,KENT,EMU,14.0,28.0,Home,
cfb_401531405,2023,7,2023-10-14,18:00,NAVY,CLT,14.0,0.0,Home,
cfb_401532419,2023,7,2023-10-14,18:00,TOL,BALL,13.0,6.0,Home,
cfb_401520317,2023,7,2023-10-14,19:30,TROY,ARMY,19.0,0.0,Home,
cfb_401520320,2023,7,2023-10-14,19:30,ILL,MD,27.0,24.0,Home,
cfb_401520325,2023,7,2023-10-14,19:30,FLA,SC,41.0,39.0,Home,
cfb_401525527,2023,7,2023-10-14,19:30,WAKE,VT,13.0,30.0,Home,
cfb_401525865,2023,7,2023-10-14,19:30,BYU,TCU,11.0,44.0,Home,
cfb_401531420,2023,7,2023-10-14,19:30,FAU,USF,56.0,14.0,Home,
cfb_401532420,2023,7,2023-10-14,19:30,AKR,CMU,10.0,17.0,Home,
cfb_401532421,2023,7,2023-10-14,19:30,BGSU,BUFF,24.0,14.0,Home,
cfb_401532423,2023,7,2023-10-14,19:30,M-OH,WMU,34.0,21.0,Home,
cfb_401520328,2023,7,2023-10-14,20:00,IOWA,WIS,15.0,6.0,Home,
cfb_401532424,2023,7,2023-10-14,20:00,OHIO,NIU,13.0,23.0,Home,
cfb_401532597,2023,7,2023-10-14,21:00,UNLV,NEV,45.0,27.0,Home,
cfb_401532596,2023,7,2023-10-14,22:00,SJSU,UNM,52.0,24.0,Home,
cfb_401525866,2023,7,2023-10-14,23:00,KSU,TTU,38.0,21.0,Home,
cfb_401531889,2023,7,2023-10-14,23:00,MRSH,GAST,24.0,41.0,Home,
cfb_401531891,2023,7,2023-10-14,23:00,ULM,TXST,20.0,21.0,Home,
cfb_401532598,2023,7,2023-10-14,23:00,WYO,AFA,27.0,34.0,Home,
cfb_401524032,2023,7,2023-10-15,00:00,UCLA,ORST,24.0,36.0,Home,
cfb_401525523,2023,7,2023-10-15,00:00,NCSU,DUKE,3.0,24.0,Home,
cfb_401531381,2023,7,2023-10-15,00:00,UAB,UTSA,20.0,41.0,Home,
cfb_401532593,2023,7,2023-10-15,02:00,BOIS,CSU,30.0,31.0,Home,
cfb_401532595,2023,7,2023-10-15,03:00,SDSU,HAW,41.0,34.0,Home,
cfb_401520330,2023,8,2023-10-17,23:00,MTSU,LIB,35.0,42.0,Home,
cfb_401520329,2023,8,2023-10-17,23:30,WKU,JVST,17.0,20.0,Home,
cfb_401531892,2023,8,2023-10-17,23:30,USM,USA,3.0,55.0,Home,
cfb_401520331,2023,8,2023-10-18,23:00,FIU,SHSU,33.0,27.0,Home,
cfb_401520332,2023,8,2023-10-19,01:00,NMSU,UTEP,28.0,7.0,Home,
cfb_401531341,2023,8,2023-10-19,23:00,RICE,TLSA,42.0,10.0,Home,
cfb_401531893,2023,8,2023-10-19,23:00,JMU,MRSH,20.0,9.0,Home,
cfb_401531391,2023,8,2023-10-20,23:00,SMU,TEM,55.0,0.0,Home,
cfb_401520340,2023,8,2023-10-21,23:30,MICH,MSU,49.0,0.0,Home,
cfb_401520343,2023,8,2023-10-21,16:00,PSU,OSU,12.0,20.0,Home,
cfb_401525530,2023,8,2023-10-21,23:30,DUKE,FSU,20.0,38.0,Home,
cfb_401525871,2023,8,2023-10-21,16:00,UCF,OU,29.0,31.0,Home,
cfb_401525869,2023,8,2023-10-21,20:00,TEX,HOU,31.0,24.0,Home,
cfb_401524035,2023,8,2023-10-21,19:30,WSU,ORE,24.0,38.0,Home,
cfb_401525531,2023,8,2023-10-21,22:30,UVA,UNC,31.0,27.0,Home,
cfb_401520333,2023,8,2023-10-21,19:30,TENN,ALA,20.0,34.0,Home,
cfb_401520335,2023,8,2023-10-21,23:00,MISS,AUB,28.0,21.0,Home,
cfb_401520339,2023,8,2023-10-21,23:30,ARMY,LSU,0.0,62.0,Home,
cfb_401520341,2023,8,2023-10-21,19:30,SC,MIZ,12.0,34.0,Home,
cfb_401531434,2023,8,2023-10-21,16:00,AFA,NAVY,17.0,6.0,Home,
cfb_401531372,2023,8,2023-10-21,19:30,UNT,TULN,28.0,35.0,Home,
cfb_401520338,2023,8,2023-10-21,19:30,MINN,IOWA,12.0,10.0,Home,
cfb_401520334,2023,8,2023-10-21,16:00,MSST,ARK,7.0,3.0,Home,
cfb_401520337,2023,8,2023-10-21,16:00,RUTG,IU,31.0,14.0,Home,
cfb_401525528,2023,8,2023-10-21,16:00,BC,GT,38.0,23.0,Home,
cfb_401525868,2023,8,2023-10-21,16:00,BAY,CIN,32.0,29.0,Home,
cfb_401531382,2023,8,2023-10-21,16:00,MEM,UAB,45.0,21.0,Home,
cfb_401532428,2023,8,2023-10-21,16:00,WMU,OHIO,17.0,20.0,Home,
cfb_401531406,2023,8,2023-10-21,18:00,CLT,ECU,10.0,7.0,Home,
cfb_401531894,2023,8,2023-10-21,18:00,ULM,GASO,28.0,38.0,Home,
cfb_401532429,2023,8,2023-10-21,18:00,AKR,BGSU,14.0,41.0,Home,
cfb_401520336,2023,8,2023-10-21,19:30,WIS,ILL,25.0,21.0,Home,
cfb_401520342,2023,8,2023-10-21,19:30,NU,NEB,9.0,17.0,Home,
cfb_401520344,2023,8,2023-10-21,19:30,USF,CONN,24.0,21.0,Home,
cfb_401525532,2023,8,2023-10-21,19:30,PITT,WAKE,17.0,21.0,Home,
cfb_401525872,2023,8,2023-10-21,19:30,OKST,WVU,48.0,34.0,Home,
cfb_401532425,2023,8,2023-10-21,19:30,CMU,BALL,17.0,24.0,Home,
cfb_401532426,2023,8,2023-10-21,19:30,EMU,NIU,13.0,20.0,Home,
cfb_401532430,2023,8,2023-10-21,19:30,BUFF,KENT,24.0,6.0,Home,
cfb_401532427,2023,8,2023-10-21,20:00,TOL,M-OH,21.0,17.0,Home,
cfb_401531397,2023,8,2023-10-21,22:00,UTSA,FAU,36.0,10.0,Home,
cfb_401532600,2023,8,2023-10-21,22:00,HAW,UNM,21.0,42.0,Home,
cfb_401525867,2023,8,2023-10-21,23:00,TTU,BYU,14.0,27.0,Home,
cfb_401525870,2023,8,2023-10-21,23:00,TCU,KSU,3.0,41.0,Home,
cfb_401531895,2023,8,2023-10-21,23:00,APP,ODU,21.0,28.0,Home,
cfb_401531896,2023,8,2023-10-21,23:00,CCU,ARST,27.0,17.0,Home,
cfb_401532599,2023,8,2023-10-21,23:00,CSU,UNLV,23.0,25.0,Home,
cfb_401532602,2023,8,2023-10-21,23:00,USU,SJSU,21.0,42.0,Home,
cfb_401524038,2023,8,2023-10-22,02:45,ASU,WASH,7.0,15.0,Home,
cfb_401524037,2023,8,2023-10-22,00:00,UTAH,USC,34.0,32.0,Home,
cfb_401524036,2023,8,2023-10-22,02:30,UCLA,STAN,42.0,7.0,Home,
cfb_401525529,2023,8,2023-10-22,00:00,CLEM,MIA,20.0,28.0,Home,
cfb_401531897,2023,8,2023-10-22,00:00,GAST,UL,20.0,17.0,Home,
cfb_401532601,2023,8,2023-10-22,01:00,NEV,SDSU,6.0,0.0,Home,
cfb_401520345,2023,9,2023-10-24,23:00,NMSU,LT,27.0,24.0,Home,
cfb_401520346,2023,9,2023-10-24,23:30,LIB,WKU,42.0,29.0,Home,
cfb_401520347,2023,9,2023-10-25,23:00,JVST,FIU,41.0,16.0,Home,
cfb_401520348,2023,9,2023-10-26,00:00,UTEP,SHSU,37.0,34.0,Home,
cfb_401525533,2023,9,2023-10-26,23:30,SYR,VT,10.0,38.0,Home,
cfb_401531929,2023,9,2023-10-26,23:30,GAST,GASO,27.0,44.0,Home,
cfb_401531407,2023,9,2023-10-27,23:30,FAU,CLT,38.0,16.0,Home,
cfb_401520352,2023,9,2023-10-28,19:30,UGA,FLA,43.0,20.0,Neutral,
cfb_401520360,2023,9,2023-10-28,23:30,OSU,WIS,24.0,10.0,Home,
cfb_401525536,2023,9,2023-10-28,16:00,FSU,WAKE,41.0,16.0,Home,
cfb_401524042,2023,9,2023-10-28,23:00,WASH,STAN,42.0,33.0,Home,
cfb_401525874,2023,9,2023-10-28,16:00,OU,KU,33.0,38.0,Home,
cfb_401525877,2023,9,2023-10-28,19:30,BYU,TEX,6.0,35.0,Home,
cfb_401524044,2023,9,2023-10-28,19:30,ORE,UTAH,35.0,6.0,Home,
cfb_401520358,2023,9,2023-10-28,16:00,IU,PSU,24.0,33.0,Home,
cfb_401520357,2023,9,2023-10-28,23:30,VAN,MISS,7.0,33.0,Home,
cfb_401525440,2023,9,2023-10-28,19:30,PITT,ND,7.0,58.0,Home,
cfb_401525535,2023,9,2023-10-28,19:30,DUKE,LOU,0.0,23.0,Home,
cfb_401532603,2023,9,2023-10-28,23:00,AFA,CSU,30.0,13.0,Home,
cfb_401520353,2023,9,2023-10-28,23:00,TENN,UK,33.0,27.0,Home,
cfb_401531373,2023,9,2023-10-28,20:00,TULN,RICE,30.0,28.0,Home,
cfb_401524043,2023,9,2023-10-28,23:30,COLO,UCLA,16.0,28.0,Home,
cfb_401524041,2023,9,2023-10-28,20:00,USC,CAL,50.0,49.0,Home,
cfb_401520349,2023,9,2023-10-28,16:00,MASS,ARMY,21.0,14.0,Home,
cfb_401520351,2023,9,2023-10-28,16:00,CONN,BC,14.0,21.0,Home,
cfb_401520356,2023,9,2023-10-28,16:00,MD,NU,27.0,33.0,Home,
cfb_401520359,2023,9,2023-10-28,16:00,SC,TA&M,17.0,30.0,Home,
cfb_401525875,2023,9,2023-10-28,16:00,HOU,KSU,0.0,41.0,Home,
cfb_401525878,2023,9,2023-10-28,16:00,WVU,UCF,41.0,28.0,Home,
cfb_401531342,2023,9,2023-10-28,16:00,TLSA,SMU,10.0,69.0,Home,
cfb_401532431,2023,9,2023-10-28,17:00,WMU,EMU,45.0,21.0,Home,
cfb_401525534,2023,9,2023-10-28,18:00,CLEM,NCSU,17.0,24.0,Home,
cfb_401531430,2023,9,2023-10-28,19:00,MEM,UNT,45.0,42.0,Home,
cfb_401520350,2023,9,2023-10-28,19:30,MSST,AUB,13.0,27.0,Home,
cfb_401520354,2023,9,2023-10-28,19:30,MSU,MINN,12.0,27.0,Home,
cfb_401520355,2023,9,2023-10-28,19:30,PUR,NEB,14.0,31.0,Home,
cfb_401525538,2023,9,2023-10-28,19:30,UVA,MIA,26.0,29.0,Home,
cfb_401525873,2023,9,2023-10-28,19:30,ISU,BAY,30.0,18.0,Home,
cfb_401531398,2023,9,2023-10-28,19:30,ECU,UTSA,27.0,41.0,Home,
cfb_401531898,2023,9,2023-10-28,19:30,USM,APP,38.0,48.0,Home,
cfb_401532432,2023,9,2023-10-28,19:30,M-OH,OHIO,30.0,16.0,Home,
cfb_401531901,2023,9,2023-10-28,21:00,ARST,ULM,34.0,24.0,Home,
cfb_401531902,2023,9,2023-10-28,21:00,UL,USA,33.0,20.0,Home,
cfb_401532607,2023,9,2023-10-28,21:30,WYO,BOIS,7.0,32.0,Home,
cfb_401531899,2023,9,2023-10-28,22:00,MRSH,CCU,6.0,34.0,Home,
cfb_401531903,2023,9,2023-10-28,23:00,TROY,TXST,31.0,13.0,Home,
cfb_401524039,2023,9,2023-10-29,02:30,ORST,ARIZ,24.0,27.0,Home,
cfb_401525537,2023,9,2023-10-29,00:00,UNC,GT,42.0,46.0,Home,
cfb_401531900,2023,9,2023-10-29,00:00,ODU,JMU,27.0,30.0,Home,
cfb_401524040,2023,9,2023-10-29,00:00,WSU,ASU,27.0,38.0,Home,
cfb_401525876,2023,9,2023-10-29,00:00,CIN,OKST,13.0,45.0,Home,
cfb_401532604,2023,9,2023-10-29,02:30,UNM,NEV,24.0,34.0,Home,
cfb_401532606,2023,9,2023-10-29,02:30,UNLV,FRES,24.0,31.0,Home,
cfb_401532605,2023,9,2023-10-29,03:59,SJSU,HAW,35.0,0.0,Home,
cfb_401532433,2023,10,2023-10-31,23:00,NIU,CMU,31.0,37.0,Home,
cfb_401532434,2023,10,2023-10-31,23:30,BUFF,TOL,13.0,31.0,Home,
cfb_401532435,2023,10,2023-11-01,23:00,BALL,BGSU,21.0,24.0,Home,
cfb_401532436,2023,10,2023-11-01,23:30,KENT,AKR,27.0,31.0,Home,
cfb_401525879,2023,10,2023-11-02,23:00,TCU,TTU,28.0,35.0,Home,
cfb_401525539,2023,10,2023-11-02,23:30,WAKE,DUKE,21.0,24.0,Home,
cfb_401531904,2023,10,2023-11-02,23:30,USA,TROY,10.0,28.0,Home,
cfb_401525540,2023,10,2023-11-03,23:30,BC,SYR,17.0,10.0,Home,
cfb_401532609,2023,10,2023-11-04,00:00,CSU,WYO,15.0,24.0,Home,
cfb_401520375,2023,10,2023-11-04,16:00,OSU,RUTG,35.0,16.0,Home,
cfb_401520364,2023,10,2023-11-04,19:30,MIZ,UGA,21.0,30.0,Home,
cfb_401520368,2023,10,2023-11-04,23:30,PUR,MICH,13.0,41.0,Home,
cfb_401525541,2023,10,2023-11-04,19:30,FSU,PITT,24.0,7.0,Home,
cfb_401524048,2023,10,2023-11-04,23:30,WASH,USC,52.0,42.0,Home,
cfb_401524047,2023,10,2023-11-04,21:30,CAL,ORE,19.0,63.0,Home,
cfb_401525884,2023,10,2023-11-04,16:00,KSU,TEX,30.0,33.0,Home,
cfb_401520362,2023,10,2023-11-04,23:45,LSU,ALA,28.0,42.0,Home,
cfb_401525883,2023,10,2023-11-04,19:30,OU,OKST,24.0,27.0,Home,
cfb_401520374,2023,10,2023-11-04,16:00,TA&M,MISS,35.0,38.0,Home,
cfb_401520367,2023,10,2023-11-04,19:30,PSU,MD,51.0,15.0,Home,
cfb_401525543,2023,10,2023-11-04,19:30,VT,LOU,3.0,34.0,Home,
cfb_401525441,2023,10,2023-11-04,16:00,ND,CLEM,23.0,31.0,Home,
cfb_401520377,2023,10,2023-11-04,16:00,CONN,TENN,3.0,59.0,Home,
cfb_401524049,2023,10,2023-11-04,18:00,ASU,UTAH,3.0,55.0,Home,
cfb_401525882,2023,10,2023-11-04,23:00,KU,ISU,28.0,21.0,Home,
cfb_401531374,2023,10,2023-11-04,19:30,TULN,ECU,13.0,10.0,Home,
cfb_401520361,2023,10,2023-11-04,18:30,ARMY,AFA,23.0,3.0,Neutral,
cfb_401520363,2023,10,2023-11-04,16:00,ARK,FLA,39.0,36.0,Home,
cfb_401520365,2023,10,2023-11-04,16:00,WIS,IU,14.0,20.0,Home,
cfb_401520369,2023,10,2023-11-04,16:00,NEB,MSU,17.0,20.0,Home,
cfb_401520376,2023,10,2023-11-04,16:00,JVST,SC,28.0,38.0,Home,
cfb_401525542,2023,10,2023-11-04,18:00,GT,UVA,45.0,17.0,Home,
cfb_401531392,2023,10,2023-11-04,18:00,NAVY,TEM,18.0,32.0,Home,
cfb_401531383,2023,10,2023-11-04,19:00,FAU,UAB,42.0,45.0,Home,
cfb_401531399,2023,10,2023-11-04,19:00,UTSA,UNT,37.0,29.0,Home,
cfb_401531425,2023,10,2023-11-04,19:00,USF,MEM,50.0,59.0,Home,
cfb_401531908,2023,10,2023-11-04,19:00,UL,ARST,17.0,37.0,Home,
cfb_401520370,2023,10,2023-11-04,19:30,ILL,MINN,27.0,26.0,Home,
cfb_401520373,2023,10,2023-11-04,19:30,IOWA,NU,10.0,7.0,Neutral,
cfb_401525880,2023,10,2023-11-04,19:30,HOU,BAY,25.0,24.0,Home,
cfb_401525881,2023,10,2023-11-04,19:30,UCF,CIN,28.0,26.0,Home,
cfb_401531906,2023,10,2023-11-04,19:30,JMU,GAST,42.0,14.0,Home,
cfb_401531907,2023,10,2023-11-04,19:30,CCU,ODU,28.0,24.0,Home,
cfb_401520379,2023,10,2023-11-04,20:00,AUB,VAN,31.0,15.0,Home,
cfb_401531343,2023,10,2023-11-04,20:00,CLT,TLSA,33.0,26.0,Home,
cfb_401531909,2023,10,2023-11-04,20:00,ULM,USM,7.0,24.0,Home,
cfb_401532610,2023,10,2023-11-04,20:00,HAW,NEV,27.0,14.0,Home,
cfb_401531910,2023,10,2023-11-04,21:00,GASO,TXST,24.0,45.0,Home,
cfb_401520366,2023,10,2023-11-04,22:00,LT,LIB,30.0,56.0,Home,
cfb_401520372,2023,10,2023-11-04,22:00,MTSU,NMSU,7.0,13.0,Home,
cfb_401531905,2023,10,2023-11-04,22:00,MRSH,APP,9.0,31.0,Home,
cfb_401532611,2023,10,2023-11-04,22:00,UNLV,UNM,56.0,14.0,Home,
cfb_401525885,2023,10,2023-11-04,23:00,BYU,WVU,7.0,37.0,Home,
cfb_401532612,2023,10,2023-11-04,23:00,USU,SDSU,32.0,24.0,Home,
cfb_401520371,2023,10,2023-11-04,23:30,UK,MSST,24.0,3.0,Home,
cfb_401531440,2023,10,2023-11-04,23:30,SMU,RICE,36.0,31.0,Home,
cfb_401524046,2023,10,2023-11-05,02:00,ORST,COLO,26.0,19.0,Home,
cfb_401524045,2023,10,2023-11-05,02:30,UCLA,ARIZ,10.0,27.0,Home,
cfb_401525544,2023,10,2023-11-05,00:00,MIA,NCSU,6.0,20.0,Home,
cfb_401520378,2023,10,2023-11-05,01:00,WKU,UTEP,21.0,13.0,Home,
cfb_401524050,2023,10,2023-11-05,01:00,STAN,WSU,10.0,7.0,Home,
cfb_401532608,2023,10,2023-11-05,02:00,BOIS,FRES,30.0,37.0,Home,
cfb_401532437,2023,11,2023-11-08,00:00,BALL,NIU,20.0,17.0,Home,
cfb_401532438,2023,11,2023-11-08,00:00,CMU,WMU,28.0,38.0,Home,
cfb_401532439,2023,11,2023-11-08,00:30,OHIO,BUFF,20.0,10.0,Home,
cfb_401532441,2023,11,2023-11-09,00:00,AKR,M-OH,0.0,19.0,Home,
cfb_401532442,2023,11,2023-11-09,00:00,BGSU,KENT,49.0,19.0,Home,
cfb_401532440,2023,11,2023-11-09,00:30,EMU,TOL,23.0,49.0,Home,
cfb_401525546,2023,11,2023-11-10,00:30,UVA,LOU,24.0,31.0,Home,
cfb_401531911,2023,11,2023-11-10,00:30,USM,UL,34.0,31.0,Home,
cfb_401531437,2023,11,2023-11-11,02:00,UNT,SMU,21.0,45.0,Home,
cfb_401532618,2023,11,2023-11-11,03:45,WYO,UNLV,14.0,34.0,Home,
cfb_401520394,2023,11,2023-11-11,17:00,MICH,PSU,24.0,15.0,Home,
cfb_401525550,2023,11,2023-11-11,20:30,MIA,FSU,20.0,27.0,Home,
cfb_401524056,2023,11,2023-11-11,20:30,UTAH,WASH,28.0,35.0,Home,
cfb_401520386,2023,11,2023-11-11,17:00,ALA,UK,49.0,21.0,Home,
cfb_401524054,2023,11,2023-11-11,22:30,STAN,ORST,17.0,62.0,Home,
cfb_401520391,2023,11,2023-11-11,20:30,TENN,MIZ,7.0,36.0,Home,
cfb_401525892,2023,11,2023-11-11,20:30,OKST,UCF,3.0,45.0,Home,
cfb_401525888,2023,11,2023-11-11,17:00,TTU,KU,16.0,13.0,Home,
cfb_401524052,2023,11,2023-11-11,19:00,ARIZ,COLO,34.0,31.0,Home,
cfb_401520384,2023,11,2023-11-11,20:30,RUTG,IOWA,0.0,22.0,Home,
cfb_401531344,2023,11,2023-11-11,17:00,TLSA,TULN,22.0,24.0,Home,
cfb_401525889,2023,11,2023-11-11,20:00,BAY,KSU,25.0,59.0,Home,
cfb_401520383,2023,11,2023-11-11,17:00,IU,ILL,45.0,48.0,Home,
cfb_401520392,2023,11,2023-11-11,17:00,MD,NEB,13.0,10.0,Home,
cfb_401520396,2023,11,2023-11-11,17:00,VAN,SC,6.0,47.0,Home,
cfb_401525547,2023,11,2023-11-11,17:00,VT,BC,48.0,22.0,Home,
cfb_401525548,2023,11,2023-11-11,17:00,GT,CLEM,21.0,42.0,Home,
cfb_401531393,2023,11,2023-11-11,17:00,TEM,USF,23.0,27.0,Home,
cfb_401520388,2023,11,2023-11-11,18:00,ODU,LIB,10.0,38.0,Home,
cfb_401520385,2023,11,2023-11-11,19:00,CONN,JMU,6.0,44.0,Home,
cfb_401525551,2023,11,2023-11-11,19:00,NCSU,WAKE,26.0,6.0,Home,
cfb_401531408,2023,11,2023-11-11,19:00,MEM,CLT,44.0,38.0,Home,
cfb_401531913,2023,11,2023-11-11,19:00,APP,GAST,42.0,14.0,Home,
cfb_401531915,2023,11,2023-11-11,19:00,TROY,ULM,45.0,14.0,Home,
cfb_401520387,2023,11,2023-11-11,20:00,SHSU,LT,42.0,27.0,Home,
cfb_401532615,2023,11,2023-11-11,20:00,NEV,USU,24.0,41.0,Home,
cfb_401520390,2023,11,2023-11-11,20:30,FIU,MTSU,6.0,40.0,Home,
cfb_401520395,2023,11,2023-11-11,20:30,MINN,PUR,30.0,49.0,Home,
cfb_401520398,2023,11,2023-11-11,20:30,NU,WIS,24.0,10.0,Home,
cfb_401520399,2023,11,2023-11-11,20:30,NMSU,WKU,38.0,29.0,Home,
cfb_401525552,2023,11,2023-11-11,20:30,PITT,SYR,13.0,28.0,Neutral,
cfb_401531384,2023,11,2023-11-11,20:30,UAB,NAVY,6.0,31.0,Home,
cfb_401531912,2023,11,2023-11-11,20:30,TXST,CCU,23.0,31.0,Home,
cfb_401520380,2023,11,2023-11-11,21:00,AUB,ARK,48.0,10.0,Home,
cfb_401524051,2023,11,2023-11-11,21:00,WSU,CAL,39.0,42.0,Home,
cfb_401531416,2023,11,2023-11-11,21:00,ECU,FAU,22.0,7.0,Home,
cfb_401531916,2023,11,2023-11-11,22:00,ARST,USA,14.0,21.0,Home,
cfb_401520393,2023,11,2023-11-12,00:30,MSU,OSU,3.0,38.0,Home,
cfb_401520382,2023,11,2023-11-12,00:00,MISS,UGA,17.0,52.0,Home,
cfb_401524053,2023,11,2023-11-12,03:30,USC,ORE,27.0,36.0,Home,
cfb_401525891,2023,11,2023-11-12,00:30,TEX,TCU,29.0,26.0,Home,
cfb_401525890,2023,11,2023-11-12,00:00,WVU,OU,20.0,59.0,Home,
cfb_401520389,2023,11,2023-11-12,00:30,FLA,LSU,35.0,52.0,Home,
cfb_401525549,2023,11,2023-11-12,01:00,DUKE,UNC,45.0,47.0,Home,
cfb_401525887,2023,11,2023-11-12,00:00,CIN,HOU,24.0,14.0,Home,
cfb_401531914,2023,11,2023-11-12,00:00,GASO,MRSH,33.0,38.0,Home,
cfb_401532617,2023,11,2023-11-12,00:00,SDSU,CSU,19.0,22.0,Home,
cfb_401520397,2023,11,2023-11-12,00:30,MSST,TA&M,10.0,51.0,Home,
cfb_401531400,2023,11,2023-11-12,00:30,RICE,UTSA,14.0,34.0,Home,
cfb_401524055,2023,11,2023-11-12,02:00,ASU,UCLA,17.0,7.0,Home,
cfb_401532616,2023,11,2023-11-12,03:00,UNM,BOIS,14.0,42.0,Home,
cfb_401525886,2023,11,2023-11-12,03:15,ISU,BYU,45.0,13.0,Home,
cfb_401532614,2023,11,2023-11-12,03:30,FRES,SJSU,18.0,42.0,Home,
cfb_401532613,2023,11,2023-11-12,04:00,AFA,HAW,13.0,27.0,Home,
cfb_401532443,2023,12,2023-11-15,00:00,TOL,BGSU,32.0,31.0,Home,
cfb_401532444,2023,12,2023-11-15,00:00,WMU,NIU,0.0,24.0,Home,
cfb_401532445,2023,12,2023-11-15,00:00,AKR,EMU,27.0,30.0,Home,
cfb_401532446,2023,12,2023-11-16,00:00,CMU,OHIO,20.0,34.0,Home,
cfb_401532447,2023,12,2023-11-16,00:00,BUFF,M-OH,10.0,23.0,Home,
cfb_401525553,2023,12,2023-11-17,00:00,BC,PITT,16.0,24.0,Home,
cfb_401531401,2023,12,2023-11-18,02:00,USF,UTSA,21.0,49.0,Home,
cfb_401524057,2023,12,2023-11-18,03:30,COLO,WSU,14.0,56.0,Home,
cfb_401520419,2023,12,2023-11-18,20:30,UGA,TENN,38.0,10.0,Home,
cfb_401520415,2023,12,2023-11-18,21:00,MINN,OSU,3.0,37.0,Home,
cfb_401520410,2023,12,2023-11-18,17:00,MICH,MD,31.0,24.0,Home,
cfb_401524059,2023,12,2023-11-18,21:00,ORE,ASU,49.0,13.0,Home,
cfb_401525558,2023,12,2023-11-18,17:00,LOU,MIA,38.0,31.0,Home,
cfb_401520417,2023,12,2023-11-18,17:00,RUTG,PSU,6.0,27.0,Home,
cfb_401520416,2023,12,2023-11-18,17:00,ULM,MISS,3.0,35.0,Home,
cfb_401525893,2023,12,2023-11-18,17:00,OU,BYU,31.0,24.0,Home,
cfb_401520406,2023,12,2023-11-18,20:30,ILL,IOWA,13.0,15.0,Home,
cfb_401524058,2023,12,2023-11-18,19:30,UTAH,ARIZ,18.0,42.0,Home,
cfb_401525442,2023,12,2023-11-18,20:30,WAKE,ND,7.0,45.0,Home,
cfb_401525554,2023,12,2023-11-18,20:30,UNC,CLEM,20.0,31.0,Home,
cfb_401525894,2023,12,2023-11-18,21:00,OKST,HOU,43.0,30.0,Home,
cfb_401531375,2023,12,2023-11-18,17:00,TULN,FAU,24.0,8.0,Home,
cfb_401520403,2023,12,2023-11-18,17:00,CCU,ARMY,21.0,28.0,Home,
cfb_401520405,2023,12,2023-11-18,17:00,MSU,IU,24.0,21.0,Home,
cfb_401520412,2023,12,2023-11-18,17:00,USM,MSST,20.0,41.0,Home,
cfb_401520414,2023,12,2023-11-18,17:00,PUR,NU,15.0,23.0,Home,
cfb_401531417,2023,12,2023-11-18,17:00,ECU,NAVY,0.0,10.0,Home,
cfb_401531431,2023,12,2023-11-18,17:00,SMU,MEM,38.0,34.0,Home,
cfb_401520408,2023,12,2023-11-18,18:00,MASS,LIB,25.0,49.0,Home,
cfb_401520407,2023,12,2023-11-18,19:00,LT,JVST,17.0,56.0,Home,
cfb_401520411,2023,12,2023-11-18,19:00,UTEP,MTSU,30.0,34.0,Home,
cfb_401531409,2023,12,2023-11-18,19:00,RICE,CLT,28.0,7.0,Home,
cfb_401531918,2023,12,2023-11-18,19:00,APP,JMU,26.0,23.0,Home,
cfb_401532448,2023,12,2023-11-18,19:00,KENT,BALL,3.0,34.0,Home,
cfb_401532620,2023,12,2023-11-18,19:00,HAW,WYO,9.0,42.0,Home,
cfb_401525899,2023,12,2023-11-18,19:30,CIN,WVU,21.0,42.0,Home,
cfb_401525555,2023,12,2023-11-18,20:00,DUKE,UVA,27.0,30.0,Home,
cfb_401531345,2023,12,2023-11-18,20:00,UNT,TLSA,35.0,28.0,Home,
cfb_401531385,2023,12,2023-11-18,20:00,TEM,UAB,24.0,34.0,Home,
cfb_401531919,2023,12,2023-11-18,20:00,TXST,ARST,31.0,77.0,Home,
cfb_401532621,2023,12,2023-11-18,20:00,NEV,CSU,20.0,30.0,Home,
cfb_401520423,2023,12,2023-11-18,20:30,SHSU,WKU,23.0,28.0,Home,
cfb_401524062,2023,12,2023-11-18,20:30,UCLA,USC,38.0,20.0,Home,
cfb_401525559,2023,12,2023-11-18,20:30,NCSU,VT,35.0,28.0,Home,
cfb_401525897,2023,12,2023-11-18,20:30,BAY,TCU,17.0,42.0,Home,
cfb_401531921,2023,12,2023-11-18,20:30,UL,TROY,24.0,31.0,Home,
cfb_401532624,2023,12,2023-11-18,20:30,UNLV,AFA,31.0,27.0,Home,
cfb_401520404,2023,12,2023-11-18,21:00,NMSU,AUB,31.0,10.0,Home,
cfb_401525898,2023,12,2023-11-18,22:00,UCF,TTU,23.0,24.0,Home,
cfb_401531920,2023,12,2023-11-18,22:00,MRSH,USA,0.0,28.0,Home,
cfb_401531917,2023,12,2023-11-18,23:00,ODU,GASO,20.0,17.0,Home,
cfb_401524061,2023,12,2023-11-18,23:30,CAL,STAN,27.0,15.0,Home,
cfb_401524060,2023,12,2023-11-19,00:30,WASH,ORST,22.0,20.0,Home,
cfb_401525895,2023,12,2023-11-19,01:00,TEX,ISU,26.0,16.0,Home,
cfb_401520413,2023,12,2023-11-19,00:30,FLA,MIZ,31.0,33.0,Home,
cfb_401520409,2023,12,2023-11-19,01:00,GAST,LSU,14.0,56.0,Home,
cfb_401525896,2023,12,2023-11-19,00:00,KSU,KU,31.0,27.0,Home,
cfb_401532619,2023,12,2023-11-19,00:00,BOIS,USU,45.0,10.0,Home,
cfb_401520402,2023,12,2023-11-19,00:30,FIU,ARK,20.0,44.0,Home,
cfb_401520418,2023,12,2023-11-19,00:30,UK,SC,14.0,17.0,Home,
cfb_401520422,2023,12,2023-11-19,00:30,NEB,WIS,17.0,24.0,Home,
cfb_401525557,2023,12,2023-11-19,01:00,SYR,GT,22.0,31.0,Home,
cfb_401532622,2023,12,2023-11-19,03:30,UNM,FRES,25.0,17.0,Home,
cfb_401532623,2023,12,2023-11-19,03:30,SDSU,SJSU,13.0,24.0,Home,
cfb_401532450,2023,13,2023-11-22,00:00,BGSU,WMU,34.0,10.0,Home,
cfb_401532449,2023,13,2023-11-22,00:30,EMU,BUFF,24.0,11.0,Home,
cfb_401520424,2023,13,2023-11-24,00:30,MISS,MSST,17.0,7.0,Home,
cfb_401520426,2023,13,2023-11-24,21:00,MIZ,ARK,48.0,14.0,Home,
cfb_401525900,2023,13,2023-11-24,17:00,TCU,OU,45.0,69.0,Home,
cfb_401520425,2023,13,2023-11-24,17:00,IOWA,NEB,13.0,10.0,Home,
cfb_401531376,2023,13,2023-11-24,20:30,UTSA,TULN,16.0,29.0,Home,
cfb_401525560,2023,13,2023-11-24,17:00,MIA,BC,45.0,20.0,Home,
cfb_401531394,2023,13,2023-11-24,17:00,MEM,TEM,45.0,21.0,Home,
cfb_401532451,2023,13,2023-11-24,17:00,TOL,CMU,32.0,17.0,Home,
cfb_401532452,2023,13,2023-11-24,17:00,OHIO,AKR,25.0,14.0,Home,
cfb_401532629,2023,13,2023-11-24,20:30,USU,UNM,44.0,41.0,Home,
cfb_401532625,2023,13,2023-11-24,21:00,AFA,BOIS,19.0,27.0,Home,
cfb_401524063,2023,13,2023-11-25,01:30,ORST,ORE,7.0,31.0,Home,
cfb_401525901,2023,13,2023-11-25,00:30,TTU,TEX,7.0,57.0,Home,
cfb_401520435,2023,13,2023-11-25,00:30,PSU,MSU,42.0,0.0,Home,
cfb_401520434,2023,13,2023-11-25,17:00,OSU,MICH,24.0,30.0,Home,
cfb_401524068,2023,13,2023-11-25,21:00,WSU,WASH,21.0,24.0,Home,
cfb_401520427,2023,13,2023-11-25,20:30,ALA,AUB,27.0,24.0,Home,
cfb_401520432,2023,13,2023-11-25,17:00,UK,LOU,38.0,31.0,Home,
cfb_401520433,2023,13,2023-11-25,17:00,TA&M,LSU,30.0,42.0,Home,
cfb_401524064,2023,13,2023-11-25,20:30,ARIZ,ASU,59.0,23.0,Home,
cfb_401525905,2023,13,2023-11-25,20:30,BYU,OKST,34.0,40.0,Home,
cfb_401520442,2023,13,2023-11-25,20:30,VAN,TENN,24.0,48.0,Home,
cfb_401520444,2023,13,2023-11-25,20:30,LIB,UTEP,42.0,28.0,Home,
cfb_401520438,2023,13,2023-11-25,17:00,IU,PUR,31.0,35.0,Home,
cfb_401520440,2023,13,2023-11-25,17:00,MTSU,SHSU,20.0,23.0,Home,
cfb_401520443,2023,13,2023-11-25,17:00,CONN,MASS,31.0,18.0,Home,
cfb_401525561,2023,13,2023-11-25,17:00,PITT,DUKE,19.0,30.0,Home,
cfb_401525906,2023,13,2023-11-25,17:00,HOU,UCF,13.0,27.0,Home,
cfb_401531435,2023,13,2023-11-25,17:00,NAVY,SMU,14.0,59.0,Home,
cfb_401531927,2023,13,2023-11-25,17:00,TROY,USM,35.0,17.0,Home,
cfb_401532453,2023,13,2023-11-25,17:00,NIU,KENT,37.0,27.0,Home,
cfb_401532454,2023,13,2023-11-25,17:00,M-OH,BALL,17.0,15.0,Home,
cfb_401531421,2023,13,2023-11-25,18:00,FAU,RICE,21.0,24.0,Home,
cfb_401525563,2023,13,2023-11-25,19:00,WAKE,SYR,31.0,35.0,Home,
cfb_401531346,2023,13,2023-11-25,19:00,TLSA,ECU,29.0,27.0,Home,
cfb_401531386,2023,13,2023-11-25,19:00,UAB,UNT,42.0,45.0,Home,
cfb_401531925,2023,13,2023-11-25,19:00,GAST,ODU,24.0,25.0,Home,
cfb_401520428,2023,13,2023-11-25,20:00,WKU,FIU,41.0,28.0,Home,
cfb_401524067,2023,13,2023-11-25,20:00,COLO,UTAH,17.0,23.0,Home,
cfb_401531926,2023,13,2023-11-25,20:00,ULM,UL,21.0,52.0,Home,
cfb_401532628,2023,13,2023-11-25,20:00,SJSU,UNLV,37.0,31.0,Home,
cfb_401520431,2023,13,2023-11-25,20:30,NU,ILL,45.0,43.0,Home,
cfb_401520436,2023,13,2023-11-25,20:30,WIS,MINN,28.0,14.0,Home,
cfb_401520439,2023,13,2023-11-25,20:30,MD,RUTG,42.0,24.0,Home,
cfb_401525564,2023,13,2023-11-25,20:30,VT,UVA,55.0,17.0,Home,
cfb_401531922,2023,13,2023-11-25,20:30,GASO,APP,27.0,55.0,Home,
cfb_401531923,2023,13,2023-11-25,20:30,JMU,CCU,56.0,14.0,Home,
cfb_401531924,2023,13,2023-11-25,20:30,ARST,MRSH,21.0,35.0,Home,
cfb_401520437,2023,13,2023-11-25,21:00,JVST,NMSU,17.0,20.0,Home,
cfb_401520430,2023,13,2023-11-26,00:30,UGA,GT,31.0,23.0,Home,
cfb_401520429,2023,13,2023-11-26,00:00,FSU,FLA,24.0,15.0,Home,
cfb_401524065,2023,13,2023-11-26,00:00,ND,STAN,56.0,23.0,Home,
cfb_401525904,2023,13,2023-11-26,01:00,ISU,KSU,42.0,35.0,Home,
cfb_401525562,2023,13,2023-11-26,01:00,UNC,NCSU,20.0,39.0,Home,
cfb_401520441,2023,13,2023-11-26,00:30,CLEM,SC,16.0,7.0,Home,
cfb_401525902,2023,13,2023-11-26,00:00,WVU,BAY,34.0,31.0,Home,
cfb_401531928,2023,13,2023-11-26,00:00,USA,TXST,44.0,52.0,Home,
cfb_401525903,2023,13,2023-11-26,00:30,KU,CIN,49.0,16.0,Home,
cfb_401531410,2023,13,2023-11-26,00:30,CLT,USF,14.0,48.0,Home,
cfb_401532630,2023,13,2023-11-26,02:00,WYO,NEV,42.0,6.0,Home,
cfb_401524066,2023,13,2023-11-26,03:30,CAL,UCLA,33.0,7.0,Home,
cfb_401532627,2023,13,2023-11-26,03:30,FRES,SDSU,18.0,33.0,Home,
cfb_401532626,2023,13,2023-11-26,04:00,CSU,HAW,24.0,27.0,Home,
cfb_401539475,2023,14,2023-12-02,01:00,ORE,WASH,31.0,34.0,Neutral,
cfb_401539476,2023,14,2023-12-02,00:00,NMSU,LIB,35.0,49.0,Home,
cfb_401539483,2023,14,2023-12-02,21:00,UGA,ALA,24.0,27.0,Neutral,
cfb_401539479,2023,14,2023-12-02,17:00,OKST,TEX,21.0,49.0,Neutral,
cfb_401539477,2023,14,2023-12-02,21:00,SMU,TULN,26.0,14.0,Home,
cfb_401539481,2023,14,2023-12-02,17:00,M-OH,TOL,23.0,14.0,Neutral,
cfb_401539482,2023,14,2023-12-02,20:00,BOIS,UNLV,44.0,20.0,Home,
cfb_401539484,2023,14,2023-12-02,21:00,APP,TROY,23.0,49.0,Home,
cfb_401539480,2023,14,2023-12-03,01:00,MICH,IOWA,26.0,0.0,Neutral,
cfb_401539478,2023,14,2023-12-03,01:00,LOU,FSU,6.0,16.0,Neutral,
cfb_401520445,2023,15,2023-12-09,20:00,ARMY,NAVY,17.0,11.0,Neutral,
cfb_401551733,2023,16,2023-12-16,16:00,GASO,OHIO,21.0,41.0,Neutral,
cfb_401551751,2023,16,2023-12-16,19:15,JVST,UL,34.0,31.0,Neutral,
cfb_401551731,2023,16,2023-12-16,20:30,M-OH,APP,9.0,13.0,Neutral,
cfb_401551732,2023,16,2023-12-16,22:45,NMSU,FRES,10.0,37.0,Neutral,
cfb_401551752,2023,16,2023-12-17,00:30,UCLA,BOIS,35.0,22.0,Neutral,
cfb_401551753,2023,16,2023-12-17,02:15,CAL,TTU,14.0,34.0,Neutral,
cfb_401551469,2023,16,2023-12-18,19:30,WKU,ODU,38.0,35.0,Neutral,
cfb_401551735,2023,16,2023-12-20,02:00,UTSA,MRSH,35.0,17.0,Neutral,
cfb_401551737,2023,16,2023-12-22,01:00,USF,SYR,45.0,0.0,Neutral,
cfb_401551754,2023,16,2023-12-22,23:30,GT,UCF,30.0,17.0,Neutral,
cfb_401551739,2023,16,2023-12-23,17:00,TROY,DUKE,10.0,17.0,Neutral,
cfb_401551741,2023,16,2023-12-23,17:00,ARST,NIU,19.0,21.0,Neutral,
cfb_401551742,2023,16,2023-12-23,20:30,JMU,AFA,21.0,31.0,Neutral,
cfb_401551743,2023,16,2023-12-23,20:30,GAST,USU,45.0,22.0,Neutral,
cfb_401551755,2023,16,2023-12-24,00:00,EMU,USA,10.0,59.0,Home,
cfb_401551744,2023,16,2023-12-24,00:30,UTAH,NU,7.0,14.0,Neutral,
cfb_401551746,2023,16,2023-12-24,03:30,CCU,SJSU,24.0,14.0,Neutral,
cfb_401551756,2023,16,2023-12-26,19:00,BGSU,MINN,24.0,30.0,Neutral,
cfb_401551748,2023,16,2023-12-26,22:30,TXST,RICE,45.0,21.0,Neutral,
cfb_401551757,2023,16,2023-12-27,02:00,KU,UNLV,49.0,36.0,Neutral,
cfb_401551758,2023,16,2023-12-27,19:00,VT,TULN,41.0,20.0,Neutral,
cfb_401551761,2023,16,2023-12-27,22:30,UNC,WVU,10.0,30.0,Neutral,
cfb_401581109,2023,16,2023-12-28,01:00,LOU,USC,28.0,42.0,Neutral,
cfb_401551749,2023,16,2023-12-28,02:00,TA&M,OKST,23.0,31.0,Neutral,
cfb_401551764,2023,16,2023-12-28,22:45,NCSU,KSU,19.0,28.0,Neutral,
cfb_401551750,2023,16,2023-12-28,16:00,SMU,BC,14.0,23.0,Neutral,
cfb_401551762,2023,16,2023-12-28,19:15,RUTG,MIA,31.0,24.0,Neutral,
cfb_401551765,2023,16,2023-12-29,02:15,ARIZ,OU,38.0,24.0,Neutral,
cfb_401551798,2023,16,2023-12-29,19:00,ORST,ND,8.0,40.0,Neutral,
cfb_401551766,2023,16,2023-12-29,17:00,CLEM,UK,38.0,35.0,Neutral,
cfb_401551767,2023,16,2023-12-29,20:30,ISU,MEM,26.0,36.0,Neutral,
cfb_401551768,2023,16,2023-12-30,01:00,MIZ,OSU,14.0,3.0,Neutral,
cfb_401551773,2023,16,2023-12-30,21:00,UGA,FSU,63.0,3.0,Neutral,
cfb_401551769,2023,16,2023-12-30,17:00,MISS,PSU,38.0,25.0,Neutral,
cfb_401551770,2023,16,2023-12-30,19:00,AUB,MD,13.0,31.0,Neutral,
cfb_401554566,2023,16,2023-12-30,21:30,TOL,WYO,15.0,16.0,Neutral,
cfb_401551786,2023,16,2024-01-01,22:00,ALA,MICH,20.0,27.0,Neutral,
cfb_401551782,2023,16,2024-01-01,18:00,LIB,ORE,6.0,45.0,Neutral,
cfb_401551778,2023,16,2024-01-01,17:00,WIS,LSU,31.0,35.0,Neutral,
cfb_401551780,2023,16,2024-01-01,18:00,IOWA,TENN,0.0,35.0,Neutral,
cfb_401551788,2023,16,2024-01-02,02:00,TEX,WASH,31.0,37.0,Neutral,
cfb_401551789,2023,16,2024-01-09,00:30,WASH,MICH,13.0,34.0,Neutral,
cfb_401635525,2024,1,2024-08-24,16:00,FSU,GT,21.0,24.0,Neutral,
cfb_401643696,2024,1,2024-08-25,00:00,SMU,NEV,29.0,24.0,Home,
cfb_401640998,2024,1,2024-08-30,00:00,CCU,JVST,55.0,27.0,Home,
cfb_401628448,2024,1,2024-08-30,01:00,UNC,MINN,19.0,17.0,Home,
cfb_401628328,2024,1,2024-08-30,23:00,TEM,OU,3.0,51.0,Home,
cfb_401628453,2024,1,2024-08-30,23:00,FAU,MSU,10.0,16.0,Home,
cfb_401628461,2024,1,2024-08-31,01:00,WMU,WIS,14.0,28.0,Home,
cfb_401634300,2024,1,2024-08-31,02:30,TCU,STAN,34.0,27.0,Home,
cfb_401628323,2024,1,2024-08-31,16:00,CLEM,UGA,3.0,34.0,Neutral,
cfb_401628455,2024,1,2024-08-31,19:30,AKR,OSU,6.0,52.0,Home,
cfb_401628331,2024,1,2024-08-31,19:30,CSU,TEX,0.0,52.0,Home,
cfb_401628319,2024,1,2024-08-31,23:00,WKU,ALA,0.0,63.0,Home,
cfb_401628332,2024,1,2024-08-31,23:30,ND,TA&M,23.0,13.0,Home,
cfb_401628457,2024,1,2024-08-31,16:00,PSU,WVU,34.0,12.0,Home,
cfb_401628452,2024,1,2024-08-31,23:30,FRES,MICH,10.0,30.0,Home,
cfb_401628322,2024,1,2024-08-31,19:30,MIA,FLA,41.0,17.0,Home,
cfb_401628333,2024,1,2024-08-31,16:00,VT,VAN,27.0,34.0,Home,
cfb_401628451,2024,1,2024-08-31,16:00,CONN,MD,7.0,50.0,Home,
cfb_401634305,2024,1,2024-08-31,16:00,KENT,PITT,24.0,55.0,Home,
cfb_401628449,2024,1,2024-08-31,19:30,FIU,IU,7.0,31.0,Home,
cfb_401628454,2024,1,2024-08-31,19:30,UTEP,NEB,7.0,40.0,Home,
cfb_401629039,2024,1,2024-08-31,19:30,EMU,MASS,28.0,14.0,Home,
cfb_401634304,2024,1,2024-08-31,19:30,OHIO,SYR,22.0,38.0,Home,
cfb_401641015,2024,1,2024-08-31,19:30,KENN,UTSA,16.0,28.0,Home,
cfb_401644683,2024,1,2024-08-31,19:30,M-OH,NU,6.0,13.0,Home,
cfb_401643700,2024,1,2024-08-31,20:00,BOIS,GASO,56.0,45.0,Home,
cfb_401628329,2024,1,2024-08-31,20:15,ODU,SC,19.0,23.0,Home,
cfb_401643775,2024,1,2024-08-31,21:00,UNT,USA,52.0,38.0,Home,
cfb_401636611,2024,1,2024-08-31,23:00,UNLV,HOU,27.0,7.0,Home,
cfb_401641039,2024,1,2024-08-31,23:00,SHSU,RICE,34.0,14.0,Home,
cfb_401643701,2024,1,2024-08-31,23:00,NEV,TROY,28.0,26.0,Home,
cfb_401628459,2024,1,2024-08-31,23:30,UCLA,HAW,16.0,13.0,Home,
cfb_401628324,2024,1,2024-08-31,23:45,USM,UK,0.0,31.0,Home,
cfb_401636608,2024,1,2024-09-01,02:30,UNM,ARIZ,39.0,61.0,Home,
cfb_401634302,2024,1,2024-09-01,00:00,GAST,GT,12.0,35.0,Home,
cfb_401643774,2024,1,2024-09-01,00:00,JMU,CLT,30.0,7.0,Home,
cfb_401636609,2024,1,2024-09-01,02:30,WYO,ASU,7.0,48.0,Home,
cfb_401628334,2024,1,2024-09-01,23:30,USC,LSU,27.0,20.0,Neutral,
cfb_401634306,2024,1,2024-09-02,23:30,BC,FSU,28.0,13.0,Home,
cfb_401634765,2024,2,2024-09-06,23:00,BYU,SMU,18.0,15.0,Home,
cfb_401635533,2024,2,2024-09-07,01:00,DUKE,NU,26.0,20.0,Home,
cfb_401628468,2024,2,2024-09-07,23:30,WMU,OSU,0.0,56.0,Home,
cfb_401628347,2024,2,2024-09-07,16:00,TEX,MICH,31.0,12.0,Home,
cfb_401628335,2024,2,2024-09-07,23:00,USF,ALA,16.0,42.0,Home,
cfb_401628977,2024,2,2024-09-07,19:30,NIU,ND,16.0,14.0,Home,
cfb_401628342,2024,2,2024-09-07,20:15,MTSU,MISS,3.0,52.0,Home,
cfb_401628470,2024,2,2024-09-07,16:00,BGSU,PSU,27.0,34.0,Home,
cfb_401628344,2024,2,2024-09-07,23:00,BUFF,MIZ,0.0,38.0,Home,
cfb_401636618,2024,2,2024-09-07,19:30,BAY,UTAH,12.0,23.0,Home,
cfb_401628346,2024,2,2024-09-07,23:30,TENN,NCSU,51.0,10.0,Neutral,
cfb_401628345,2024,2,2024-09-07,23:45,HOU,OU,12.0,16.0,Home,
cfb_401628336,2024,2,2024-09-07,16:00,ARK,OKST,31.0,39.0,Home,
cfb_401636616,2024,2,2024-09-07,16:00,KSU,TULN,34.0,27.0,Home,
cfb_401628462,2024,2,2024-09-07,23:00,KU,ILL,17.0,23.0,Home,
cfb_401628464,2024,2,2024-09-07,19:30,ISU,IOWA,20.0,19.0,Home,
cfb_401635535,2024,2,2024-09-07,19:30,JVST,LOU,14.0,49.0,Home,
cfb_401635534,2024,2,2024-09-07,16:00,GT,SYR,28.0,31.0,Home,
cfb_401628471,2024,2,2024-09-07,16:00,AKR,RUTG,17.0,49.0,Home,
cfb_401635538,2024,2,2024-09-07,16:00,PITT,CIN,28.0,27.0,Home,
cfb_401643784,2024,2,2024-09-07,16:00,TROY,MEM,17.0,38.0,Home,
cfb_401645323,2024,2,2024-09-07,16:00,ARMY,FAU,24.0,7.0,Home,
cfb_401628337,2024,2,2024-09-07,19:30,CAL,AUB,21.0,14.0,Home,
cfb_401628340,2024,2,2024-09-07,19:30,SC,UK,31.0,6.0,Home,
cfb_401628465,2024,2,2024-09-07,19:30,MSU,MD,27.0,24.0,Home,
cfb_401628473,2024,2,2024-09-07,19:30,EMU,WASH,9.0,30.0,Home,
cfb_401629040,2024,2,2024-09-07,19:30,MASS,TOL,23.0,38.0,Home,
cfb_401635537,2024,2,2024-09-07,19:30,CLT,UNC,20.0,38.0,Home,
cfb_401645324,2024,2,2024-09-07,19:30,TEM,NAVY,11.0,38.0,Home,
cfb_401643783,2024,2,2024-09-07,20:00,UTSA,TXST,10.0,49.0,Home,
cfb_401635540,2024,2,2024-09-07,20:30,MRSH,VT,14.0,31.0,Home,
cfb_401640979,2024,2,2024-09-07,22:00,CMU,FIU,16.0,52.0,Home,
cfb_401643778,2024,2,2024-09-07,22:00,ECU,ODU,20.0,14.0,Home,
cfb_401643781,2024,2,2024-09-07,22:00,USA,OHIO,20.0,27.0,Home,
cfb_401635639,2024,2,2024-09-07,23:00,UVA,WAKE,31.0,30.0,Home,
cfb_401641016,2024,2,2024-09-07,23:00,UL,KENN,34.0,10.0,Home,
cfb_401643705,2024,2,2024-09-07,23:00,SJSU,AFA,17.0,7.0,Home,
cfb_401643708,2024,2,2024-09-07,23:00,GASO,NEV,20.0,17.0,Home,
cfb_401643779,2024,2,2024-09-07,23:00,TLSA,ARST,24.0,28.0,Home,
cfb_401643780,2024,2,2024-09-07,23:00,UAB,ULM,6.0,32.0,Home,
cfb_401636617,2024,2,2024-09-07,23:02,SHSU,UCF,14.0,45.0,Home,
cfb_401628467,2024,2,2024-09-07,23:30,COLO,NEB,10.0,28.0,Home,
cfb_401628469,2024,2,2024-09-08,02:00,BOIS,ORE,34.0,37.0,Home,
cfb_401628472,2024,2,2024-09-08,03:00,USU,USC,0.0,48.0,Home,
cfb_401635532,2024,2,2024-09-08,00:00,APP,CLEM,20.0,66.0,Home,
cfb_401636859,2024,2,2024-09-08,02:00,TTU,WSU,16.0,37.0,Home,
cfb_401640989,2024,2,2024-09-08,02:15,LIB,NMSU,30.0,24.0,Home,
cfb_401628343,2024,2,2024-09-08,02:30,MSST,ASU,23.0,30.0,Home,
cfb_401643709,2024,2,2024-09-08,02:30,ORST,SDSU,21.0,0.0,Home,
cfb_401636867,2024,3,2024-09-12,23:30,ASU,TXST,31.0,28.0,Home,
cfb_401636863,2024,3,2024-09-13,23:00,UNLV,KU,23.0,20.0,Home,
cfb_401636864,2024,3,2024-09-14,00:00,ARIZ,KSU,7.0,31.0,Home,
cfb_401628354,2024,3,2024-09-14,23:30,UGA,UK,13.0,12.0,Home,
cfb_401628361,2024,3,2024-09-14,23:00,UTSA,TEX,7.0,56.0,Home,
cfb_401628350,2024,3,2024-09-14,16:00,ALA,WIS,42.0,10.0,Home,
cfb_401628355,2024,3,2024-09-14,22:30,MISS,WAKE,40.0,6.0,Home,
cfb_401628357,2024,3,2024-09-14,16:45,BC,MIZ,21.0,27.0,Home,
cfb_401628360,2024,3,2024-09-14,23:45,KENT,TENN,0.0,71.0,Home,
cfb_401628483,2024,3,2024-09-14,19:30,ORE,ORST,49.0,14.0,Home,
cfb_401635544,2024,3,2024-09-14,21:55,BALL,MIA,0.0,62.0,Home,
cfb_401636870,2024,3,2024-09-14,20:30,UTAH,USU,38.0,21.0,Home,
cfb_401636869,2024,3,2024-09-14,16:00,OKST,TLSA,45.0,10.0,Home,
cfb_401628358,2024,3,2024-09-14,19:30,TULN,OU,19.0,34.0,Home,
cfb_401628359,2024,3,2024-09-14,16:00,LSU,SC,36.0,33.0,Home,
cfb_401628479,2024,3,2024-09-14,16:00,ARST,MICH,18.0,28.0,Home,
cfb_401628978,2024,3,2024-09-14,19:30,ND,PUR,66.0,7.0,Home,
cfb_401628475,2024,3,2024-09-14,16:00,CMU,ILL,9.0,30.0,Home,
cfb_401635542,2024,3,2024-09-14,16:00,MEM,FSU,20.0,12.0,Home,
cfb_401635546,2024,3,2024-09-14,16:00,LT,NCSU,20.0,30.0,Home,
cfb_401636865,2024,3,2024-09-14,16:00,CIN,M-OH,27.0,16.0,Home,
cfb_401636868,2024,3,2024-09-14,16:00,UNT,TTU,21.0,66.0,Home,
cfb_401629041,2024,3,2024-09-14,17:00,MASS,BUFF,3.0,34.0,Home,
cfb_401643786,2024,3,2024-09-14,18:00,CCU,TEM,28.0,20.0,Home,
cfb_401628353,2024,3,2024-09-14,19:30,TA&M,FLA,33.0,20.0,Home,
cfb_401628481,2024,3,2024-09-14,19:30,NEV,MINN,0.0,27.0,Home,
cfb_401628484,2024,3,2024-09-14,19:30,WSU,WASH,24.0,19.0,Neutral,
cfb_401635547,2024,3,2024-09-14,19:30,WVU,PITT,34.0,38.0,Home,
cfb_401628477,2024,3,2024-09-14,20:00,TROY,IOWA,21.0,38.0,Home,
cfb_401643785,2024,3,2024-09-14,20:00,APP,ECU,21.0,19.0,Home,
cfb_401628351,2024,3,2024-09-14,20:15,UAB,ARK,27.0,37.0,Home,
cfb_401629030,2024,3,2024-09-14,22:00,CONN,DUKE,21.0,26.0,Home,
cfb_401635548,2024,3,2024-09-14,22:00,VT,ODU,37.0,17.0,Home,
cfb_401640990,2024,3,2024-09-14,22:00,UTEP,LIB,10.0,28.0,Home,
cfb_401628362,2024,3,2024-09-14,23:00,VAN,GAST,32.0,36.0,Home,
cfb_401640999,2024,3,2024-09-14,23:00,JVST,EMU,34.0,37.0,Home,
cfb_401641017,2024,3,2024-09-14,23:00,KENN,SJSU,10.0,31.0,Home,
cfb_401641024,2024,3,2024-09-14,23:00,WKU,MTSU,49.0,21.0,Home,
cfb_401641040,2024,3,2024-09-14,23:00,HAW,SHSU,13.0,31.0,Home,
cfb_401643789,2024,3,2024-09-14,23:00,USF,USM,49.0,24.0,Home,
cfb_401628352,2024,3,2024-09-14,23:30,UNM,AUB,19.0,45.0,Home,
cfb_401628356,2024,3,2024-09-14,23:30,TOL,MSST,41.0,17.0,Home,
cfb_401628476,2024,3,2024-09-14,23:30,IU,UCLA,42.0,13.0,Home,
cfb_401636860,2024,3,2024-09-14,23:30,AFA,BAY,3.0,31.0,Home,
cfb_401636861,2024,3,2024-09-14,23:30,COLO,CSU,28.0,9.0,Home,
cfb_401636866,2024,3,2024-09-14,23:30,UCF,TCU,35.0,34.0,Home,
cfb_401640980,2024,3,2024-09-14,23:42,FIU,FAU,20.0,38.0,Home,
cfb_401628478,2024,3,2024-09-15,00:00,MD,UVA,27.0,13.0,Home,
cfb_401636862,2024,3,2024-09-15,00:00,RICE,HOU,7.0,33.0,Home,
cfb_401636871,2024,3,2024-09-15,01:00,BYU,WYO,34.0,14.0,Home,
cfb_401635541,2024,3,2024-09-15,02:30,SDSU,CAL,10.0,31.0,Home,
cfb_401641033,2024,3,2024-09-15,02:30,NMSU,FRES,0.0,48.0,Home,
cfb_401643790,2024,4,2024-09-19,23:30,USA,APP,48.0,14.0,Home,
cfb_401634766,2024,4,2024-09-20,23:30,STAN,SYR,26.0,24.0,Home,
cfb_401628485,2024,4,2024-09-21,00:00,ILL,NEB,31.0,24.0,Home,
cfb_401643714,2024,4,2024-09-21,02:00,SJSU,WSU,52.0,54.0,Home,
cfb_401628492,2024,4,2024-09-21,16:00,MRSH,OSU,14.0,49.0,Home,
cfb_401628366,2024,4,2024-09-21,23:45,GASO,MISS,13.0,52.0,Home,
cfb_401628369,2024,4,2024-09-21,23:30,TENN,OU,25.0,15.0,Home,
cfb_401628368,2024,4,2024-09-21,20:15,VAN,MIZ,27.0,30.0,Home,
cfb_401635555,2024,4,2024-09-21,23:00,MIA,USF,50.0,15.0,Home,
cfb_401628493,2024,4,2024-09-21,19:30,KENT,PSU,0.0,56.0,Home,
cfb_401628489,2024,4,2024-09-21,19:30,USC,MICH,24.0,27.0,Home,
cfb_401636876,2024,4,2024-09-21,20:00,UTAH,OKST,22.0,19.0,Home,
cfb_401628365,2024,4,2024-09-21,19:30,UCLA,LSU,17.0,34.0,Home,
cfb_401628979,2024,4,2024-09-21,19:30,M-OH,ND,3.0,28.0,Home,
cfb_401635554,2024,4,2024-09-21,19:30,GT,LOU,19.0,31.0,Home,
cfb_401636875,2024,4,2024-09-21,18:00,ARST,ISU,7.0,52.0,Home,
cfb_401635552,2024,4,2024-09-21,16:00,NCSU,CLEM,35.0,59.0,Home,
cfb_401644736,2024,4,2024-09-21,19:30,BUFF,NIU,23.0,20.0,Home,
cfb_401628372,2024,4,2024-09-21,23:30,BGSU,TA&M,20.0,26.0,Home,
cfb_401628367,2024,4,2024-09-21,16:00,FLA,MSST,45.0,28.0,Home,
cfb_401628486,2024,4,2024-09-21,16:00,CLT,IU,14.0,52.0,Home,
cfb_401635556,2024,4,2024-09-21,16:00,JMU,UNC,70.0,50.0,Home,
cfb_401636873,2024,4,2024-09-21,16:00,HOU,CIN,0.0,34.0,Home,
cfb_401636879,2024,4,2024-09-21,16:00,KU,WVU,28.0,32.0,Home,
cfb_401643791,2024,4,2024-09-21,16:00,TULN,UL,41.0,33.0,Home,
cfb_401645328,2024,4,2024-09-21,16:00,RICE,ARMY,14.0,37.0,Home,
cfb_401628364,2024,4,2024-09-21,16:45,OHIO,UK,6.0,41.0,Home,
cfb_401644735,2024,4,2024-09-21,17:00,BALL,CMU,34.0,37.0,Home,
cfb_401635558,2024,4,2024-09-21,18:00,UVA,CCU,43.0,24.0,Home,
cfb_401643715,2024,4,2024-09-21,18:00,USU,TEM,29.0,45.0,Home,
cfb_401641000,2024,4,2024-09-21,19:00,USM,JVST,7.0,44.0,Home,
cfb_401628363,2024,4,2024-09-21,19:30,ARK,AUB,24.0,14.0,Home,
cfb_401628494,2024,4,2024-09-21,19:30,RUTG,VT,26.0,23.0,Home,
cfb_401636877,2024,4,2024-09-21,19:30,ASU,TTU,22.0,30.0,Home,
cfb_401645329,2024,4,2024-09-21,19:30,MEM,NAVY,44.0,56.0,Home,
cfb_401635553,2024,4,2024-09-21,20:00,DUKE,MTSU,45.0,17.0,Home,
cfb_401635557,2024,4,2024-09-21,21:00,TCU,SMU,42.0,66.0,Home,
cfb_401641028,2024,4,2024-09-21,21:00,UTEP,CSU,17.0,27.0,Home,
cfb_401640991,2024,4,2024-09-21,22:00,ECU,LIB,24.0,35.0,Home,
cfb_401628491,2024,4,2024-09-21,23:00,NU,WASH,5.0,24.0,Home,
cfb_401629031,2024,4,2024-09-21,23:00,FAU,CONN,14.0,48.0,Home,
cfb_401635551,2024,4,2024-09-21,23:00,CAL,FSU,9.0,14.0,Home,
cfb_401641008,2024,4,2024-09-21,23:00,TLSA,LT,23.0,20.0,Home,
cfb_401641034,2024,4,2024-09-21,23:00,NMSU,SHSU,11.0,31.0,Home,
cfb_401641037,2024,4,2024-09-21,23:00,TOL,WKU,21.0,26.0,Home,
cfb_401643716,2024,4,2024-09-21,23:00,WYO,UNT,17.0,44.0,Home,
cfb_401628370,2024,4,2024-09-21,23:30,AKR,SC,7.0,50.0,Home,
cfb_401628487,2024,4,2024-09-21,23:30,IOWA,MINN,31.0,14.0,Home,
cfb_401628371,2024,4,2024-09-22,00:00,ULM,TEX,3.0,51.0,Home,
cfb_401636872,2024,4,2024-09-22,02:30,KSU,BYU,9.0,38.0,Home,
cfb_401628490,2024,4,2024-09-22,00:00,MSU,BC,19.0,23.0,Home,
cfb_401636874,2024,4,2024-09-22,00:00,BAY,COLO,31.0,38.0,Home,
cfb_401643711,2024,4,2024-09-22,00:30,FRES,UNM,38.0,21.0,Home,
cfb_401643717,2024,4,2024-09-22,00:30,PUR,ORST,21.0,38.0,Home,
cfb_401645331,2024,5,2024-09-26,23:30,ARMY,TEM,42.0,14.0,Home,
cfb_401634767,2024,5,2024-09-27,23:30,VT,MIA,34.0,38.0,Home,
cfb_401628501,2024,5,2024-09-28,00:00,WASH,RUTG,18.0,21.0,Home,
cfb_401628378,2024,5,2024-09-28,20:15,MSST,TEX,13.0,35.0,Home,
cfb_401628374,2024,5,2024-09-28,23:30,UGA,ALA,34.0,41.0,Home,
cfb_401628498,2024,5,2024-09-28,23:30,OSU,MSU,38.0,7.0,Home,
cfb_401628377,2024,5,2024-09-28,16:00,UK,MISS,20.0,17.0,Home,
cfb_401628495,2024,5,2024-09-28,23:30,ILL,PSU,7.0,21.0,Home,
cfb_401628497,2024,5,2024-09-28,16:00,MINN,MICH,24.0,27.0,Home,
cfb_401628502,2024,5,2024-09-28,19:30,WIS,USC,21.0,38.0,Home,
cfb_401628376,2024,5,2024-09-28,23:45,USA,LSU,10.0,42.0,Home,
cfb_401628980,2024,5,2024-09-28,19:30,LOU,ND,24.0,31.0,Home,
cfb_401635561,2024,5,2024-09-28,23:00,STAN,CLEM,14.0,40.0,Home,
cfb_401636881,2024,5,2024-09-28,23:00,ISU,HOU,20.0,0.0,Home,
cfb_401636883,2024,5,2024-09-28,16:00,OKST,KSU,20.0,42.0,Home,
cfb_401628375,2024,5,2024-09-28,19:30,OU,AUB,27.0,21.0,Home,
cfb_401636880,2024,5,2024-09-28,16:00,BYU,BAY,34.0,28.0,Home,
cfb_401628373,2024,5,2024-09-28,19:30,ARK,TA&M,17.0,21.0,Neutral,
cfb_401628496,2024,5,2024-09-28,16:00,MD,IU,28.0,42.0,Home,
cfb_401628499,2024,5,2024-09-28,16:00,NEB,PUR,28.0,10.0,Home,
cfb_401629032,2024,5,2024-09-28,16:00,BUFF,CONN,3.0,47.0,Home,
cfb_401635560,2024,5,2024-09-28,16:00,WKU,BC,20.0,21.0,Home,
cfb_401635564,2024,5,2024-09-28,16:00,NIU,NCSU,17.0,24.0,Home,
cfb_401645332,2024,5,2024-09-28,16:00,NAVY,UAB,41.0,18.0,Home,
cfb_401645337,2024,5,2024-09-28,16:00,USF,TULN,10.0,45.0,Home,
cfb_401643793,2024,5,2024-09-28,17:30,BALL,JMU,7.0,63.0,Home,
cfb_401641041,2024,5,2024-09-28,19:00,TXST,SHSU,39.0,40.0,Neutral,
cfb_401629043,2024,5,2024-09-28,19:30,MASS,M-OH,20.0,23.0,Home,
cfb_401635659,2024,5,2024-09-28,19:30,UL,WAKE,41.0,38.0,Home,
cfb_401636882,2024,5,2024-09-28,19:30,TCU,KU,38.0,27.0,Home,
cfb_401643720,2024,5,2024-09-28,19:30,FRES,UNLV,14.0,59.0,Home,
cfb_401643721,2024,5,2024-09-28,19:30,SDSU,CMU,21.0,22.0,Home,
cfb_401643792,2024,5,2024-09-28,19:30,GASO,GAST,38.0,21.0,Home,
cfb_401643794,2024,5,2024-09-28,19:30,WMU,MRSH,20.0,27.0,Home,
cfb_401644738,2024,5,2024-09-28,19:30,AKR,OHIO,10.0,30.0,Home,
cfb_401644739,2024,5,2024-09-28,19:30,EMU,KENT,52.0,33.0,Home,
cfb_401635562,2024,5,2024-09-28,20:00,UNC,DUKE,20.0,21.0,Home,
cfb_401645334,2024,5,2024-09-28,20:00,UTSA,ECU,20.0,30.0,Home,
cfb_401636885,2024,5,2024-09-28,20:20,COLO,UCF,48.0,21.0,Home,
cfb_401643795,2024,5,2024-09-28,21:00,ODU,BGSU,30.0,27.0,Home,
cfb_401640981,2024,5,2024-09-28,22:00,LT,FIU,10.0,17.0,Home,
cfb_401643796,2024,5,2024-09-28,23:00,ULM,TROY,13.0,9.0,Home,
cfb_401645333,2024,5,2024-09-28,23:00,CLT,RICE,21.0,20.0,Home,
cfb_401645336,2024,5,2024-09-28,23:00,TLSA,UNT,20.0,52.0,Home,
cfb_401641025,2024,5,2024-09-28,23:30,MTSU,MEM,7.0,24.0,Home,
cfb_401640992,2024,5,2024-09-28,19:30,LIB,APP,,,Home,
cfb_401628500,2024,5,2024-09-29,03:00,ORE,UCLA,34.0,13.0,Home,
cfb_401636886,2024,5,2024-09-29,02:15,ARIZ,UTAH,23.0,10.0,Home,
cfb_401643719,2024,5,2024-09-29,02:00,WSU,BOIS,24.0,45.0,Home,
cfb_401635563,2024,5,2024-09-29,00:00,FSU,SMU,16.0,42.0,Home,
cfb_401636884,2024,5,2024-09-29,00:00,CIN,TTU,41.0,44.0,Home,
cfb_401641035,2024,5,2024-09-29,00:00,UNM,NMSU,50.0,40.0,Home,
cfb_401643718,2024,5,2024-09-29,00:00,AFA,WYO,19.0,31.0,Home,
cfb_401643797,2024,6,2024-10-03,23:00,TXST,TROY,38.0,17.0,Home,
cfb_401641029,2024,6,2024-10-04,01:00,SHSU,UTEP,41.0,21.0,Home,
cfb_401641001,2024,6,2024-10-04,23:00,JVST,KENN,63.0,24.0,Home,
cfb_401636891,2024,6,2024-10-04,23:30,HOU,TCU,30.0,19.0,Home,
cfb_401628506,2024,6,2024-10-05,01:00,MSU,ORE,10.0,31.0,Home,
cfb_401634779,2024,6,2024-10-05,01:00,SYR,UNLV,44.0,41.0,Home,
cfb_401628384,2024,6,2024-10-05,20:15,ALA,VAN,35.0,40.0,Home,
cfb_401628504,2024,6,2024-10-05,19:30,IOWA,OSU,7.0,35.0,Home,
cfb_401628379,2024,6,2024-10-05,23:30,TENN,ARK,14.0,19.0,Home,
cfb_401628381,2024,6,2024-10-05,19:30,AUB,UGA,13.0,31.0,Home,
cfb_401628510,2024,6,2024-10-05,16:00,UCLA,PSU,11.0,27.0,Home,
cfb_401628383,2024,6,2024-10-05,16:00,MIZ,TA&M,10.0,41.0,Home,
cfb_401628505,2024,6,2024-10-05,23:30,MICH,WASH,17.0,27.0,Home,
cfb_401628507,2024,6,2024-10-05,23:30,USC,MINN,17.0,24.0,Home,
cfb_401628382,2024,6,2024-10-05,19:30,MISS,SC,27.0,3.0,Home,
cfb_401635569,2024,6,2024-10-05,23:00,CLEM,FSU,29.0,13.0,Home,
cfb_401636889,2024,6,2024-10-05,23:30,BAY,ISU,21.0,43.0,Home,
cfb_401643723,2024,6,2024-10-05,23:00,USU,BOIS,30.0,62.0,Home,
cfb_401635571,2024,6,2024-10-05,16:00,SMU,LOU,34.0,27.0,Home,
cfb_401628503,2024,6,2024-10-05,19:30,IU,NU,41.0,24.0,Home,
cfb_401628509,2024,6,2024-10-05,16:00,PUR,WIS,6.0,52.0,Home,
cfb_401629044,2024,6,2024-10-05,16:00,MASS,NIU,20.0,34.0,Home,
cfb_401635567,2024,6,2024-10-05,16:00,BC,UVA,14.0,24.0,Home,
cfb_401635572,2024,6,2024-10-05,16:00,PITT,UNC,34.0,24.0,Home,
cfb_401635638,2024,6,2024-10-05,16:00,WAKE,NCSU,34.0,30.0,Home,
cfb_401643722,2024,6,2024-10-05,16:00,NAVY,AFA,34.0,7.0,Home,
cfb_401645339,2024,6,2024-10-05,16:00,ARMY,TLSA,49.0,7.0,Home,
cfb_401645338,2024,6,2024-10-05,17:00,TULN,UAB,71.0,20.0,Home,
cfb_401644741,2024,6,2024-10-05,18:00,WMU,BALL,45.0,42.0,Home,
cfb_401629033,2024,6,2024-10-05,19:30,TEM,CONN,20.0,29.0,Home,
cfb_401635573,2024,6,2024-10-05,19:30,VT,STAN,31.0,7.0,Home,
cfb_401643799,2024,6,2024-10-05,19:30,APP,MRSH,37.0,52.0,Home,
cfb_401644684,2024,6,2024-10-05,19:30,M-OH,TOL,20.0,30.0,Home,
cfb_401644740,2024,6,2024-10-05,19:30,BGSU,AKR,27.0,20.0,Home,
cfb_401645340,2024,6,2024-10-05,19:30,ECU,CLT,24.0,55.0,Home,
cfb_401628508,2024,6,2024-10-05,20:00,RUTG,NEB,7.0,14.0,Home,
cfb_401636890,2024,6,2024-10-05,20:00,WVU,OKST,38.0,14.0,Home,
cfb_401643724,2024,6,2024-10-05,22:30,CSU,ORST,31.0,39.0,Home,
cfb_401643798,2024,6,2024-10-05,23:00,ODU,CCU,37.0,45.0,Home,
cfb_401643800,2024,6,2024-10-05,23:00,USA,ARST,16.0,18.0,Home,
cfb_401643801,2024,6,2024-10-05,23:00,JMU,ULM,19.0,21.0,Home,
cfb_401643802,2024,6,2024-10-05,23:00,UL,USM,23.0,13.0,Home,
cfb_401643726,2024,6,2024-10-05,23:30,NEV,SJSU,31.0,35.0,Home,
cfb_401628380,2024,6,2024-10-05,23:45,UCF,FLA,13.0,24.0,Home,
cfb_401635568,2024,6,2024-10-06,02:30,MIA,CAL,39.0,38.0,Home,
cfb_401635570,2024,6,2024-10-06,00:00,DUKE,GT,14.0,24.0,Home,
cfb_401636888,2024,6,2024-10-06,00:00,KU,ASU,31.0,35.0,Home,
cfb_401643725,2024,6,2024-10-06,00:00,HAW,SDSU,24.0,27.0,Home,
cfb_401636887,2024,6,2024-10-06,03:00,TTU,ARIZ,28.0,22.0,Home,
cfb_401640982,2024,7,2024-10-08,23:00,FIU,LIB,24.0,31.0,Home,
cfb_401641002,2024,7,2024-10-09,23:30,NMSU,JVST,13.0,54.0,Home,
cfb_401643803,2024,7,2024-10-10,23:30,CCU,JMU,7.0,39.0,Home,
cfb_401641009,2024,7,2024-10-11,00:00,MTSU,LT,21.0,48.0,Home,
cfb_401641030,2024,7,2024-10-11,00:00,UTEP,WKU,17.0,44.0,Home,
cfb_401636892,2024,7,2024-10-12,02:30,UTAH,ASU,19.0,27.0,Home,
cfb_401628513,2024,7,2024-10-12,00:00,NU,MD,37.0,10.0,Home,
cfb_401643733,2024,7,2024-10-12,01:00,UNLV,USU,50.0,34.0,Home,
cfb_401628390,2024,7,2024-10-12,19:30,TEX,OU,34.0,3.0,Neutral,
cfb_401628515,2024,7,2024-10-12,23:30,OSU,ORE,31.0,32.0,Home,
cfb_401628516,2024,7,2024-10-12,19:30,PSU,USC,33.0,30.0,Home,
cfb_401628386,2024,7,2024-10-12,20:15,MSST,UGA,31.0,41.0,Home,
cfb_401628385,2024,7,2024-10-12,16:00,SC,ALA,25.0,27.0,Home,
cfb_401628391,2024,7,2024-10-12,23:00,FLA,TENN,17.0,23.0,Home,
cfb_401628388,2024,7,2024-10-12,23:30,MISS,LSU,26.0,29.0,Home,
cfb_401635576,2024,7,2024-10-12,16:00,CLEM,WAKE,49.0,14.0,Home,
cfb_401628981,2024,7,2024-10-12,19:30,STAN,ND,7.0,49.0,Home,
cfb_401636893,2024,7,2024-10-12,20:00,ARIZ,BYU,19.0,41.0,Home,
cfb_401628389,2024,7,2024-10-12,16:00,MIZ,MASS,45.0,3.0,Home,
cfb_401635575,2024,7,2024-10-12,19:30,CAL,PITT,15.0,17.0,Home,
cfb_401628511,2024,7,2024-10-12,19:30,PUR,ILL,49.0,50.0,Home,
cfb_401628512,2024,7,2024-10-12,16:00,WASH,IOWA,16.0,40.0,Home,
cfb_401628517,2024,7,2024-10-12,16:00,WIS,RUTG,42.0,7.0,Home,
cfb_401635577,2024,7,2024-10-12,16:00,GT,UNC,41.0,34.0,Home,
cfb_401644743,2024,7,2024-10-12,16:00,BALL,KENT,37.0,35.0,Home,
cfb_401644745,2024,7,2024-10-12,16:00,TOL,BUFF,15.0,30.0,Home,
cfb_401645342,2024,7,2024-10-12,16:00,UAB,ARMY,10.0,44.0,Home,
cfb_401644685,2024,7,2024-10-12,18:00,M-OH,EMU,38.0,14.0,Home,
cfb_401635578,2024,7,2024-10-12,19:30,LOU,UVA,24.0,20.0,Home,
cfb_401636895,2024,7,2024-10-12,19:30,CIN,UCF,19.0,13.0,Home,
cfb_401643729,2024,7,2024-10-12,19:30,SJSU,CSU,24.0,31.0,Home,
cfb_401643732,2024,7,2024-10-12,19:30,SDSU,WYO,27.0,24.0,Home,
cfb_401643805,2024,7,2024-10-12,19:30,ODU,GAST,21.0,14.0,Home,
cfb_401644742,2024,7,2024-10-12,19:30,AKR,WMU,24.0,34.0,Home,
cfb_401644744,2024,7,2024-10-12,19:30,NIU,BGSU,17.0,7.0,Home,
cfb_401645341,2024,7,2024-10-12,19:30,MEM,USF,21.0,3.0,Home,
cfb_401644746,2024,7,2024-10-12,20:00,OHIO,CMU,27.0,25.0,Home,
cfb_401643807,2024,7,2024-10-12,21:00,USM,ULM,21.0,38.0,Home,
cfb_401643727,2024,7,2024-10-12,23:00,AFA,UNM,37.0,52.0,Home,
cfb_401643730,2024,7,2024-10-12,23:00,WSU,FRES,25.0,17.0,Home,
cfb_401643808,2024,7,2024-10-12,23:00,ARST,TXST,9.0,41.0,Home,
cfb_401645343,2024,7,2024-10-12,23:00,UNT,FAU,41.0,37.0,Home,
cfb_401645344,2024,7,2024-10-12,23:00,UTSA,RICE,27.0,29.0,Home,
cfb_401643731,2024,7,2024-10-12,23:30,ORST,NEV,37.0,42.0,Home,
cfb_401643806,2024,7,2024-10-12,23:30,APP,UL,24.0,34.0,Home,
cfb_401628387,2024,7,2024-10-12,23:55,VAN,UK,20.0,13.0,Home,
cfb_401636896,2024,7,2024-10-13,00:00,ISU,WVU,28.0,16.0,Home,
cfb_401643728,2024,7,2024-10-13,03:00,BOIS,HAW,28.0,7.0,Home,
cfb_401636894,2024,7,2024-10-13,02:25,KSU,COLO,31.0,28.0,Home,
cfb_401635574,2024,7,2024-10-13,00:00,SYR,NCSU,24.0,17.0,Home,
cfb_401643804,2024,7,2024-10-13,00:00,MRSH,GASO,23.0,24.0,Home,
cfb_401628514,2024,7,2024-10-13,01:00,MINN,UCLA,21.0,17.0,Home,
cfb_401643809,2024,8,2024-10-15,23:30,TROY,USA,9.0,25.0,Home,
cfb_401641019,2024,8,2024-10-16,00:00,KENN,MTSU,5.0,14.0,Home,
cfb_401641010,2024,8,2024-10-16,01:00,LT,NMSU,30.0,33.0,Home,
cfb_401641038,2024,8,2024-10-16,23:00,WKU,SHSU,31.0,14.0,Home,
cfb_401640983,2024,8,2024-10-17,01:00,FIU,UTEP,21.0,30.0,Home,
cfb_401643810,2024,8,2024-10-17,23:00,GAST,MRSH,20.0,35.0,Home,
cfb_401634768,2024,8,2024-10-17,23:30,BC,VT,21.0,42.0,Home,
cfb_401634769,2024,8,2024-10-18,23:00,FSU,DUKE,16.0,23.0,Home,
cfb_401628523,2024,8,2024-10-19,00:00,ORE,PUR,35.0,0.0,Home,
cfb_401636898,2024,8,2024-10-19,02:15,OKST,BYU,35.0,38.0,Home,
cfb_401643735,2024,8,2024-10-19,02:30,FRES,NEV,24.0,21.0,Home,
cfb_401628398,2024,8,2024-10-19,23:49,UGA,TEX,30.0,15.0,Home,
cfb_401635589,2024,8,2024-10-19,16:00,MIA,LOU,52.0,45.0,Home,
cfb_401628397,2024,8,2024-10-19,19:30,ALA,TENN,17.0,24.0,Home,
cfb_401628392,2024,8,2024-10-19,23:00,LSU,ARK,34.0,10.0,Home,
cfb_401636900,2024,8,2024-10-19,23:30,UCF,ISU,35.0,38.0,Home,
cfb_401635588,2024,8,2024-10-19,16:00,UVA,CLEM,31.0,48.0,Home,
cfb_401628982,2024,8,2024-10-19,19:30,ND,GT,31.0,13.0,Neutral,
cfb_401628394,2024,8,2024-10-19,20:15,TA&M,MSST,34.0,24.0,Home,
cfb_401628519,2024,8,2024-10-19,16:00,NEB,IU,7.0,56.0,Home,
cfb_401636904,2024,8,2024-10-19,23:30,KSU,WVU,45.0,18.0,Home,
cfb_401628395,2024,8,2024-10-19,16:00,AUB,MIZ,17.0,21.0,Home,
cfb_401628518,2024,8,2024-10-19,19:30,MICH,ILL,7.0,21.0,Home,
cfb_401645346,2024,8,2024-10-19,16:00,ECU,ARMY,28.0,45.0,Home,
cfb_401645347,2024,8,2024-10-19,19:30,CLT,NAVY,17.0,51.0,Home,
cfb_401628522,2024,8,2024-10-19,16:00,WIS,NU,23.0,3.0,Home,
cfb_401628524,2024,8,2024-10-19,16:00,UCLA,RUTG,35.0,32.0,Home,
cfb_401629034,2024,8,2024-10-19,16:00,WAKE,CONN,23.0,20.0,Home,
cfb_401636899,2024,8,2024-10-19,16:00,ASU,CIN,14.0,24.0,Home,
cfb_401643811,2024,8,2024-10-19,16:00,UL,CCU,34.0,24.0,Home,
cfb_401628396,2024,8,2024-10-19,16:45,SC,OU,35.0,9.0,Home,
cfb_401644750,2024,8,2024-10-19,18:00,CMU,EMU,34.0,38.0,Home,
cfb_401645351,2024,8,2024-10-19,18:00,TLSA,TEM,10.0,20.0,Home,
cfb_401635587,2024,8,2024-10-19,19:30,NCSU,CAL,24.0,23.0,Home,
cfb_401636901,2024,8,2024-10-19,19:30,HOU,KU,14.0,42.0,Home,
cfb_401643736,2024,8,2024-10-19,19:30,HAW,WSU,10.0,42.0,Home,
cfb_401643813,2024,8,2024-10-19,19:30,TXST,ODU,14.0,24.0,Home,
cfb_401644686,2024,8,2024-10-19,19:30,OHIO,M-OH,20.0,30.0,Home,
cfb_401644748,2024,8,2024-10-19,19:30,KENT,BGSU,6.0,27.0,Home,
cfb_401644749,2024,8,2024-10-19,19:30,WMU,BUFF,48.0,41.0,Home,
cfb_401644751,2024,8,2024-10-19,19:30,TOL,NIU,13.0,6.0,Home,
cfb_401645345,2024,8,2024-10-19,19:30,UAB,USF,25.0,35.0,Home,
cfb_401645348,2024,8,2024-10-19,19:30,FAU,UTSA,24.0,38.0,Home,
cfb_401645350,2024,8,2024-10-19,19:30,RICE,TULN,10.0,24.0,Home,
cfb_401628521,2024,8,2024-10-19,20:00,USC,MD,28.0,29.0,Home,
cfb_401636897,2024,8,2024-10-19,20:00,COLO,ARIZ,34.0,7.0,Home,
cfb_401636902,2024,8,2024-10-19,20:00,BAY,TTU,59.0,35.0,Home,
cfb_401643737,2024,8,2024-10-19,20:00,UNM,USU,50.0,45.0,Home,
cfb_401643738,2024,8,2024-10-19,20:00,WYO,SJSU,14.0,24.0,Home,
cfb_401643812,2024,8,2024-10-19,20:00,JMU,GASO,14.0,28.0,Home,
cfb_401628399,2024,8,2024-10-19,23:00,BALL,VAN,14.0,24.0,Home,
cfb_401643814,2024,8,2024-10-19,23:00,ARST,USM,44.0,28.0,Home,
cfb_401628520,2024,8,2024-10-19,23:30,IOWA,MSU,20.0,32.0,Home,
cfb_401645349,2024,8,2024-10-19,23:30,UNT,MEM,44.0,52.0,Home,
cfb_401628393,2024,8,2024-10-19,23:45,UK,FLA,20.0,48.0,Home,
cfb_401635590,2024,8,2024-10-20,00:00,SMU,STAN,40.0,10.0,Home,
cfb_401643734,2024,8,2024-10-20,00:00,CSU,AFA,21.0,13.0,Home,
cfb_401643739,2024,8,2024-10-20,02:00,UNLV,ORST,33.0,25.0,Home,
cfb_401636903,2024,8,2024-10-20,02:30,TCU,UTAH,13.0,7.0,Home,
cfb_401640984,2024,9,2024-10-22,23:30,SHSU,FIU,10.0,7.0,Home,
cfb_401641011,2024,9,2024-10-23,00:00,UTEP,LT,10.0,14.0,Home,
cfb_401640993,2024,9,2024-10-23,23:00,LIB,KENN,24.0,27.0,Home,
cfb_401641003,2024,9,2024-10-23,23:30,MTSU,JVST,20.0,42.0,Home,
cfb_401634770,2024,9,2024-10-24,23:30,SYR,PITT,13.0,41.0,Home,
cfb_401643815,2024,9,2024-10-24,23:00,GASO,ODU,19.0,47.0,Home,
cfb_401634771,2024,9,2024-10-25,23:30,LOU,BC,31.0,27.0,Home,
cfb_401643740,2024,9,2024-10-26,02:30,BOIS,UNLV,29.0,24.0,Home,
cfb_401628532,2024,9,2024-10-26,03:00,RUTG,USC,20.0,42.0,Home,
cfb_401628525,2024,9,2024-10-26,19:30,ILL,ORE,9.0,38.0,Home,
cfb_401628531,2024,9,2024-10-26,23:30,PSU,WIS,28.0,13.0,Home,
cfb_401628530,2024,9,2024-10-26,16:00,NEB,OSU,17.0,21.0,Home,
cfb_401628405,2024,9,2024-10-26,20:15,TEX,VAN,27.0,24.0,Home,
cfb_401635596,2024,9,2024-10-26,23:00,FSU,MIA,14.0,36.0,Home,
cfb_401628404,2024,9,2024-10-26,23:30,LSU,TA&M,23.0,38.0,Home,
cfb_401636911,2024,9,2024-10-26,19:30,BYU,UCF,37.0,24.0,Home,
cfb_401628983,2024,9,2024-10-26,16:00,ND,NAVY,51.0,14.0,Neutral,
cfb_401628526,2024,9,2024-10-26,16:00,WASH,IU,17.0,31.0,Home,
cfb_401628400,2024,9,2024-10-26,19:30,MIZ,ALA,0.0,34.0,Home,
cfb_401628402,2024,9,2024-10-26,16:00,OU,MISS,14.0,26.0,Home,
cfb_401635597,2024,9,2024-10-26,16:00,GT,VT,6.0,21.0,Home,
cfb_401635598,2024,9,2024-10-26,16:00,UNC,UVA,41.0,14.0,Home,
cfb_401644755,2024,9,2024-10-26,16:00,BUFF,OHIO,16.0,47.0,Home,
cfb_401645353,2024,9,2024-10-26,16:00,CLT,MEM,28.0,33.0,Home,
cfb_401645354,2024,9,2024-10-26,16:00,TULN,UNT,45.0,37.0,Home,
cfb_401628403,2024,9,2024-10-26,16:45,ARK,MSST,58.0,25.0,Home,
cfb_401643816,2024,9,2024-10-26,17:00,GAST,APP,26.0,33.0,Home,
cfb_401644687,2024,9,2024-10-26,18:00,CMU,M-OH,7.0,46.0,Home,
cfb_401645352,2024,9,2024-10-26,18:00,TEM,ECU,34.0,56.0,Home,
cfb_401628527,2024,9,2024-10-26,19:30,NU,IOWA,14.0,40.0,Home,
cfb_401628528,2024,9,2024-10-26,19:30,MD,MINN,23.0,48.0,Home,
cfb_401629035,2024,9,2024-10-26,19:30,RICE,CONN,10.0,17.0,Home,
cfb_401635599,2024,9,2024-10-26,19:30,WAKE,STAN,27.0,24.0,Home,
cfb_401636906,2024,9,2024-10-26,19:30,OKST,BAY,28.0,38.0,Home,
cfb_401636910,2024,9,2024-10-26,19:30,TTU,TCU,34.0,35.0,Home,
cfb_401643817,2024,9,2024-10-26,19:30,USM,JMU,15.0,32.0,Home,
cfb_401644752,2024,9,2024-10-26,19:30,EMU,AKR,21.0,25.0,Home,
cfb_401644753,2024,9,2024-10-26,19:30,NIU,BALL,23.0,25.0,Home,
cfb_401644754,2024,9,2024-10-26,19:30,BGSU,TOL,41.0,26.0,Home,
cfb_401644756,2024,9,2024-10-26,19:30,KENT,WMU,21.0,52.0,Home,
cfb_401645355,2024,9,2024-10-26,19:30,UTSA,TLSA,45.0,46.0,Home,
cfb_401635594,2024,9,2024-10-26,20:00,ORST,CAL,7.0,44.0,Home,
cfb_401643741,2024,9,2024-10-26,21:00,UNM,CSU,6.0,17.0,Home,
cfb_401643819,2024,9,2024-10-26,21:00,ULM,USA,17.0,46.0,Home,
cfb_401636905,2024,9,2024-10-26,23:00,WVU,ARIZ,31.0,26.0,Home,
cfb_401636908,2024,9,2024-10-26,23:00,UTAH,HOU,14.0,17.0,Home,
cfb_401643745,2024,9,2024-10-26,23:00,USU,WYO,27.0,25.0,Home,
cfb_401643818,2024,9,2024-10-26,23:00,TROY,ARST,31.0,34.0,Home,
cfb_401628529,2024,9,2024-10-26,23:30,MSU,MICH,17.0,24.0,Home,
cfb_401628401,2024,9,2024-10-26,23:45,AUB,UK,24.0,10.0,Home,
cfb_401636909,2024,9,2024-10-27,00:00,KU,KSU,27.0,29.0,Home,
cfb_401635595,2024,9,2024-10-27,00:00,SMU,DUKE,28.0,27.0,Home,
cfb_401643742,2024,9,2024-10-27,00:00,SJSU,FRES,10.0,33.0,Home,
cfb_401636907,2024,9,2024-10-27,02:15,CIN,COLO,23.0,34.0,Home,
cfb_401643744,2024,9,2024-10-27,02:30,WSU,SDSU,29.0,26.0,Home,
cfb_401643743,2024,9,2024-10-27,03:59,NEV,HAW,13.0,34.0,Home,
cfb_401640985,2024,10,2024-10-29,23:00,NMSU,FIU,13.0,34.0,Home,
cfb_401643820,2024,10,2024-10-29,23:30,UL,TXST,23.0,17.0,Home,
cfb_401641012,2024,10,2024-10-30,00:00,LT,SHSU,3.0,9.0,Home,
cfb_401640994,2024,10,2024-10-30,23:00,JVST,LIB,31.0,21.0,Home,
cfb_401641020,2024,10,2024-10-30,23:30,KENN,WKU,14.0,31.0,Home,
cfb_401645356,2024,10,2024-10-31,23:30,TULN,CLT,34.0,3.0,Home,
cfb_401629036,2024,10,2024-11-01,23:00,GAST,CONN,27.0,34.0,Home,
cfb_401645357,2024,10,2024-11-01,23:30,USF,FAU,44.0,21.0,Home,
cfb_401643747,2024,10,2024-11-02,00:00,SDSU,BOIS,24.0,56.0,Home,
cfb_401628536,2024,10,2024-11-02,19:30,ORE,MICH,38.0,17.0,Home,
cfb_401628408,2024,10,2024-11-02,19:30,FLA,UGA,20.0,34.0,Neutral,
cfb_401628539,2024,10,2024-11-02,16:00,OSU,PSU,20.0,13.0,Home,
cfb_401635601,2024,10,2024-11-02,16:00,DUKE,MIA,31.0,53.0,Home,
cfb_401628412,2024,10,2024-11-02,23:45,UK,TENN,18.0,28.0,Home,
cfb_401628411,2024,10,2024-11-02,23:30,TA&M,SC,20.0,44.0,Home,
cfb_401636914,2024,10,2024-11-02,19:30,TTU,ISU,23.0,22.0,Home,
cfb_401635600,2024,10,2024-11-02,23:30,LOU,CLEM,33.0,21.0,Home,
cfb_401628534,2024,10,2024-11-02,19:30,IU,MSU,47.0,10.0,Home,
cfb_401636913,2024,10,2024-11-02,19:30,KSU,HOU,19.0,24.0,Home,
cfb_401628406,2024,10,2024-11-02,16:00,MISS,ARK,63.0,31.0,Home,
cfb_401643746,2024,10,2024-11-02,16:00,AFA,ARMY,3.0,20.0,Home,
cfb_401628533,2024,10,2024-11-02,16:00,MINN,ILL,25.0,17.0,Home,
cfb_401628538,2024,10,2024-11-02,16:00,NU,PUR,26.0,20.0,Home,
cfb_401635516,2024,10,2024-11-02,16:00,STAN,NCSU,28.0,59.0,Home,
cfb_401635604,2024,10,2024-11-02,16:00,VT,SYR,31.0,38.0,Home,
cfb_401644757,2024,10,2024-11-02,16:00,BUFF,AKR,41.0,30.0,Home,
cfb_401644758,2024,10,2024-11-02,16:00,TOL,EMU,29.0,28.0,Home,
cfb_401645359,2024,10,2024-11-02,16:00,MEM,UTSA,36.0,44.0,Home,
cfb_401628407,2024,10,2024-11-02,16:45,VAN,AUB,17.0,7.0,Home,
cfb_401643821,2024,10,2024-11-02,18:30,ODU,APP,20.0,28.0,Home,
cfb_401645358,2024,10,2024-11-02,18:30,TLSA,UAB,21.0,59.0,Home,
cfb_401628537,2024,10,2024-11-02,19:30,UCLA,NEB,27.0,20.0,Home,
cfb_401635602,2024,10,2024-11-02,19:30,UNC,FSU,35.0,11.0,Home,
cfb_401636915,2024,10,2024-11-02,19:30,ASU,OKST,42.0,21.0,Home,
cfb_401636916,2024,10,2024-11-02,19:30,ARIZ,UCF,12.0,56.0,Home,
cfb_401641026,2024,10,2024-11-02,19:30,MTSU,UTEP,20.0,13.0,Home,
cfb_401643822,2024,10,2024-11-02,19:30,ULM,MRSH,23.0,28.0,Home,
cfb_401643750,2024,10,2024-11-02,20:00,WYO,UNM,49.0,45.0,Home,
cfb_401643824,2024,10,2024-11-02,20:00,CCU,TROY,24.0,38.0,Home,
cfb_401645360,2024,10,2024-11-02,20:00,NAVY,RICE,10.0,24.0,Home,
cfb_401628409,2024,10,2024-11-02,20:15,MASS,MSST,20.0,45.0,Home,
cfb_401643749,2024,10,2024-11-02,23:00,HAW,FRES,21.0,20.0,Home,
cfb_401628535,2024,10,2024-11-02,23:30,WIS,IOWA,10.0,42.0,Home,
cfb_401628540,2024,10,2024-11-02,23:30,USC,WASH,21.0,26.0,Home,
cfb_401643823,2024,10,2024-11-02,23:30,GASO,USA,34.0,30.0,Home,
cfb_401635627,2024,10,2024-11-03,00:00,PITT,SMU,25.0,48.0,Home,
cfb_401636912,2024,10,2024-11-03,00:00,TCU,BAY,34.0,37.0,Home,
cfb_401643748,2024,10,2024-11-03,00:00,CSU,NEV,38.0,21.0,Home,
cfb_401644760,2024,11,2024-11-06,00:30,BGSU,CMU,23.0,13.0,Home,
cfb_401644688,2024,11,2024-11-06,01:00,M-OH,BALL,27.0,21.0,Home,
cfb_401644761,2024,11,2024-11-07,00:00,OHIO,KENT,41.0,0.0,Home,
cfb_401644762,2024,11,2024-11-07,00:00,NIU,WMU,42.0,28.0,Home,
cfb_401643825,2024,11,2024-11-08,01:00,APP,CCU,24.0,38.0,Home,
cfb_401645361,2024,11,2024-11-08,01:00,FAU,ECU,14.0,49.0,Home,
cfb_401634773,2024,11,2024-11-09,01:00,CAL,WAKE,46.0,36.0,Home,
cfb_401628542,2024,11,2024-11-09,02:00,IOWA,UCLA,17.0,20.0,Home,
cfb_401645362,2024,11,2024-11-09,02:00,RICE,MEM,20.0,27.0,Home,
cfb_401643754,2024,11,2024-11-09,03:30,UNM,SDSU,21.0,16.0,Home,
cfb_401628545,2024,11,2024-11-09,17:00,PUR,OSU,0.0,45.0,Home,
cfb_401628414,2024,11,2024-11-09,20:30,UGA,MISS,10.0,28.0,Home,
cfb_401635609,2024,11,2024-11-09,17:00,MIA,GT,23.0,28.0,Home,
cfb_401628417,2024,11,2024-11-09,17:00,FLA,TEX,17.0,49.0,Home,
cfb_401628541,2024,11,2024-11-09,20:30,MICH,IU,15.0,20.0,Home,
cfb_401636919,2024,11,2024-11-09,20:30,ISU,KU,36.0,45.0,Home,
cfb_401636921,2024,11,2024-11-09,21:00,COLO,TTU,41.0,27.0,Home,
cfb_401635607,2024,11,2024-11-09,20:35,CLEM,VT,24.0,14.0,Home,
cfb_401629045,2024,11,2024-11-09,20:30,ARMY,UNT,14.0,3.0,Home,
cfb_401628544,2024,11,2024-11-09,17:00,MINN,RUTG,19.0,26.0,Home,
cfb_401635606,2024,11,2024-11-09,17:00,SYR,BC,31.0,37.0,Home,
cfb_401636918,2024,11,2024-11-09,17:00,WVU,CIN,31.0,24.0,Home,
cfb_401643828,2024,11,2024-11-09,17:00,TXST,ULM,38.0,17.0,Home,
cfb_401645363,2024,11,2024-11-09,17:00,NAVY,USF,28.0,7.0,Home,
cfb_401640995,2024,11,2024-11-09,18:00,LIB,MTSU,37.0,17.0,Home,
cfb_401629037,2024,11,2024-11-09,19:30,CONN,UAB,31.0,23.0,Home,
cfb_401643829,2024,11,2024-11-09,20:00,MRSH,USM,37.0,3.0,Home,
cfb_401635608,2024,11,2024-11-09,20:30,DUKE,NCSU,29.0,19.0,Home,
cfb_401643755,2024,11,2024-11-09,20:30,SJSU,ORST,24.0,13.0,Home,
cfb_401643826,2024,11,2024-11-09,20:30,GAST,JMU,7.0,38.0,Home,
cfb_401641021,2024,11,2024-11-09,21:00,KENN,UTEP,35.0,43.0,Home,
cfb_401645364,2024,11,2024-11-09,21:00,TEM,TULN,6.0,52.0,Home,
cfb_401628418,2024,11,2024-11-09,21:15,SC,VAN,28.0,7.0,Home,
cfb_401641004,2024,11,2024-11-09,21:30,JVST,LT,44.0,37.0,Home,
cfb_401643827,2024,11,2024-11-09,22:00,ARST,UL,19.0,55.0,Home,
cfb_401641036,2024,11,2024-11-09,23:00,WKU,NMSU,41.0,28.0,Home,
cfb_401628543,2024,11,2024-11-10,00:00,MD,ORE,18.0,39.0,Home,
cfb_401628546,2024,11,2024-11-10,01:00,WASH,PSU,6.0,35.0,Home,
cfb_401628416,2024,11,2024-11-10,00:00,MSST,TENN,14.0,33.0,Home,
cfb_401636922,2024,11,2024-11-10,03:15,BYU,UTAH,22.0,21.0,Home,
cfb_401628984,2024,11,2024-11-10,00:30,FSU,ND,3.0,52.0,Home,
cfb_401628413,2024,11,2024-11-10,00:30,ALA,LSU,42.0,13.0,Home,
cfb_401643752,2024,11,2024-11-10,01:00,NEV,BOIS,21.0,28.0,Home,
cfb_401635610,2024,11,2024-11-10,01:00,UVA,PITT,24.0,19.0,Home,
cfb_401643756,2024,11,2024-11-10,03:30,USU,WSU,28.0,49.0,Home,
cfb_401628415,2024,11,2024-11-10,00:45,OU,MIZ,23.0,30.0,Home,
cfb_401636917,2024,11,2024-11-10,00:00,UCF,ASU,31.0,35.0,Home,
cfb_401636920,2024,11,2024-11-10,00:00,OKST,TCU,13.0,38.0,Home,
cfb_401643753,2024,11,2024-11-10,02:00,UNLV,HAW,29.0,27.0,Home,
cfb_401643751,2024,11,2024-11-10,02:45,FRES,AFA,28.0,36.0,Home,
cfb_401644763,2024,12,2024-11-13,00:00,BALL,BUFF,48.0,51.0,Home,
cfb_401644764,2024,12,2024-11-13,00:00,WMU,BGSU,13.0,31.0,Home,
cfb_401644765,2024,12,2024-11-13,00:00,CMU,TOL,10.0,37.0,Home,
cfb_401644689,2024,12,2024-11-14,00:00,KENT,M-OH,7.0,34.0,Home,
cfb_401644766,2024,12,2024-11-14,00:00,AKR,NIU,16.0,29.0,Home,
cfb_401644767,2024,12,2024-11-14,00:00,EMU,OHIO,10.0,35.0,Home,
cfb_401645365,2024,12,2024-11-15,00:30,ECU,TLSA,38.0,31.0,Home,
cfb_401643759,2024,12,2024-11-16,01:00,WYO,CSU,10.0,24.0,Home,
cfb_401645366,2024,12,2024-11-16,01:00,UNT,UTSA,27.0,48.0,Home,
cfb_401628553,2024,12,2024-11-16,02:00,UCLA,WASH,19.0,31.0,Home,
cfb_401636923,2024,12,2024-11-16,03:15,HOU,ARIZ,3.0,27.0,Home,
cfb_401628550,2024,12,2024-11-16,17:00,OSU,NU,31.0,7.0,Home,
cfb_401628419,2024,12,2024-11-16,17:00,TEX,ARK,20.0,10.0,Home,
cfb_401628552,2024,12,2024-11-16,20:30,PSU,PUR,49.0,10.0,Home,
cfb_401628985,2024,12,2024-11-16,20:30,UVA,ND,14.0,35.0,Home,
cfb_401635580,2024,12,2024-11-16,20:30,BC,SMU,28.0,38.0,Home,
cfb_401636925,2024,12,2024-11-16,17:00,UTAH,COLO,24.0,49.0,Home,
cfb_401635517,2024,12,2024-11-16,20:30,LOU,STAN,35.0,38.0,Home,
cfb_401635582,2024,12,2024-11-16,17:00,CLEM,PITT,24.0,20.0,Home,
cfb_401628423,2024,12,2024-11-16,21:15,MIZ,SC,30.0,34.0,Home,
cfb_401628420,2024,12,2024-11-16,20:30,LSU,FLA,16.0,27.0,Home,
cfb_401645370,2024,12,2024-11-16,17:00,TULN,NAVY,35.0,0.0,Home,
cfb_401629046,2024,12,2024-11-16,17:00,LIB,MASS,35.0,34.0,Home,
cfb_401641013,2024,12,2024-11-16,17:00,LT,WKU,12.0,7.0,Home,
cfb_401628426,2024,12,2024-11-16,17:45,ULM,AUB,14.0,48.0,Home,
cfb_401643832,2024,12,2024-11-16,18:00,CCU,MRSH,19.0,31.0,Home,
cfb_401640986,2024,12,2024-11-16,19:00,FIU,JVST,31.0,34.0,Home,
cfb_401645369,2024,12,2024-11-16,19:00,FAU,TEM,15.0,18.0,Home,
cfb_401628547,2024,12,2024-11-16,19:30,MSU,ILL,16.0,38.0,Home,
cfb_401635581,2024,12,2024-11-16,20:00,SYR,CAL,33.0,25.0,Home,
cfb_401641022,2024,12,2024-11-16,20:00,SHSU,KENN,23.0,17.0,Home,
cfb_401643760,2024,12,2024-11-16,20:00,HAW,USU,10.0,55.0,Home,
cfb_401643757,2024,12,2024-11-16,20:30,ORST,AFA,0.0,28.0,Home,
cfb_401645368,2024,12,2024-11-16,20:30,USF,CLT,59.0,24.0,Home,
cfb_401628549,2024,12,2024-11-16,21:00,NEB,USC,20.0,28.0,Home,
cfb_401636929,2024,12,2024-11-16,21:00,BAY,WVU,49.0,35.0,Home,
cfb_401643830,2024,12,2024-11-16,21:00,TROY,GASO,28.0,20.0,Home,
cfb_401643833,2024,12,2024-11-16,21:00,JMU,ODU,35.0,32.0,Home,
cfb_401643831,2024,12,2024-11-16,22:00,ARST,GAST,27.0,20.0,Home,
cfb_401628548,2024,12,2024-11-16,23:00,RUTG,MD,31.0,17.0,Home,
cfb_401628551,2024,12,2024-11-17,00:30,ORE,WIS,16.0,13.0,Home,
cfb_401636924,2024,12,2024-11-17,03:15,KU,BYU,17.0,13.0,Home,
cfb_401628421,2024,12,2024-11-17,00:30,TENN,UGA,17.0,31.0,Home,
cfb_401643758,2024,12,2024-11-17,00:00,BOIS,SJSU,42.0,21.0,Home,
cfb_401628424,2024,12,2024-11-17,00:45,NMSU,TA&M,3.0,38.0,Home,
cfb_401636927,2024,12,2024-11-17,00:00,ASU,KSU,24.0,14.0,Home,
cfb_401643761,2024,12,2024-11-17,02:30,WSU,UNM,35.0,38.0,Home,
cfb_401643834,2024,12,2024-11-17,00:00,USA,UL,24.0,22.0,Home,
cfb_401643835,2024,12,2024-11-17,00:00,USM,TXST,3.0,58.0,Home,
cfb_401635583,2024,12,2024-11-17,01:00,WAKE,UNC,24.0,31.0,Home,
cfb_401636926,2024,12,2024-11-17,01:00,CIN,ISU,17.0,34.0,Home,
cfb_401645367,2024,12,2024-11-17,01:00,UAB,MEM,18.0,53.0,Home,
cfb_401643762,2024,12,2024-11-17,03:30,SDSU,UNLV,20.0,41.0,Home,
cfb_401644769,2024,13,2024-11-20,00:00,AKR,KENT,38.0,17.0,Home,
cfb_401644770,2024,13,2024-11-20,00:30,WMU,CMU,14.0,16.0,Home,
cfb_401644690,2024,13,2024-11-20,01:00,NIU,M-OH,9.0,20.0,Home,
cfb_401644772,2024,13,2024-11-21,00:00,BUFF,EMU,37.0,20.0,Home,
cfb_401644773,2024,13,2024-11-21,00:00,OHIO,TOL,24.0,7.0,Home,
cfb_401634772,2024,13,2024-11-22,00:30,NCSU,GT,29.0,30.0,Home,
cfb_401643767,2024,13,2024-11-23,03:00,UNLV,SJSU,27.0,16.0,Home,
cfb_401645374,2024,13,2024-11-23,00:00,TEM,UTSA,27.0,51.0,Home,
cfb_401628558,2024,13,2024-11-23,01:00,PUR,MSU,17.0,24.0,Home,
cfb_401628555,2024,13,2024-11-23,17:00,IU,OSU,15.0,38.0,Home,
cfb_401628436,2024,13,2024-11-23,20:30,UK,TEX,14.0,31.0,Home,
cfb_401628559,2024,13,2024-11-23,20:30,PSU,MINN,26.0,25.0,Home,
cfb_401635618,2024,13,2024-11-23,17:00,WAKE,MIA,14.0,42.0,Home,
cfb_401628429,2024,13,2024-11-23,17:00,MISS,FLA,17.0,24.0,Home,
cfb_401628430,2024,13,2024-11-23,17:45,MASS,UGA,21.0,59.0,Home,
cfb_401628435,2024,13,2024-11-23,18:00,UTEP,TENN,0.0,56.0,Home,
cfb_401635619,2024,13,2024-11-23,17:00,SMU,UVA,33.0,7.0,Home,
cfb_401636930,2024,13,2024-11-23,20:30,BYU,ASU,23.0,28.0,Home,
cfb_401636932,2024,13,2024-11-23,20:30,COLO,KU,21.0,37.0,Home,
cfb_401628432,2024,13,2024-11-23,21:15,MIZ,MSST,39.0,20.0,Home,
cfb_401628554,2024,13,2024-11-23,17:00,ILL,RUTG,38.0,31.0,Home,
cfb_401628556,2024,13,2024-11-23,17:00,IOWA,MD,29.0,13.0,Home,
cfb_401635518,2024,13,2024-11-23,17:00,CONN,SYR,24.0,31.0,Home,
cfb_401635612,2024,13,2024-11-23,17:00,UNC,BC,21.0,41.0,Home,
cfb_401641005,2024,13,2024-11-23,17:00,SHSU,JVST,11.0,21.0,Home,
cfb_401640996,2024,13,2024-11-23,18:00,WKU,LIB,21.0,38.0,Home,
cfb_401644774,2024,13,2024-11-23,19:00,BGSU,BALL,38.0,13.0,Home,
cfb_401645373,2024,13,2024-11-23,19:00,RICE,UAB,14.0,40.0,Home,
cfb_401641027,2024,13,2024-11-23,19:30,NMSU,MTSU,36.0,21.0,Home,
cfb_401643836,2024,13,2024-11-23,19:30,JMU,APP,20.0,34.0,Home,
cfb_401636935,2024,13,2024-11-23,20:00,ARIZ,TCU,28.0,49.0,Home,
cfb_401640987,2024,13,2024-11-23,20:00,FIU,KENN,26.0,27.0,Home,
cfb_401643839,2024,13,2024-11-23,20:00,ULM,ARST,21.0,28.0,Home,
cfb_401643841,2024,13,2024-11-23,20:00,USA,USM,35.0,14.0,Home,
cfb_401645371,2024,13,2024-11-23,20:00,CLT,FAU,39.0,27.0,Home,
cfb_401628557,2024,13,2024-11-23,20:30,NU,MICH,6.0,50.0,Home,
cfb_401628560,2024,13,2024-11-23,20:30,WIS,NEB,25.0,44.0,Home,
cfb_401635613,2024,13,2024-11-23,20:30,STAN,CAL,21.0,24.0,Home,
cfb_401636934,2024,13,2024-11-23,20:30,TTU,OKST,56.0,48.0,Home,
cfb_401636937,2024,13,2024-11-23,20:30,UCF,WVU,21.0,31.0,Home,
cfb_401643766,2024,13,2024-11-23,20:30,SDSU,USU,20.0,41.0,Home,
cfb_401643837,2024,13,2024-11-23,20:30,GASO,CCU,26.0,6.0,Home,
cfb_401645372,2024,13,2024-11-23,20:30,ECU,UNT,40.0,28.0,Home,
cfb_401645375,2024,13,2024-11-23,20:30,TLSA,USF,30.0,63.0,Home,
cfb_401628427,2024,13,2024-11-23,21:00,LT,ARK,14.0,35.0,Home,
cfb_401635617,2024,13,2024-11-23,21:00,PITT,LOU,9.0,37.0,Home,
cfb_401643840,2024,13,2024-11-23,22:00,TROY,UL,30.0,51.0,Home,
cfb_401640959,2024,13,2024-11-24,00:00,ARMY,ND,14.0,49.0,Neutral,
cfb_401628433,2024,13,2024-11-24,00:30,ALA,OU,3.0,24.0,Home,
cfb_401643764,2024,13,2024-11-24,00:00,BOIS,WYO,17.0,13.0,Home,
cfb_401628428,2024,13,2024-11-24,00:30,TA&M,AUB,41.0,43.0,Home,
cfb_401636936,2024,13,2024-11-24,00:30,ISU,UTAH,31.0,28.0,Home,
cfb_401628572,2024,13,2024-11-24,00:00,WSU,ORST,38.0,41.0,Home,
cfb_401636931,2024,13,2024-11-24,00:00,BAY,HOU,20.0,10.0,Home,
cfb_401643842,2024,13,2024-11-24,00:00,GAST,TXST,52.0,44.0,Home,
cfb_401643838,2024,13,2024-11-24,00:30,MRSH,ODU,42.0,35.0,Home,
cfb_401628431,2024,13,2024-11-24,00:45,VAN,LSU,17.0,24.0,Home,
cfb_401635615,2024,13,2024-11-24,01:00,VT,DUKE,28.0,31.0,Home,
cfb_401636933,2024,13,2024-11-24,01:00,CIN,KSU,15.0,41.0,Home,
cfb_401628561,2024,13,2024-11-24,03:30,USC,UCLA,19.0,13.0,Home,
cfb_401643763,2024,13,2024-11-24,03:30,AFA,NEV,22.0,19.0,Home,
cfb_401643765,2024,13,2024-11-24,03:30,CSU,FRES,22.0,28.0,Home,
cfb_401644775,2024,14,2024-11-27,00:00,TOL,AKR,14.0,21.0,Home,
cfb_401644776,2024,14,2024-11-27,00:00,KENT,BUFF,7.0,43.0,Home,
cfb_401645376,2024,14,2024-11-29,00:30,MEM,TULN,34.0,24.0,Home,
cfb_401643769,2024,14,2024-11-29,17:00,ORST,BOIS,18.0,34.0,Home,
cfb_401628442,2024,14,2024-11-29,20:30,MSST,MISS,14.0,26.0,Home,
cfb_401636938,2024,14,2024-11-29,17:00,OKST,COLO,0.0,52.0,Home,
cfb_401628568,2024,14,2024-11-29,17:00,MINN,WIS,24.0,7.0,Home,
cfb_401644691,2024,14,2024-11-29,17:00,M-OH,BGSU,28.0,12.0,Home,
cfb_401644777,2024,14,2024-11-29,17:00,BALL,OHIO,21.0,42.0,Home,
cfb_401645379,2024,14,2024-11-29,17:00,NAVY,ECU,34.0,20.0,Home,
cfb_401640997,2024,14,2024-11-29,20:30,LIB,SHSU,18.0,20.0,Home,
cfb_401643770,2024,14,2024-11-29,20:30,USU,CSU,37.0,42.0,Home,
cfb_401643843,2024,14,2024-11-29,20:30,TXST,USA,45.0,38.0,Home,
cfb_401635625,2024,14,2024-11-29,21:00,STAN,SJSU,31.0,34.0,Home,
cfb_401628439,2024,14,2024-11-30,00:30,GT,UGA,42.0,44.0,Home,
cfb_401628562,2024,14,2024-11-30,00:30,NEB,IOWA,10.0,13.0,Home,
cfb_401636939,2024,14,2024-11-30,01:00,UTAH,UCF,28.0,14.0,Home,
cfb_401628566,2024,14,2024-11-30,17:00,MICH,OSU,13.0,10.0,Home,
cfb_401628565,2024,14,2024-11-30,20:30,MD,PSU,7.0,44.0,Home,
cfb_401628571,2024,14,2024-11-30,20:30,ND,USC,49.0,35.0,Home,
cfb_401635623,2024,14,2024-11-30,20:30,MIA,SYR,38.0,42.0,Home,
cfb_401628446,2024,14,2024-11-30,17:00,TENN,VAN,36.0,23.0,Home,
cfb_401635621,2024,14,2024-11-30,20:30,CAL,SMU,6.0,38.0,Home,
cfb_401628444,2024,14,2024-11-30,17:00,SC,CLEM,17.0,14.0,Home,
cfb_401628437,2024,14,2024-11-30,20:30,AUB,ALA,14.0,28.0,Home,
cfb_401636940,2024,14,2024-11-30,20:30,ASU,ARIZ,49.0,7.0,Home,
cfb_401628443,2024,14,2024-11-30,20:30,ARK,MIZ,21.0,28.0,Home,
cfb_401628563,2024,14,2024-11-30,17:00,ILL,NU,38.0,28.0,Neutral,
cfb_401628440,2024,14,2024-11-30,17:00,LOU,UK,41.0,14.0,Home,
cfb_401629038,2024,14,2024-11-30,17:00,CONN,MASS,47.0,42.0,Home,
cfb_401635622,2024,14,2024-11-30,17:00,DUKE,WAKE,23.0,17.0,Home,
cfb_401636941,2024,14,2024-11-30,17:00,KU,BAY,17.0,45.0,Home,
cfb_401636945,2024,14,2024-11-30,17:00,WVU,TTU,15.0,52.0,Home,
cfb_401643848,2024,14,2024-11-30,17:00,UL,ULM,37.0,23.0,Home,
cfb_401645378,2024,14,2024-11-30,17:00,UTSA,ARMY,24.0,29.0,Home,
cfb_401645381,2024,14,2024-11-30,17:00,UNT,TEM,24.0,17.0,Home,
cfb_401644780,2024,14,2024-11-30,18:30,EMU,WMU,18.0,26.0,Home,
cfb_401640988,2024,14,2024-11-30,19:00,MTSU,FIU,24.0,35.0,Home,
cfb_401643845,2024,14,2024-11-30,19:00,CCU,GAST,48.0,27.0,Home,
cfb_401643849,2024,14,2024-11-30,19:00,USM,TROY,20.0,52.0,Home,
cfb_401645382,2024,14,2024-11-30,19:00,USF,RICE,28.0,35.0,Home,
cfb_401635620,2024,14,2024-11-30,20:00,PITT,BC,23.0,34.0,Home,
cfb_401643847,2024,14,2024-11-30,20:00,ODU,ARST,40.0,32.0,Home,
cfb_401628567,2024,14,2024-11-30,20:30,RUTG,MSU,41.0,14.0,Home,
cfb_401628570,2024,14,2024-11-30,20:30,FRES,UCLA,13.0,20.0,Home,
cfb_401635624,2024,14,2024-11-30,20:30,NCSU,UNC,35.0,30.0,Home,
cfb_401644779,2024,14,2024-11-30,20:30,CMU,NIU,16.0,24.0,Home,
cfb_401645377,2024,14,2024-11-30,20:30,UAB,CLT,27.0,29.0,Home,
cfb_401645380,2024,14,2024-11-30,20:30,FAU,TLSA,63.0,16.0,Home,
cfb_401641006,2024,14,2024-11-30,21:00,JVST,WKU,17.0,19.0,Home,
cfb_401641014,2024,14,2024-11-30,21:00,KENN,LT,0.0,33.0,Home,
cfb_401641031,2024,14,2024-11-30,21:00,UTEP,NMSU,42.0,35.0,Home,
cfb_401636943,2024,14,2024-11-30,23:00,TCU,CIN,20.0,13.0,Home,
cfb_401643844,2024,14,2024-11-30,23:00,APP,GASO,20.0,29.0,Home,
cfb_401643773,2024,14,2024-11-30,23:30,WYO,WSU,15.0,14.0,Home,
cfb_401628569,2024,14,2024-12-01,00:30,WASH,ORE,21.0,49.0,Home,
cfb_401628445,2024,14,2024-12-01,00:30,TEX,TA&M,17.0,7.0,Home,
cfb_401628564,2024,14,2024-12-01,00:00,PUR,IU,0.0,66.0,Home,
cfb_401636944,2024,14,2024-12-01,00:30,KSU,ISU,21.0,29.0,Home,
cfb_401636942,2024,14,2024-12-01,03:15,HOU,BYU,18.0,30.0,Home,
cfb_401643772,2024,14,2024-12-01,01:00,NEV,UNLV,14.0,38.0,Home,
cfb_401628438,2024,14,2024-12-01,00:00,FLA,FSU,31.0,11.0,Home,
cfb_401628441,2024,14,2024-12-01,00:00,OU,LSU,17.0,37.0,Home,
cfb_401635640,2024,14,2024-12-01,01:00,UVA,VT,17.0,37.0,Home,
cfb_401643846,2024,14,2024-12-01,01:00,MRSH,JMU,35.0,33.0,Home,
cfb_401643768,2024,14,2024-12-01,03:30,AFA,SDSU,31.0,20.0,Home,
cfb_401643771,2024,14,2024-12-01,04:00,UNM,HAW,30.0,38.0,Home,
cfb_401673468,2024,15,2024-12-07,01:00,UNLV,BOIS,7.0,21.0,Home,
cfb_401673462,2024,15,2024-12-07,01:00,TULN,ARMY,14.0,35.0,Home,
cfb_401673466,2024,15,2024-12-07,00:00,WKU,JVST,12.0,52.0,Home,
cfb_401673469,2024,15,2024-12-07,21:00,UGA,TEX,22.0,19.0,Neutral,
cfb_401673465,2024,15,2024-12-07,17:00,ISU,ASU,19.0,45.0,Neutral,
cfb_401673467,2024,15,2024-12-07,17:00,OHIO,M-OH,38.0,3.0,Neutral,
cfb_401673464,2024,15,2024-12-08,01:00,PSU,ORE,37.0,45.0,Neutral,
cfb_401673463,2024,15,2024-12-08,01:00,CLEM,SMU,34.0,31.0,Neutral,
cfb_401673470,2024,15,2024-12-08,00:30,MRSH,UL,31.0,3.0,Home,
cfb_401645383,2024,16,2024-12-14,20:00,NAVY,ARMY,31.0,13.0,Neutral,
cfb_401677077,2024,17,2024-12-15,02:00,USA,WMU,30.0,23.0,Neutral,
cfb_401677080,2024,17,2024-12-18,02:00,MEM,WVU,42.0,37.0,Neutral,
cfb_401677079,2024,17,2024-12-18,22:30,WKU,JMU,17.0,27.0,Neutral,
cfb_401677081,2024,17,2024-12-19,02:00,CAL,UNLV,13.0,24.0,Neutral,
cfb_401677082,2024,17,2024-12-20,00:00,GASO,SHSU,26.0,31.0,Neutral,
cfb_401677083,2024,17,2024-12-20,17:00,OHIO,JVST,30.0,27.0,Neutral,
cfb_401677084,2024,17,2024-12-20,20:30,TULN,FLA,8.0,33.0,Neutral,
cfb_401677179,2024,17,2024-12-21,01:00,IU,ND,17.0,27.0,Home,
cfb_401677176,2024,17,2024-12-21,21:00,CLEM,TEX,24.0,38.0,Home,
cfb_401677178,2024,17,2024-12-21,17:00,SMU,PSU,10.0,38.0,Home,
cfb_401677177,2024,17,2024-12-22,01:00,TENN,OSU,17.0,42.0,Home,
cfb_401677085,2024,17,2024-12-23,16:00,UTSA,CCU,44.0,15.0,Home,
cfb_401677086,2024,17,2024-12-23,19:30,NIU,FRES,28.0,20.0,Neutral,
cfb_401677087,2024,17,2024-12-25,01:00,USF,SJSU,41.0,39.0,Neutral,
cfb_401677180,2024,17,2024-12-26,19:00,PITT,TOL,46.0,48.0,Neutral,
cfb_401677088,2024,17,2024-12-26,22:40,RUTG,KSU,41.0,44.0,Neutral,
cfb_401677089,2024,17,2024-12-27,02:10,ARST,BGSU,38.0,31.0,Neutral,
cfb_401677090,2024,17,2024-12-27,17:00,OU,NAVY,20.0,21.0,Neutral,
cfb_401677091,2024,17,2024-12-27,20:30,GT,VAN,27.0,35.0,Neutral,
cfb_401729867,2024,17,2024-12-28,01:00,SYR,WSU,52.0,35.0,Neutral,
cfb_401677092,2024,17,2024-12-28,00:00,TTU,ARK,26.0,39.0,Neutral,
cfb_401677093,2024,17,2024-12-28,03:30,USC,TA&M,35.0,31.0,Neutral,
cfb_401677097,2024,17,2024-12-28,20:30,ISU,MIA,42.0,41.0,Neutral,
cfb_401677094,2024,17,2024-12-28,16:00,CONN,UNC,27.0,14.0,Neutral,
cfb_401677095,2024,17,2024-12-28,17:00,BC,NEB,15.0,20.0,Neutral,
cfb_401677096,2024,17,2024-12-28,19:15,UL,TCU,3.0,34.0,Neutral,
cfb_401677188,2024,17,2024-12-28,21:30,M-OH,CSU,43.0,17.0,Neutral,
cfb_401677098,2024,17,2024-12-28,22:45,ECU,NCSU,26.0,21.0,Neutral,
cfb_401677099,2024,17,2024-12-29,00:30,BYU,COLO,36.0,14.0,Neutral,
cfb_401677100,2024,17,2024-12-29,02:15,LT,ARMY,6.0,27.0,Neutral,
cfb_401677101,2024,17,2024-12-30,19:30,IOWA,MIZ,24.0,27.0,Neutral,
cfb_401677102,2024,17,2024-12-31,17:00,ALA,MICH,13.0,19.0,Neutral,
cfb_401677103,2024,17,2024-12-31,20:00,SC,ILL,17.0,21.0,Neutral,
cfb_401677190,2024,17,2024-12-31,19:00,LOU,WASH,35.0,34.0,Neutral,
cfb_401677104,2024,17,2024-12-31,20:30,BAY,LSU,31.0,44.0,Neutral,
cfb_401677181,2024,17,2025-01-01,00:30,PSU,BOIS,31.0,14.0,Neutral,
cfb_401677183,2024,17,2025-01-01,22:00,OSU,ORE,41.0,21.0,Neutral,
cfb_401677182,2024,17,2025-01-01,18:00,TEX,ASU,39.0,31.0,Neutral,
cfb_401677184,2024,17,2025-01-02,21:00,ND,UGA,23.0,10.0,Neutral,
cfb_401677105,2024,17,2025-01-03,01:00,DUKE,MISS,20.0,52.0,Neutral,
cfb_401677106,2024,17,2025-01-03,21:00,UNT,TXST,28.0,30.0,Neutral,
cfb_401677107,2024,17,2025-01-04,00:30,MINN,VT,24.0,10.0,Neutral,
cfb_401677108,2024,17,2025-01-04,16:00,BUFF,LIB,26.0,7.0,Neutral,
cfb_401677189,2024,17,2025-01-10,00:30,ND,PSU,27.0,24.0,Neutral,
cfb_401677191,2024,17,2025-01-11,00:30,OSU,TEX,28.0,14.0,Neutral,
cfb_401677192,2024,17,2025-01-21,00:30,OSU,ND,34.0,23.0,Neutral,
cfb_401756846,2025,1,2025-08-23,16:00,ISU,KSU,24.0,21.0,Neutral,
cfb_401756847,2025,1,2025-08-23,22:30,FRES,KU,7.0,31.0,Home,
cfb_401757218,2025,1,2025-08-23,23:00,SHSU,WKU,24.0,41.0,Home,
cfb_401754516,2025,1,2025-08-23,23:30,STAN,HAW,20.0,23.0,Home,
cfb_401762522,2025,1,2025-08-28,21:30,BOIS,USF,7.0,34.0,Home,
cfb_401752794,2025,1,2025-08-28,22:00,OHIO,RUTG,31.0,34.0,Home,
cfb_401754373,2025,1,2025-08-28,23:00,ECU,NCSU,17.0,24.0,Home,
cfb_401756848,2025,1,2025-08-28,23:00,JVST,UCF,10.0,17.0,Home,
cfb_401762789,2025,1,2025-08-28,23:00,WYO,AKR,10.0,0.0,Home,
cfb_401752793,2025,1,2025-08-29,00:00,BUFF,MINN,10.0,23.0,Home,
cfb_401752796,2025,1,2025-08-29,01:00,NEB,CIN,20.0,17.0,Neutral,
cfb_401762791,2025,1,2025-08-29,01:00,M-OH,WIS,0.0,17.0,Home,
cfb_401752802,2025,1,2025-08-29,23:00,WMU,MSU,6.0,23.0,Home,
cfb_401754374,2025,1,2025-08-29,23:00,KENN,WAKE,9.0,10.0,Home,
cfb_401761589,2025,1,2025-08-29,23:00,APP,CLT,34.0,11.0,Neutral,
cfb_401752667,2025,1,2025-08-30,00:00,AUB,BAY,38.0,24.0,Home,
cfb_401754375,2025,1,2025-08-30,00:00,GT,COLO,27.0,20.0,Home,
cfb_401757224,2025,1,2025-08-30,01:30,UNLV,SHSU,38.0,21.0,Home,
cfb_401760358,2025,1,2025-08-30,02:30,CMU,SJSU,16.0,14.0,Home,
cfb_401752677,2025,1,2025-08-30,16:00,TEX,OSU,7.0,14.0,Home,
cfb_401752807,2025,1,2025-08-30,19:30,NEV,PSU,11.0,46.0,Home,
cfb_401752671,2025,1,2025-08-30,23:30,LSU,CLEM,17.0,10.0,Home,
cfb_401752669,2025,1,2025-08-30,19:30,MRSH,UGA,7.0,45.0,Home,
cfb_401752665,2025,1,2025-08-30,19:30,ALA,FSU,17.0,31.0,Home,
cfb_401752808,2025,1,2025-08-30,23:30,UNM,MICH,17.0,34.0,Home,
cfb_401752678,2025,1,2025-08-30,23:00,UTSA,TA&M,24.0,42.0,Home,
cfb_401752806,2025,1,2025-08-30,18:30,ODU,IU,14.0,27.0,Home,
cfb_401752672,2025,1,2025-08-30,23:45,GAST,MISS,7.0,63.0,Home,
cfb_401752676,2025,1,2025-08-30,16:00,SYR,TENN,26.0,45.0,Neutral,
cfb_401752673,2025,1,2025-08-30,16:00,MSST,USM,34.0,17.0,Home,
cfb_401752797,2025,1,2025-08-30,16:00,FAU,MD,7.0,39.0,Home,
cfb_401752801,2025,1,2025-08-30,16:00,BALL,PUR,0.0,31.0,Home,
cfb_401752803,2025,1,2025-08-30,16:00,NU,TULN,3.0,23.0,Home,
cfb_401752670,2025,1,2025-08-30,16:45,TOL,UK,16.0,24.0,Home,
cfb_401762456,2025,1,2025-08-30,19:30,TEM,MASS,42.0,10.0,Home,
cfb_401754616,2025,1,2025-08-30,22:00,CCU,UVA,7.0,48.0,Home,
cfb_401752798,2025,1,2025-08-30,23:30,MOST,USC,13.0,73.0,Home,
cfb_401757225,2025,1,2025-08-30,23:30,UTEP,USU,16.0,28.0,Home,
cfb_401761592,2025,1,2025-08-31,00:00,RICE,UL,14.0,12.0,Home,
cfb_401761594,2025,1,2025-08-31,00:00,EMU,TXST,27.0,52.0,Home,
cfb_401760361,2025,1,2025-08-31,01:30,GASO,FRES,14.0,42.0,Home,
cfb_401752936,2025,1,2025-08-31,02:30,CAL,ORST,34.0,15.0,Home,
cfb_401756849,2025,1,2025-08-31,02:30,HAW,ARIZ,6.0,40.0,Home,
cfb_401752800,2025,1,2025-08-31,03:00,UTAH,UCLA,43.0,10.0,Home,
cfb_401752805,2025,1,2025-08-31,03:00,CSU,WASH,21.0,38.0,Home,
cfb_401754522,2025,1,2025-08-31,23:30,ND,MIA,24.0,27.0,Home,
cfb_401752680,2025,1,2025-08-31,19:00,VT,SC,11.0,24.0,Neutral,
cfb_401754523,2025,1,2025-09-02,00:00,TCU,UNC,48.0,14.0,Home,
cfb_401754528,2025,2,2025-09-05,23:00,JMU,LOU,14.0,28.0,Home,
cfb_401752826,2025,2,2025-09-05,23:30,NIU,MD,9.0,20.0,Home,
cfb_401752811,2025,2,2025-09-06,16:00,FIU,PSU,0.0,34.0,Home,
cfb_401752687,2025,2,2025-09-06,23:30,LT,LSU,7.0,23.0,Home,
cfb_401752824,2025,2,2025-09-06,19:30,OKST,ORE,3.0,69.0,Home,
cfb_401752693,2025,2,2025-09-06,16:00,SJSU,TEX,7.0,38.0,Home,
cfb_401754637,2025,2,2025-09-06,19:30,TROY,CLEM,16.0,27.0,Home,
cfb_401752825,2025,2,2025-09-06,16:00,ILL,DUKE,45.0,19.0,Home,
cfb_401752688,2025,2,2025-09-06,23:30,ASU,MSST,20.0,24.0,Home,
cfb_401752684,2025,2,2025-09-06,20:15,USF,FLA,18.0,16.0,Home,
cfb_401752690,2025,2,2025-09-06,23:30,MICH,OU,13.0,24.0,Home,
cfb_401752822,2025,2,2025-09-06,16:00,IOWA,ISU,13.0,16.0,Home,
cfb_401754525,2025,2,2025-09-06,16:00,BAY,SMU,48.0,45.0,Home,
cfb_401752694,2025,2,2025-09-06,16:45,USU,TA&M,22.0,44.0,Home,
cfb_401752686,2025,2,2025-09-06,19:30,MISS,UK,30.0,23.0,Home,
cfb_401752681,2025,2,2025-09-06,23:45,ULM,ALA,0.0,73.0,Home,
cfb_401752812,2025,2,2025-09-06,16:00,KENN,IU,9.0,56.0,Home,
cfb_401756885,2025,2,2025-09-06,16:00,KENT,TTU,14.0,62.0,Home,
cfb_401754524,2025,2,2025-09-06,16:00,UVA,NCSU,31.0,35.0,Home,
cfb_401754529,2025,2,2025-09-06,16:00,CMU,PITT,17.0,45.0,Home,
cfb_401754618,2025,2,2025-09-06,16:00,CONN,SYR,20.0,27.0,Home,
cfb_401757227,2025,2,2025-09-06,16:00,LIB,JVST,24.0,34.0,Home,
cfb_401752689,2025,2,2025-09-06,19:30,KU,MIZ,31.0,42.0,Home,
cfb_401752937,2025,2,2025-09-06,19:30,FRES,ORST,36.0,27.0,Home,
cfb_401756880,2025,2,2025-09-06,19:30,BGSU,CIN,20.0,34.0,Home,
cfb_401756881,2025,2,2025-09-06,19:30,DEL,COLO,7.0,31.0,Home,
cfb_401761603,2025,2,2025-09-06,19:30,TXST,UTSA,43.0,36.0,Home,
cfb_401762458,2025,2,2025-09-06,19:30,UAB,NAVY,24.0,38.0,Home,
cfb_401762461,2025,2,2025-09-06,19:30,UNT,WMU,33.0,30.0,Home,
cfb_401752820,2025,2,2025-09-06,20:00,MTSU,WIS,10.0,42.0,Home,
cfb_401756883,2025,2,2025-09-06,20:00,WVU,OHIO,10.0,17.0,Home,
cfb_401752818,2025,2,2025-09-06,20:30,M-OH,RUTG,17.0,45.0,Home,
cfb_401752682,2025,2,2025-09-06,21:00,ARST,ARK,14.0,56.0,Home,
cfb_401757228,2025,2,2025-09-06,22:00,MOST,MRSH,21.0,20.0,Home,
cfb_401754527,2025,2,2025-09-06,23:00,UNC,CLT,20.0,3.0,Home,
cfb_401756882,2025,2,2025-09-06,23:00,ARMY,KSU,24.0,21.0,Home,
cfb_401756884,2025,2,2025-09-06,23:00,HOU,RICE,35.0,9.0,Home,
cfb_401757232,2025,2,2025-09-06,23:00,WKU,TOL,21.0,45.0,Home,
cfb_401761598,2025,2,2025-09-06,23:00,MEM,GAST,38.0,16.0,Home,
cfb_401761601,2025,2,2025-09-06,23:00,TULN,USA,33.0,31.0,Home,
cfb_401752683,2025,2,2025-09-06,23:30,BALL,AUB,3.0,42.0,Home,
cfb_401752695,2025,2,2025-09-06,23:30,VAN,VT,44.0,20.0,Home,
cfb_401752810,2025,2,2025-09-06,23:30,AKR,NEB,0.0,68.0,Home,
cfb_401752814,2025,2,2025-09-06,23:30,GASO,USC,20.0,59.0,Home,
cfb_401752816,2025,2,2025-09-06,23:30,BC,MSU,40.0,42.0,Home,
cfb_401752823,2025,2,2025-09-07,00:00,UCLA,UNLV,23.0,30.0,Home,
cfb_401757229,2025,2,2025-09-07,01:00,TLSA,NMSU,14.0,21.0,Home,
cfb_401752948,2025,2,2025-09-07,02:15,SDSU,WSU,13.0,36.0,Home,
cfb_401754526,2025,2,2025-09-07,02:15,STAN,BYU,3.0,27.0,Home,
cfb_401757230,2025,2,2025-09-07,03:59,SHSU,HAW,20.0,37.0,Home,
cfb_401754531,2025,3,2025-09-11,23:30,NCSU,WAKE,34.0,24.0,Home,
cfb_401756893,2025,3,2025-09-12,23:30,COLO,HOU,20.0,36.0,Home,
cfb_401756888,2025,3,2025-09-13,01:00,KSU,ARIZ,17.0,23.0,Home,
cfb_401752837,2025,3,2025-09-13,02:00,UNM,UCLA,35.0,10.0,Home,
cfb_401752827,2025,3,2025-09-13,23:00,OHIO,OSU,9.0,37.0,Home,
cfb_401752699,2025,3,2025-09-13,23:30,FLA,LSU,10.0,20.0,Home,
cfb_401752831,2025,3,2025-09-13,16:00,ORE,NU,34.0,14.0,Home,
cfb_401754535,2025,3,2025-09-13,20:30,USF,MIA,12.0,49.0,Home,
cfb_401752705,2025,3,2025-09-13,19:30,UGA,TENN,44.0,41.0,Home,
cfb_401752706,2025,3,2025-09-13,20:15,UTEP,TEX,10.0,27.0,Home,
cfb_401752707,2025,3,2025-09-13,23:30,TA&M,ND,41.0,40.0,Home,
cfb_401752829,2025,3,2025-09-13,23:00,WMU,ILL,0.0,38.0,Home,
cfb_401752704,2025,3,2025-09-13,23:45,VAN,SC,31.0,7.0,Home,
cfb_401754623,2025,3,2025-09-13,16:00,CLEM,GT,21.0,24.0,Home,
cfb_401752703,2025,3,2025-09-13,16:00,OU,TEM,42.0,3.0,Home,
cfb_401756890,2025,3,2025-09-13,20:00,ISU,ARST,24.0,16.0,Home,
cfb_401752700,2025,3,2025-09-13,23:00,ARK,MISS,35.0,41.0,Home,
cfb_401752696,2025,3,2025-09-13,16:00,WIS,ALA,14.0,38.0,Home,
cfb_401752938,2025,3,2025-09-13,19:30,ORST,TTU,14.0,45.0,Home,
cfb_401752839,2025,3,2025-09-13,16:00,CMU,MICH,3.0,63.0,Home,
cfb_401752697,2025,3,2025-09-13,16:45,USA,AUB,15.0,31.0,Home,
cfb_401752702,2025,3,2025-09-13,17:00,UL,MIZ,10.0,52.0,Home,
cfb_401761608,2025,3,2025-09-13,16:00,MEM,TROY,28.0,7.0,Home,
cfb_401762817,2025,3,2025-09-13,16:00,BUFF,KENT,31.0,28.0,Home,
cfb_401757168,2025,3,2025-09-13,19:00,CONN,DEL,41.0,44.0,Home,
cfb_401752949,2025,3,2025-09-13,19:30,WSU,UNT,10.0,59.0,Home,
cfb_401754615,2025,3,2025-09-13,19:30,SMU,MOST,28.0,10.0,Home,
cfb_401754638,2025,3,2025-09-13,19:30,PITT,WVU,24.0,31.0,Home,
cfb_401757256,2025,3,2025-09-13,21:00,LIB,BGSU,13.0,23.0,Home,
cfb_401757258,2025,3,2025-09-13,21:00,MTSU,NEV,14.0,13.0,Home,
cfb_401752832,2025,3,2025-09-13,22:45,USC,PUR,33.0,17.0,Home,
cfb_401754536,2025,3,2025-09-13,23:00,ODU,VT,45.0,26.0,Home,
cfb_401757234,2025,3,2025-09-13,23:00,JVST,GASO,34.0,41.0,Home,
cfb_401761607,2025,3,2025-09-13,23:00,APP,USM,22.0,38.0,Home,
cfb_401752698,2025,3,2025-09-13,23:30,EMU,UK,23.0,48.0,Home,
cfb_401752830,2025,3,2025-09-13,23:30,MASS,IOWA,7.0,47.0,Home,
cfb_401757257,2025,3,2025-09-13,23:30,NMSU,LT,14.0,49.0,Home,
cfb_401761604,2025,3,2025-09-13,23:30,ECU,CCU,38.0,0.0,Home,
cfb_401756895,2025,3,2025-09-14,00:00,UTAH,WYO,31.0,6.0,Home,
cfb_401754534,2025,3,2025-09-14,00:00,DUKE,TULN,27.0,34.0,Home,
cfb_401762465,2025,3,2025-09-14,00:00,NAVY,TLSA,42.0,23.0,Home,
cfb_401757233,2025,3,2025-09-14,00:30,FAU,FIU,28.0,38.0,Home,
cfb_401762463,2025,3,2025-09-14,00:30,AKR,UAB,28.0,31.0,Home,
cfb_401760368,2025,3,2025-09-14,01:45,AFA,USU,30.0,49.0,Home,
cfb_401752840,2025,3,2025-09-14,02:30,MINN,CAL,14.0,27.0,Home,
cfb_401754533,2025,3,2025-09-14,02:30,BC,STAN,20.0,30.0,Home,
cfb_401756889,2025,3,2025-09-14,02:30,TXST,ASU,15.0,34.0,Home,
cfb_401762468,2025,4,2025-09-18,23:30,RICE,CLT,28.0,17.0,Home,
cfb_401756900,2025,4,2025-09-19,23:30,TLSA,OKST,19.0,12.0,Home,
cfb_401752844,2025,4,2025-09-20,00:00,IOWA,RUTG,38.0,28.0,Home,
cfb_401752709,2025,4,2025-09-20,23:30,FLA,MIA,7.0,26.0,Home,
cfb_401752841,2025,4,2025-09-20,19:00,ORST,ORE,7.0,41.0,Home,
cfb_401754541,2025,4,2025-09-20,19:30,KENT,FSU,10.0,66.0,Home,
cfb_401752843,2025,4,2025-09-20,23:30,ILL,IU,10.0,63.0,Home,
cfb_401752714,2025,4,2025-09-20,19:30,AUB,OU,17.0,24.0,Home,
cfb_401752711,2025,4,2025-09-20,19:30,TULN,MISS,10.0,45.0,Home,
cfb_401752715,2025,4,2025-09-20,16:45,UAB,TENN,24.0,56.0,Home,
cfb_401756901,2025,4,2025-09-20,16:00,TTU,UTAH,34.0,10.0,Home,
cfb_401754542,2025,4,2025-09-20,21:05,TEM,GT,24.0,45.0,Home,
cfb_401752716,2025,4,2025-09-20,23:30,GAST,VAN,21.0,70.0,Home,
cfb_401752846,2025,4,2025-09-20,19:30,MICH,NEB,30.0,27.0,Home,
cfb_401752713,2025,4,2025-09-20,23:00,SC,MIZ,20.0,29.0,Home,
cfb_401752848,2025,4,2025-09-20,19:30,PUR,ND,30.0,56.0,Home,
cfb_401752708,2025,4,2025-09-20,16:00,ARK,MEM,31.0,32.0,Home,
cfb_401752845,2025,4,2025-09-20,16:00,MD,WIS,27.0,10.0,Home,
cfb_401754537,2025,4,2025-09-20,16:00,SYR,CLEM,34.0,21.0,Home,
cfb_401754636,2025,4,2025-09-20,16:00,SMU,TCU,24.0,35.0,Home,
cfb_401754642,2025,4,2025-09-20,16:00,BGSU,LOU,17.0,40.0,Home,
cfb_401760376,2025,4,2025-09-20,16:00,UNLV,M-OH,41.0,38.0,Home,
cfb_401762469,2025,4,2025-09-20,16:00,UNT,ARMY,45.0,38.0,Home,
cfb_401754640,2025,4,2025-09-20,19:30,UNC,UCF,9.0,34.0,Home,
cfb_401757169,2025,4,2025-09-20,19:30,BALL,CONN,25.0,31.0,Home,
cfb_401757262,2025,4,2025-09-20,19:30,JMU,LIB,31.0,13.0,Home,
cfb_401761610,2025,4,2025-09-20,19:30,UL,EMU,31.0,34.0,Home,
cfb_401761613,2025,4,2025-09-20,19:30,TROY,BUFF,21.0,17.0,Home,
cfb_401762820,2025,4,2025-09-20,19:30,TOL,WMU,13.0,14.0,Home,
cfb_401754538,2025,4,2025-09-20,20:00,NCSU,DUKE,33.0,45.0,Home,
cfb_401752712,2025,4,2025-09-20,20:15,NIU,MSST,10.0,38.0,Home,
cfb_401756899,2025,4,2025-09-20,22:00,WVU,KU,10.0,41.0,Home,
cfb_401757259,2025,4,2025-09-20,22:00,DEL,FIU,38.0,16.0,Home,
cfb_401757261,2025,4,2025-09-20,22:00,ARST,KENN,21.0,28.0,Home,
cfb_401757264,2025,4,2025-09-20,23:00,MRSH,MTSU,42.0,28.0,Home,
cfb_401757268,2025,4,2025-09-20,23:00,NEV,WKU,16.0,31.0,Home,
cfb_401760372,2025,4,2025-09-20,23:00,BOIS,AFA,49.0,37.0,Home,
cfb_401761611,2025,4,2025-09-20,23:00,CCU,USA,38.0,20.0,Home,
cfb_401752842,2025,4,2025-09-20,23:30,WASH,WSU,59.0,24.0,Home,
cfb_401754539,2025,4,2025-09-20,23:30,STAN,UVA,20.0,48.0,Home,
cfb_401756896,2025,4,2025-09-20,23:30,ASU,BAY,27.0,24.0,Home,
cfb_401756898,2025,4,2025-09-20,23:30,BYU,ECU,34.0,13.0,Home,
cfb_401757263,2025,4,2025-09-20,23:30,USM,LT,20.0,30.0,Home,
cfb_401752723,2025,4,2025-09-21,00:00,SHSU,TEX,0.0,55.0,Home,
cfb_401752847,2025,4,2025-09-21,03:00,MSU,USC,31.0,45.0,Home,
cfb_401757267,2025,4,2025-09-21,01:00,ULM,UTEP,31.0,25.0,Home,
cfb_401760373,2025,4,2025-09-21,01:30,UTSA,CSU,17.0,16.0,Home,
cfb_401756897,2025,4,2025-09-21,02:25,WYO,COLO,20.0,37.0,Home,
cfb_401754540,2025,4,2025-09-21,02:30,CAL,SDSU,0.0,34.0,Home,
cfb_401760374,2025,4,2025-09-21,03:59,FRES,HAW,23.0,21.0,Home,
cfb_401762471,2025,5,2025-09-25,23:30,ARMY,ECU,6.0,28.0,Home,
cfb_401754543,2025,5,2025-09-26,23:00,FSU,UVA,38.0,46.0,Home,
cfb_401756902,2025,5,2025-09-27,01:00,TCU,ASU,24.0,27.0,Home,
cfb_401752939,2025,5,2025-09-27,02:35,HOU,ORST,27.0,24.0,Home,
cfb_401752852,2025,5,2025-09-27,19:30,OSU,WASH,24.0,6.0,Home,
cfb_401752854,2025,5,2025-09-27,23:30,ORE,PSU,30.0,24.0,Home,
cfb_401752719,2025,5,2025-09-27,19:30,LSU,MISS,19.0,24.0,Home,
cfb_401752718,2025,5,2025-09-27,23:30,ALA,UGA,24.0,21.0,Home,
cfb_401752724,2025,5,2025-09-27,19:30,AUB,TA&M,10.0,16.0,Home,
cfb_401752853,2025,5,2025-09-27,19:30,IU,IOWA,20.0,15.0,Home,
cfb_401756904,2025,5,2025-09-27,23:00,ARIZ,ISU,14.0,39.0,Home,
cfb_401752720,2025,5,2025-09-27,20:15,TENN,MSST,41.0,34.0,Home,
cfb_401754546,2025,5,2025-09-27,16:00,GT,WAKE,30.0,29.0,Home,
cfb_401752725,2025,5,2025-09-27,16:45,USU,VAN,35.0,55.0,Home,
cfb_401752721,2025,5,2025-09-27,23:30,MASS,MIZ,6.0,42.0,Home,
cfb_401752850,2025,5,2025-09-27,16:00,USC,ILL,32.0,34.0,Home,
cfb_401752717,2025,5,2025-09-27,16:00,ND,ARK,56.0,13.0,Home,
cfb_401752849,2025,5,2025-09-27,16:00,RUTG,MINN,28.0,31.0,Home,
cfb_401754545,2025,5,2025-09-27,16:00,DUKE,SYR,38.0,3.0,Home,
cfb_401754547,2025,5,2025-09-27,16:00,LOU,PITT,34.0,27.0,Home,
cfb_401756905,2025,5,2025-09-27,16:00,CIN,KU,37.0,34.0,Home,
cfb_401756906,2025,5,2025-09-27,16:00,UCF,KSU,20.0,34.0,Home,
cfb_401761617,2025,5,2025-09-27,16:00,USA,UNT,22.0,36.0,Home,
cfb_401762825,2025,5,2025-09-27,16:00,BGSU,OHIO,20.0,35.0,Home,
cfb_401762826,2025,5,2025-09-27,17:00,EMU,CMU,13.0,24.0,Home,
cfb_401761614,2025,5,2025-09-27,17:30,GASO,JMU,10.0,35.0,Home,
cfb_401761616,2025,5,2025-09-27,19:00,ARST,ULM,16.0,28.0,Home,
cfb_401752851,2025,5,2025-09-27,19:30,UCLA,NU,14.0,17.0,Home,
cfb_401754544,2025,5,2025-09-27,19:30,CAL,BC,28.0,24.0,Home,
cfb_401756907,2025,5,2025-09-27,19:30,BAY,OKST,45.0,27.0,Home,
cfb_401756908,2025,5,2025-09-27,19:30,UTAH,WVU,48.0,14.0,Home,
cfb_401757170,2025,5,2025-09-27,19:30,CONN,BUFF,20.0,17.0,Home,
cfb_401760380,2025,5,2025-09-27,19:30,SDSU,NIU,6.0,3.0,Home,
cfb_401762473,2025,5,2025-09-27,19:30,RICE,NAVY,13.0,21.0,Home,
cfb_401762824,2025,5,2025-09-27,19:30,AKR,TOL,3.0,45.0,Home,
cfb_401757274,2025,5,2025-09-27,20:00,NMSU,UNM,20.0,38.0,Home,
cfb_401760378,2025,5,2025-09-27,20:00,HAW,AFA,44.0,35.0,Home,
cfb_401762474,2025,5,2025-09-27,20:00,TULN,TLSA,31.0,14.0,Home,
cfb_401757270,2025,5,2025-09-27,22:00,MTSU,KENN,16.0,24.0,Home,
cfb_401757271,2025,5,2025-09-27,22:00,LIB,ODU,7.0,21.0,Home,
cfb_401754548,2025,5,2025-09-27,23:00,VT,NCSU,23.0,21.0,Home,
cfb_401757269,2025,5,2025-09-27,23:00,JVST,USM,25.0,42.0,Home,
cfb_401757273,2025,5,2025-09-27,23:00,WKU,MOST,27.0,22.0,Home,
cfb_401762472,2025,5,2025-09-27,23:00,MEM,FAU,55.0,26.0,Home,
cfb_401752950,2025,5,2025-09-27,23:30,WSU,CSU,20.0,3.0,Home,
cfb_401754549,2025,5,2025-09-27,23:30,SJSU,STAN,29.0,30.0,Home,
cfb_401760379,2025,5,2025-09-27,23:30,APP,BOIS,14.0,47.0,Home,
cfb_401752722,2025,5,2025-09-27,23:45,UK,SC,13.0,35.0,Home,
cfb_401756903,2025,5,2025-09-28,02:15,BYU,COLO,24.0,21.0,Home,
cfb_401761615,2025,5,2025-09-28,00:00,MRSH,UL,51.0,54.0,Home,
cfb_401757272,2025,5,2025-09-28,01:00,LT,UTEP,30.0,11.0,Home,
cfb_401757275,2025,6,2025-10-03,01:00,SHSU,NMSU,10.0,37.0,Home,
cfb_401757276,2025,6,2025-10-03,23:00,WKU,DEL,27.0,24.0,Home,
cfb_401762475,2025,6,2025-10-03,23:00,CLT,USF,26.0,54.0,Home,
cfb_401756909,2025,6,2025-10-04,02:30,WVU,BYU,24.0,38.0,Home,
cfb_401760384,2025,6,2025-10-04,02:00,UNM,SJSU,28.0,35.0,Home,
cfb_401760382,2025,6,2025-10-04,02:30,CSU,SDSU,24.0,45.0,Home,
cfb_401752859,2025,6,2025-10-04,23:30,MINN,OSU,3.0,42.0,Home,
cfb_401754553,2025,6,2025-10-04,23:30,MIA,FSU,28.0,22.0,Home,
cfb_401752729,2025,6,2025-10-04,20:00,KENT,OU,0.0,44.0,Home,
cfb_401752730,2025,6,2025-10-04,23:30,MSST,TA&M,9.0,31.0,Home,
cfb_401752855,2025,6,2025-10-04,19:30,PSU,UCLA,37.0,42.0,Home,
cfb_401752727,2025,6,2025-10-04,19:30,TEX,FLA,21.0,29.0,Home,
cfb_401752726,2025,6,2025-10-04,19:30,VAN,ALA,14.0,30.0,Home,
cfb_401756913,2025,6,2025-10-04,23:00,TTU,HOU,35.0,11.0,Home,
cfb_401752728,2025,6,2025-10-04,16:00,UK,UGA,14.0,35.0,Home,
cfb_401756912,2025,6,2025-10-04,16:00,ISU,CIN,30.0,38.0,Home,
cfb_401752856,2025,6,2025-10-04,16:00,WIS,MICH,10.0,24.0,Home,
cfb_401757165,2025,6,2025-10-04,19:30,BOIS,ND,7.0,28.0,Home,
cfb_401752861,2025,6,2025-10-04,16:00,ILL,PUR,43.0,27.0,Home,
cfb_401754554,2025,6,2025-10-04,19:30,UVA,LOU,30.0,27.0,Home,
cfb_401754550,2025,6,2025-10-04,16:00,BC,PITT,7.0,48.0,Home,
cfb_401754552,2025,6,2025-10-04,16:00,CLEM,UNC,38.0,10.0,Home,
cfb_401756911,2025,6,2025-10-04,16:00,KSU,BAY,34.0,35.0,Home,
cfb_401760381,2025,6,2025-10-04,16:00,AFA,NAVY,31.0,34.0,Home,
cfb_401762476,2025,6,2025-10-04,16:00,ARMY,UAB,31.0,13.0,Home,
cfb_401762830,2025,6,2025-10-04,16:00,OHIO,BALL,14.0,20.0,Home,
cfb_401754556,2025,6,2025-10-04,17:00,WAKE,VT,30.0,23.0,Home,
cfb_401762479,2025,6,2025-10-04,17:00,UTSA,TEM,21.0,27.0,Home,
cfb_401762832,2025,6,2025-10-04,18:30,WMU,MASS,21.0,3.0,Home,
cfb_401756910,2025,6,2025-10-04,19:00,OKST,ARIZ,13.0,41.0,Home,
cfb_401752857,2025,6,2025-10-04,19:30,WASH,MD,24.0,20.0,Home,
cfb_401752858,2025,6,2025-10-04,19:30,ULM,NU,7.0,42.0,Home,
cfb_401752940,2025,6,2025-10-04,19:30,ORST,APP,23.0,27.0,Home,
cfb_401754555,2025,6,2025-10-04,19:30,SYR,SMU,18.0,31.0,Home,
cfb_401757171,2025,6,2025-10-04,19:30,FIU,CONN,10.0,51.0,Home,
cfb_401761618,2025,6,2025-10-04,19:30,JMU,GAST,14.0,7.0,Home,
cfb_401762829,2025,6,2025-10-04,19:30,CMU,AKR,22.0,28.0,Home,
cfb_401762831,2025,6,2025-10-04,19:30,EMU,BUFF,30.0,31.0,Home,
cfb_401762873,2025,6,2025-10-04,19:30,M-OH,NIU,25.0,14.0,Home,
cfb_401752860,2025,6,2025-10-04,20:00,MSU,NEB,27.0,38.0,Home,
cfb_401761620,2025,6,2025-10-04,20:00,TXST,ARST,30.0,31.0,Home,
cfb_401761619,2025,6,2025-10-04,22:00,CCU,ODU,7.0,47.0,Home,
cfb_401760385,2025,6,2025-10-04,23:00,UNLV,WYO,31.0,17.0,Home,
cfb_401761621,2025,6,2025-10-04,23:00,USA,TROY,24.0,31.0,Home,
cfb_401762477,2025,6,2025-10-04,23:00,FAU,RICE,27.0,21.0,Home,
cfb_401756914,2025,6,2025-10-04,23:30,COLO,TCU,21.0,35.0,Home,
cfb_401756915,2025,6,2025-10-04,23:30,KU,UCF,27.0,20.0,Home,
cfb_401762478,2025,6,2025-10-05,00:00,TLSA,MEM,7.0,45.0,Home,
cfb_401754551,2025,6,2025-10-05,02:30,DUKE,CAL,45.0,21.0,Home,
cfb_401760383,2025,6,2025-10-05,02:30,NEV,FRES,17.0,20.0,Home,
cfb_401757278,2025,7,2025-10-08,23:30,MOST,MTSU,22.0,20.0,Home,
cfb_401757277,2025,7,2025-10-09,00:00,LIB,UTEP,19.0,8.0,Home,
cfb_401757280,2025,7,2025-10-09,23:00,LT,KENN,7.0,35.0,Home,
cfb_401762480,2025,7,2025-10-09,23:30,ECU,TULN,19.0,26.0,Home,
cfb_401757279,2025,7,2025-10-10,00:00,JVST,SHSU,29.0,27.0,Home,
cfb_401761622,2025,7,2025-10-10,00:00,USM,GASO,38.0,35.0,Home,
cfb_401762481,2025,7,2025-10-10,23:30,USF,UNT,63.0,36.0,Home,
cfb_401752862,2025,7,2025-10-11,01:00,RUTG,WASH,19.0,38.0,Home,
cfb_401760388,2025,7,2025-10-11,01:00,FRES,CSU,21.0,49.0,Home,
cfb_401752865,2025,7,2025-10-11,16:00,OSU,ILL,34.0,16.0,Home,
cfb_401752870,2025,7,2025-10-11,19:30,IU,ORE,30.0,20.0,Home,
cfb_401752733,2025,7,2025-10-11,16:45,WSU,MISS,21.0,24.0,Home,
cfb_401752737,2025,7,2025-10-11,23:00,FLA,TA&M,17.0,34.0,Home,
cfb_401752736,2025,7,2025-10-11,19:30,OU,TEX,6.0,23.0,Neutral,
cfb_401752734,2025,7,2025-10-11,16:00,ALA,MIZ,27.0,24.0,Home,
cfb_401756921,2025,7,2025-10-11,23:30,KU,TTU,17.0,42.0,Home,
cfb_401752731,2025,7,2025-10-11,23:30,UGA,AUB,20.0,10.0,Home,
cfb_401752732,2025,7,2025-10-11,23:45,SC,LSU,10.0,20.0,Home,
cfb_401752735,2025,7,2025-10-11,20:15,ARK,TENN,31.0,34.0,Home,
cfb_401754560,2025,7,2025-10-11,19:30,VT,GT,20.0,35.0,Home,
cfb_401752868,2025,7,2025-10-11,23:30,MICH,USC,13.0,31.0,Home,
cfb_401754562,2025,7,2025-10-11,19:30,NCSU,ND,7.0,36.0,Home,
cfb_401756918,2025,7,2025-10-11,19:30,ISU,COLO,17.0,24.0,Home,
cfb_401754559,2025,7,2025-10-11,16:00,PITT,FSU,34.0,31.0,Home,
cfb_401752863,2025,7,2025-10-11,16:00,UCLA,MSU,38.0,13.0,Home,
cfb_401754561,2025,7,2025-10-11,16:00,STAN,SMU,10.0,34.0,Home,
cfb_401756917,2025,7,2025-10-11,16:00,UCF,CIN,11.0,20.0,Home,
cfb_401756920,2025,7,2025-10-11,16:00,HOU,OKST,39.0,17.0,Home,
cfb_401761625,2025,7,2025-10-11,16:00,UL,JMU,14.0,24.0,Home,
cfb_401762483,2025,7,2025-10-11,16:00,CLT,ARMY,7.0,24.0,Home,
cfb_401762833,2025,7,2025-10-11,16:00,M-OH,AKR,20.0,7.0,Home,
cfb_401762835,2025,7,2025-10-11,16:00,TOL,BGSU,23.0,28.0,Home,
cfb_401762836,2025,7,2025-10-11,17:00,NIU,EMU,10.0,16.0,Home,
cfb_401762837,2025,7,2025-10-11,18:30,MASS,KENT,6.0,42.0,Home,
cfb_401752866,2025,7,2025-10-11,19:30,NU,PSU,22.0,21.0,Home,
cfb_401752867,2025,7,2025-10-11,19:30,NEB,MD,34.0,31.0,Home,
cfb_401754563,2025,7,2025-10-11,19:30,WAKE,ORST,39.0,14.0,Home,
cfb_401756919,2025,7,2025-10-11,19:30,TCU,KSU,28.0,41.0,Home,
cfb_401760386,2025,7,2025-10-11,19:30,AFA,UNLV,48.0,51.0,Home,
cfb_401761624,2025,7,2025-10-11,19:30,APP,GAST,41.0,20.0,Home,
cfb_401761626,2025,7,2025-10-11,19:30,ODU,MRSH,24.0,48.0,Home,
cfb_401762834,2025,7,2025-10-11,19:30,BALL,WMU,0.0,42.0,Home,
cfb_401762484,2025,7,2025-10-11,20:00,NAVY,TEM,32.0,31.0,Home,
cfb_401762482,2025,7,2025-10-11,22:00,UAB,FAU,33.0,53.0,Home,
cfb_401752869,2025,7,2025-10-11,23:00,IOWA,WIS,37.0,0.0,Home,
cfb_401760391,2025,7,2025-10-11,23:00,SJSU,WYO,28.0,35.0,Home,
cfb_401761623,2025,7,2025-10-11,23:00,ULM,CCU,8.0,23.0,Home,
cfb_401752864,2025,7,2025-10-11,23:30,PUR,MINN,20.0,27.0,Home,
cfb_401754558,2025,7,2025-10-11,23:30,CLEM,BC,41.0,10.0,Home,
cfb_401762485,2025,7,2025-10-11,23:30,RICE,UTSA,13.0,61.0,Home,
cfb_401756916,2025,7,2025-10-12,00:00,BYU,ARIZ,33.0,27.0,Home,
cfb_401756922,2025,7,2025-10-12,02:25,ASU,UTAH,10.0,42.0,Home,
cfb_401761627,2025,7,2025-10-12,00:00,TROY,TXST,48.0,41.0,Home,
cfb_401760387,2025,7,2025-10-12,01:45,UNM,BOIS,25.0,41.0,Home,
cfb_401760390,2025,7,2025-10-12,02:30,SDSU,NEV,44.0,10.0,Home,
cfb_401760389,2025,7,2025-10-12,03:59,USU,HAW,26.0,44.0,Home,
cfb_401757282,2025,8,2025-10-14,23:00,NMSU,LIB,27.0,30.0,Home,
cfb_401761628,2025,8,2025-10-14,23:30,ARST,USA,15.0,14.0,Home,
cfb_401757281,2025,8,2025-10-15,00:00,FIU,WKU,25.0,6.0,Home,
cfb_401757283,2025,8,2025-10-15,23:00,DEL,JVST,25.0,38.0,Home,
cfb_401757284,2025,8,2025-10-15,23:00,UTEP,SHSU,35.0,17.0,Home,
cfb_401762486,2025,8,2025-10-16,23:30,TLSA,ECU,27.0,41.0,Home,
cfb_401754564,2025,8,2025-10-17,23:00,LOU,MIA,24.0,21.0,Home,
cfb_401752872,2025,8,2025-10-18,00:00,NEB,MINN,6.0,24.0,Home,
cfb_401760396,2025,8,2025-10-18,01:00,SJSU,USU,25.0,30.0,Home,
cfb_401754371,2025,8,2025-10-18,02:30,UNC,CAL,18.0,21.0,Home,
cfb_401752877,2025,8,2025-10-18,19:30,OSU,WIS,34.0,0.0,Home,
cfb_401752878,2025,8,2025-10-18,19:30,MSU,IU,13.0,38.0,Home,
cfb_401752739,2025,8,2025-10-18,21:30,TA&M,ARK,45.0,42.0,Home,
cfb_401752742,2025,8,2025-10-18,19:30,MISS,UGA,35.0,43.0,Home,
cfb_401752738,2025,8,2025-10-18,23:30,TENN,ALA,20.0,37.0,Home,
cfb_401756923,2025,8,2025-10-18,20:00,TTU,ASU,22.0,26.0,Home,
cfb_401752876,2025,8,2025-10-18,22:30,ORE,RUTG,56.0,10.0,Home,
cfb_401752745,2025,8,2025-10-18,16:00,LSU,VAN,24.0,31.0,Home,
cfb_401754566,2025,8,2025-10-18,16:00,GT,DUKE,27.0,18.0,Home,
cfb_401752871,2025,8,2025-10-18,23:30,USC,ND,24.0,34.0,Home,
cfb_401752744,2025,8,2025-10-18,16:45,OU,SC,26.0,7.0,Home,
cfb_401752740,2025,8,2025-10-18,23:45,MIZ,AUB,23.0,17.0,Home,
cfb_401752951,2025,8,2025-10-18,22:30,WSU,UVA,20.0,22.0,Home,
cfb_401762490,2025,8,2025-10-18,23:30,FAU,USF,13.0,48.0,Home,
cfb_401752743,2025,8,2025-10-18,23:00,TEX,UK,16.0,13.0,Home,
cfb_401762487,2025,8,2025-10-18,20:00,MEM,UAB,24.0,31.0,Home,
cfb_401752873,2025,8,2025-10-18,16:00,WASH,MICH,7.0,24.0,Home,
cfb_401754569,2025,8,2025-10-18,16:00,CONN,BC,38.0,23.0,Home,
cfb_401756925,2025,8,2025-10-18,16:00,ARIZ,HOU,28.0,31.0,Home,
cfb_401756927,2025,8,2025-10-18,16:00,BAY,TCU,36.0,42.0,Home,
cfb_401762488,2025,8,2025-10-18,16:00,ARMY,TULN,17.0,24.0,Home,
cfb_401762839,2025,8,2025-10-18,16:00,CMU,BGSU,27.0,6.0,Home,
cfb_401762841,2025,8,2025-10-18,16:00,EMU,M-OH,30.0,44.0,Home,
cfb_401756928,2025,8,2025-10-18,17:00,WVU,UCF,13.0,45.0,Home,
cfb_401762842,2025,8,2025-10-18,18:00,KENT,TOL,10.0,45.0,Home,
cfb_401762840,2025,8,2025-10-18,18:30,BUFF,MASS,28.0,21.0,Home,
cfb_401752874,2025,8,2025-10-18,19:00,PUR,NU,0.0,19.0,Home,
cfb_401761633,2025,8,2025-10-18,19:00,TROY,ULM,37.0,14.0,Home,
cfb_401754565,2025,8,2025-10-18,19:30,SMU,CLEM,35.0,24.0,Home,
cfb_401760392,2025,8,2025-10-18,19:30,WYO,AFA,21.0,24.0,Home,
cfb_401760393,2025,8,2025-10-18,19:30,UNLV,BOIS,31.0,56.0,Home,
cfb_401761629,2025,8,2025-10-18,19:30,CCU,APP,45.0,37.0,Home,
cfb_401761631,2025,8,2025-10-18,19:30,ODU,JMU,27.0,63.0,Home,
cfb_401761632,2025,8,2025-10-18,19:30,TXST,MRSH,37.0,40.0,Home,
cfb_401762489,2025,8,2025-10-18,19:30,TEM,CLT,49.0,14.0,Home,
cfb_401762838,2025,8,2025-10-18,19:30,AKR,BALL,28.0,42.0,Home,
cfb_401762843,2025,8,2025-10-18,19:30,NIU,OHIO,21.0,48.0,Home,
cfb_401762491,2025,8,2025-10-18,20:05,UTSA,UNT,17.0,55.0,Home,
cfb_401752741,2025,8,2025-10-18,20:15,MSST,FLA,21.0,23.0,Home,
cfb_401761668,2025,8,2025-10-18,21:00,USM,UL,22.0,10.0,Home,
cfb_401752875,2025,8,2025-10-18,23:00,PSU,IOWA,24.0,25.0,Home,
cfb_401752879,2025,8,2025-10-18,23:00,MD,UCLA,17.0,20.0,Home,
cfb_401760394,2025,8,2025-10-18,23:00,HAW,CSU,31.0,19.0,Home,
cfb_401761630,2025,8,2025-10-18,23:00,GAST,GASO,24.0,41.0,Home,
cfb_401754568,2025,8,2025-10-18,23:30,PITT,SYR,30.0,13.0,Home,
cfb_401756924,2025,8,2025-10-19,00:00,UTAH,BYU,21.0,24.0,Home,
cfb_401756926,2025,8,2025-10-19,00:00,CIN,OKST,49.0,17.0,Home,
cfb_401760395,2025,8,2025-10-19,01:45,NEV,UNM,22.0,24.0,Home,
cfb_401754567,2025,8,2025-10-19,02:30,FSU,STAN,13.0,20.0,Home,
cfb_401757285,2025,9,2025-10-21,23:00,KENN,FIU,45.0,26.0,Home,
cfb_401757286,2025,9,2025-10-21,23:30,WKU,LT,28.0,27.0,Home,
cfb_401757287,2025,9,2025-10-22,23:30,MTSU,DEL,28.0,31.0,Home,
cfb_401757288,2025,9,2025-10-23,01:00,MOST,NMSU,24.0,17.0,Home,
cfb_401761634,2025,9,2025-10-23,23:30,USA,GAST,38.0,31.0,Home,
cfb_401762492,2025,9,2025-10-24,23:00,UNT,CLT,54.0,20.0,Home,
cfb_401754372,2025,9,2025-10-24,23:30,CAL,VT,34.0,42.0,Home,
cfb_401760397,2025,9,2025-10-25,02:00,BOIS,NEV,24.0,3.0,Home,
cfb_401752885,2025,9,2025-10-25,16:00,UCLA,IU,6.0,56.0,Home,
cfb_401752748,2025,9,2025-10-25,23:30,TA&M,LSU,49.0,25.0,Home,
cfb_401752751,2025,9,2025-10-25,19:30,ALA,SC,29.0,22.0,Home,
cfb_401752886,2025,9,2025-10-25,23:00,WIS,ORE,7.0,21.0,Home,
cfb_401754571,2025,9,2025-10-25,16:00,SYR,GT,16.0,41.0,Home,
cfb_401752750,2025,9,2025-10-25,16:00,MISS,OU,34.0,26.0,Home,
cfb_401754572,2025,9,2025-10-25,23:00,STAN,MIA,7.0,42.0,Home,
cfb_401752752,2025,9,2025-10-25,19:30,MIZ,VAN,10.0,17.0,Home,
cfb_401756931,2025,9,2025-10-25,19:30,BYU,ISU,41.0,27.0,Home,
cfb_401756933,2025,9,2025-10-25,20:00,OKST,TTU,0.0,42.0,Home,
cfb_401754573,2025,9,2025-10-25,16:00,UVA,UNC,17.0,16.0,Home,
cfb_401752747,2025,9,2025-10-25,23:45,TENN,UK,56.0,34.0,Home,
cfb_401762494,2025,9,2025-10-25,16:00,USF,MEM,31.0,34.0,Home,
cfb_401754570,2025,9,2025-10-25,23:30,BC,LOU,24.0,38.0,Home,
cfb_401756930,2025,9,2025-10-25,20:00,BAY,CIN,20.0,41.0,Home,
cfb_401752749,2025,9,2025-10-25,20:15,TEX,MSST,45.0,38.0,Home,
cfb_401752880,2025,9,2025-10-25,19:30,ILL,WASH,25.0,42.0,Home,
cfb_401752881,2025,9,2025-10-25,23:30,MICH,MSU,31.0,20.0,Home,
cfb_401752883,2025,9,2025-10-25,16:00,NU,NEB,21.0,28.0,Home,
cfb_401752884,2025,9,2025-10-25,16:00,RUTG,PUR,27.0,24.0,Home,
cfb_401752942,2025,9,2025-10-25,16:00,SMU,WAKE,12.0,13.0,Home,
cfb_401756932,2025,9,2025-10-25,16:00,KSU,KU,42.0,17.0,Home,
cfb_401761635,2025,9,2025-10-25,16:00,APP,ODU,21.0,24.0,Home,
cfb_401762846,2025,9,2025-10-25,16:00,BGSU,KENT,21.0,24.0,Home,
cfb_401762848,2025,9,2025-10-25,16:00,OHIO,EMU,28.0,21.0,Home,
cfb_401752746,2025,9,2025-10-25,16:45,AUB,ARK,33.0,24.0,Home,
cfb_401762844,2025,9,2025-10-25,17:00,AKR,BUFF,24.0,16.0,Home,
cfb_401757172,2025,9,2025-10-25,19:00,CONN,RICE,34.0,37.0,Home,
cfb_401760400,2025,9,2025-10-25,19:00,USU,UNM,14.0,33.0,Home,
cfb_401752882,2025,9,2025-10-25,19:30,MINN,IOWA,3.0,41.0,Home,
cfb_401752952,2025,9,2025-10-25,19:30,TOL,WSU,7.0,28.0,Home,
cfb_401754574,2025,9,2025-10-25,19:30,NCSU,PITT,34.0,53.0,Home,
cfb_401760399,2025,9,2025-10-25,19:30,SDSU,FRES,23.0,0.0,Home,
cfb_401761637,2025,9,2025-10-25,19:30,ULM,USM,21.0,49.0,Home,
cfb_401762493,2025,9,2025-10-25,19:30,FAU,NAVY,32.0,42.0,Home,
cfb_401762495,2025,9,2025-10-25,19:30,TEM,TLSA,38.0,37.0,Home,
cfb_401762845,2025,9,2025-10-25,19:30,BALL,NIU,7.0,21.0,Home,
cfb_401762847,2025,9,2025-10-25,19:30,MASS,CMU,13.0,38.0,Home,
cfb_401762874,2025,9,2025-10-25,19:30,WMU,M-OH,17.0,26.0,Home,
cfb_401756935,2025,9,2025-10-25,22:00,TCU,WVU,23.0,17.0,Home,
cfb_401761636,2025,9,2025-10-25,23:00,GASO,ARST,24.0,34.0,Home,
cfb_401761638,2025,9,2025-10-25,23:00,UL,TROY,23.0,35.0,Home,
cfb_401760398,2025,9,2025-10-25,23:30,CSU,WYO,0.0,28.0,Home,
cfb_401756929,2025,9,2025-10-26,00:00,HOU,ASU,24.0,16.0,Home,
cfb_401756934,2025,9,2025-10-26,02:25,COLO,UTAH,7.0,53.0,Home,
cfb_401757289,2025,10,2025-10-29,00:00,UTEP,KENN,20.0,33.0,Home,
cfb_401761639,2025,10,2025-10-29,00:00,JMU,TXST,52.0,20.0,Home,
cfb_401757292,2025,10,2025-10-29,23:30,JVST,MTSU,24.0,21.0,Home,
cfb_401757291,2025,10,2025-10-30,00:00,FIU,MOST,21.0,28.0,Home,
cfb_401761640,2025,10,2025-10-30,23:30,MRSH,CCU,27.0,44.0,Home,
cfb_401762443,2025,10,2025-10-30,23:30,TULN,UTSA,26.0,48.0,Home,
cfb_401762497,2025,10,2025-10-31,23:00,MEM,RICE,38.0,14.0,Home,
cfb_401754575,2025,10,2025-10-31,23:30,UNC,SYR,27.0,10.0,Home,
cfb_401757290,2025,10,2025-11-01,00:00,SHSU,LT,14.0,55.0,Home,
cfb_401752889,2025,10,2025-11-01,16:00,PSU,OSU,14.0,38.0,Home,
cfb_401752887,2025,10,2025-11-01,19:30,IU,MD,55.0,10.0,Home,
cfb_401752755,2025,10,2025-11-01,19:30,UGA,FLA,24.0,20.0,Neutral,
cfb_401752756,2025,10,2025-11-01,23:00,SC,MISS,14.0,30.0,Home,
cfb_401754579,2025,10,2025-11-01,23:30,GT,NCSU,36.0,48.0,Home,
cfb_401752758,2025,10,2025-11-01,16:00,VAN,TEX,31.0,34.0,Home,
cfb_401754581,2025,10,2025-11-01,16:00,MIA,SMU,20.0,26.0,Home,
cfb_401754583,2025,10,2025-11-01,19:30,ND,BC,25.0,10.0,Home,
cfb_401756941,2025,10,2025-11-01,19:30,TTU,KSU,43.0,20.0,Home,
cfb_401752757,2025,10,2025-11-01,23:30,OU,TENN,33.0,27.0,Home,
cfb_401754576,2025,10,2025-11-01,19:45,UVA,CAL,31.0,21.0,Home,
cfb_401754580,2025,10,2025-11-01,19:00,LOU,VT,28.0,16.0,Home,
cfb_401752890,2025,10,2025-11-01,23:00,PUR,MICH,16.0,21.0,Home,
cfb_401756938,2025,10,2025-11-01,16:00,WVU,HOU,45.0,35.0,Home,
cfb_401752892,2025,10,2025-11-01,23:30,USC,NEB,21.0,17.0,Home,
cfb_401752891,2025,10,2025-11-01,16:00,RUTG,ILL,13.0,35.0,Home,
cfb_401754577,2025,10,2025-11-01,16:00,DUKE,CLEM,46.0,45.0,Home,
cfb_401756936,2025,10,2025-11-01,16:00,UCF,BAY,3.0,30.0,Home,
cfb_401757173,2025,10,2025-11-01,16:00,UAB,CONN,19.0,38.0,Home,
cfb_401760401,2025,10,2025-11-01,16:00,ARMY,AFA,20.0,17.0,Home,
cfb_401762499,2025,10,2025-11-01,16:00,NAVY,UNT,17.0,31.0,Home,
cfb_401762849,2025,10,2025-11-01,16:00,BUFF,BGSU,28.0,3.0,Home,
cfb_401756939,2025,10,2025-11-01,17:00,ASU,ISU,24.0,19.0,Home,
cfb_401762498,2025,10,2025-11-01,18:00,ECU,TEM,45.0,14.0,Home,
cfb_401760404,2025,10,2025-11-01,19:00,UNM,UNLV,40.0,35.0,Home,
cfb_401752888,2025,10,2025-11-01,19:30,MSU,MINN,20.0,23.0,Home,
cfb_401754582,2025,10,2025-11-01,19:30,PITT,STAN,35.0,20.0,Home,
cfb_401757293,2025,10,2025-11-01,19:30,DEL,LIB,30.0,59.0,Home,
cfb_401757294,2025,10,2025-11-01,19:30,NMSU,WKU,16.0,35.0,Home,
cfb_401760402,2025,10,2025-11-01,19:30,FRES,BOIS,30.0,7.0,Home,
cfb_401761641,2025,10,2025-11-01,19:30,ODU,ULM,31.0,6.0,Home,
cfb_401761642,2025,10,2025-11-01,19:30,UL,USA,31.0,22.0,Home,
cfb_401752753,2025,10,2025-11-01,20:00,MSST,ARK,38.0,35.0,Home,
cfb_401756940,2025,10,2025-11-01,20:00,OKST,KU,21.0,38.0,Home,
cfb_401762850,2025,10,2025-11-01,20:00,CMU,WMU,21.0,24.0,Home,
cfb_401756937,2025,10,2025-11-01,23:00,ARIZ,COLO,52.0,17.0,Home,
cfb_401760405,2025,10,2025-11-01,23:00,WYO,SDSU,7.0,24.0,Home,
cfb_401752754,2025,10,2025-11-01,23:30,UK,AUB,10.0,3.0,Home,
cfb_401752943,2025,10,2025-11-01,23:30,WSU,ORST,7.0,10.0,Home,
cfb_401754578,2025,10,2025-11-01,23:30,WAKE,FSU,7.0,42.0,Home,
cfb_401756942,2025,10,2025-11-02,02:15,CIN,UTAH,14.0,45.0,Home,
cfb_401761643,2025,10,2025-11-02,00:00,ARST,TROY,23.0,10.0,Home,
cfb_401760403,2025,10,2025-11-02,02:30,HAW,SJSU,38.0,45.0,Home,
cfb_401762851,2025,11,2025-11-05,00:00,MASS,AKR,10.0,44.0,Home,
cfb_401762852,2025,11,2025-11-05,00:00,M-OH,OHIO,20.0,24.0,Home,
cfb_401762853,2025,11,2025-11-06,00:00,KENT,BALL,13.0,17.0,Home,
cfb_401762854,2025,11,2025-11-06,00:00,NIU,TOL,3.0,42.0,Home,
cfb_401761644,2025,11,2025-11-07,00:30,GASO,APP,25.0,23.0,Home,
cfb_401762500,2025,11,2025-11-07,00:30,UTSA,USF,23.0,55.0,Home,
cfb_401752896,2025,11,2025-11-08,02:00,NU,USC,17.0,38.0,Home,
cfb_401756946,2025,11,2025-11-08,01:15,HOU,UCF,30.0,27.0,Home,
cfb_401762501,2025,11,2025-11-08,02:10,TULN,MEM,38.0,32.0,Home,
cfb_401752897,2025,11,2025-11-08,18:00,OSU,PUR,34.0,10.0,Home,
cfb_401752893,2025,11,2025-11-08,17:00,IU,PSU,27.0,24.0,Home,
cfb_401752763,2025,11,2025-11-08,20:30,TA&M,MIZ,38.0,17.0,Home,
cfb_401752762,2025,11,2025-11-08,17:00,UGA,MSST,41.0,21.0,Home,
cfb_401756945,2025,11,2025-11-08,17:00,BYU,TTU,7.0,29.0,Home,
cfb_401752898,2025,11,2025-11-08,20:30,ORE,IOWA,18.0,16.0,Home,
cfb_401752764,2025,11,2025-11-08,21:00,AUB,VAN,38.0,45.0,Home,
cfb_401754587,2025,11,2025-11-08,20:30,SYR,MIA,10.0,38.0,Home,
cfb_401752899,2025,11,2025-11-08,21:30,WASH,WIS,10.0,13.0,Home,
cfb_401754584,2025,11,2025-11-08,17:00,SMU,BC,45.0,13.0,Home,
cfb_401756947,2025,11,2025-11-08,17:00,COLO,WVU,22.0,29.0,Home,
cfb_401761646,2025,11,2025-11-08,17:00,JMU,MRSH,35.0,23.0,Home,
cfb_401761647,2025,11,2025-11-08,17:00,USM,ARST,27.0,21.0,Home,
cfb_401762503,2025,11,2025-11-08,17:00,TEM,ARMY,13.0,14.0,Home,
cfb_401757299,2025,11,2025-11-08,18:00,MOST,LIB,21.0,17.0,Home,
cfb_401762855,2025,11,2025-11-08,18:00,BGSU,EMU,21.0,27.0,Home,
cfb_401762502,2025,11,2025-11-08,19:00,UAB,RICE,17.0,24.0,Home,
cfb_401752894,2025,11,2025-11-08,19:30,MD,RUTG,20.0,35.0,Home,
cfb_401757295,2025,11,2025-11-08,20:00,LT,DEL,24.0,25.0,Home,
cfb_401757296,2025,11,2025-11-08,20:00,FIU,MTSU,56.0,30.0,Home,
cfb_401757297,2025,11,2025-11-08,20:00,JVST,UTEP,30.0,27.0,Home,
cfb_401762504,2025,11,2025-11-08,20:00,CLT,ECU,22.0,48.0,Home,
cfb_401762505,2025,11,2025-11-08,20:00,TLSA,FAU,21.0,40.0,Home,
cfb_401754590,2025,11,2025-11-08,20:30,DUKE,CONN,34.0,37.0,Home,
cfb_401756943,2025,11,2025-11-08,20:30,KU,ARIZ,20.0,24.0,Home,
cfb_401756944,2025,11,2025-11-08,20:30,ISU,TCU,20.0,17.0,Home,
cfb_401757298,2025,11,2025-11-08,21:00,KENN,NMSU,24.0,21.0,Home,
cfb_401761645,2025,11,2025-11-08,21:00,GAST,CCU,27.0,40.0,Home,
cfb_401754588,2025,11,2025-11-08,21:30,STAN,UNC,15.0,20.0,Home,
cfb_401761648,2025,11,2025-11-08,22:00,TXST,UL,39.0,42.0,Home,
cfb_401760406,2025,11,2025-11-08,23:00,AFA,SJSU,26.0,16.0,Home,
cfb_401752759,2025,11,2025-11-09,00:30,LSU,ALA,9.0,20.0,Home,
cfb_401757166,2025,11,2025-11-09,00:30,NAVY,ND,10.0,49.0,Home,
cfb_401754589,2025,11,2025-11-09,00:00,WAKE,UVA,16.0,9.0,Home,
cfb_401754585,2025,11,2025-11-09,00:00,CAL,LOU,29.0,26.0,Home,
cfb_401754586,2025,11,2025-11-09,00:00,FSU,CLEM,10.0,24.0,Home,
cfb_401752760,2025,11,2025-11-09,00:30,FLA,UK,7.0,38.0,Home,
cfb_401760409,2025,11,2025-11-09,00:30,NEV,USU,14.0,51.0,Home,
cfb_401752895,2025,11,2025-11-09,02:00,NEB,UCLA,28.0,21.0,Home,
cfb_401760407,2025,11,2025-11-09,02:30,UNLV,CSU,42.0,10.0,Home,
cfb_401752944,2025,11,2025-11-09,03:00,SHSU,ORST,21.0,17.0,Home,
cfb_401760408,2025,11,2025-11-09,04:00,SDSU,HAW,6.0,38.0,Home,
cfb_401762856,2025,12,2025-11-12,00:30,KENT,AKR,42.0,35.0,Home,
cfb_401762857,2025,12,2025-11-12,01:00,OHIO,WMU,13.0,17.0,Home,
cfb_401762858,2025,12,2025-11-13,00:00,BUFF,CMU,19.0,38.0,Home,
cfb_401762859,2025,12,2025-11-13,00:00,NIU,MASS,45.0,3.0,Home,
cfb_401762860,2025,12,2025-11-13,00:00,TOL,M-OH,24.0,3.0,Home,
cfb_401761649,2025,12,2025-11-14,00:30,TROY,ODU,0.0,33.0,Home,
cfb_401752904,2025,12,2025-11-15,02:00,MINN,ORE,13.0,42.0,Home,
cfb_401754591,2025,12,2025-11-15,00:30,CLEM,LOU,20.0,19.0,Home,
cfb_401752901,2025,12,2025-11-15,17:00,WIS,IU,7.0,31.0,Home,
cfb_401752772,2025,12,2025-11-15,17:00,SC,TA&M,30.0,31.0,Home,
cfb_401752765,2025,12,2025-11-15,20:30,OU,ALA,23.0,21.0,Home,
cfb_401756953,2025,12,2025-11-15,20:30,UCF,TTU,9.0,48.0,Home,
cfb_401754597,2025,12,2025-11-15,17:00,ND,PITT,37.0,15.0,Home,
cfb_401754595,2025,12,2025-11-15,20:40,NCSU,MIA,7.0,41.0,Home,
cfb_401754592,2025,12,2025-11-15,20:30,GT,BC,36.0,34.0,Home,
cfb_401752907,2025,12,2025-11-15,20:30,IOWA,USC,21.0,26.0,Home,
cfb_401752905,2025,12,2025-11-15,17:00,MICH,NU,24.0,22.0,Home,
cfb_401754593,2025,12,2025-11-15,20:35,UVA,DUKE,34.0,17.0,Home,
cfb_401752771,2025,12,2025-11-15,21:15,NMSU,TENN,9.0,42.0,Home,
cfb_401762510,2025,12,2025-11-15,17:00,USF,NAVY,38.0,41.0,Home,
cfb_401756951,2025,12,2025-11-15,17:00,ARIZ,CIN,30.0,24.0,Home,
cfb_401756952,2025,12,2025-11-15,17:00,KSU,OKST,14.0,6.0,Home,
cfb_401757174,2025,12,2025-11-15,17:00,AFA,CONN,16.0,26.0,Home,
cfb_401762507,2025,12,2025-11-15,17:00,UTSA,CLT,28.0,7.0,Home,
cfb_401762861,2025,12,2025-11-15,17:00,EMU,BALL,24.0,9.0,Home,
cfb_401752768,2025,12,2025-11-15,17:45,ARK,LSU,22.0,23.0,Home,
cfb_401752945,2025,12,2025-11-15,18:00,ORST,TLSA,14.0,31.0,Home,
cfb_401756948,2025,12,2025-11-15,18:00,WVU,ASU,23.0,25.0,Home,
cfb_401761651,2025,12,2025-11-15,19:00,MRSH,GAST,30.0,18.0,Home,
cfb_401762506,2025,12,2025-11-15,19:00,UNT,UAB,53.0,24.0,Home,
cfb_401757304,2025,12,2025-11-15,20:00,UTEP,MOST,24.0,38.0,Home,
cfb_401760411,2025,12,2025-11-15,20:00,CSU,UNM,17.0,20.0,Home,
cfb_401752903,2025,12,2025-11-15,20:30,PSU,MSU,28.0,10.0,Home,
cfb_401752906,2025,12,2025-11-15,20:30,MD,ILL,6.0,24.0,Home,
cfb_401757303,2025,12,2025-11-15,20:30,MTSU,WKU,26.0,42.0,Home,
cfb_401760413,2025,12,2025-11-15,20:30,SJSU,NEV,10.0,55.0,Home,
cfb_401761652,2025,12,2025-11-15,20:30,APP,JMU,10.0,58.0,Home,
cfb_401761653,2025,12,2025-11-15,20:30,USA,ULM,26.0,14.0,Home,
cfb_401761654,2025,12,2025-11-15,20:30,TXST,USM,41.0,14.0,Home,
cfb_401762508,2025,12,2025-11-15,21:00,MEM,ECU,27.0,31.0,Home,
cfb_401762509,2025,12,2025-11-15,21:00,FAU,TULN,24.0,35.0,Home,
cfb_401754596,2025,12,2025-11-15,21:30,UNC,WAKE,12.0,28.0,Home,
cfb_401757301,2025,12,2025-11-15,22:00,LIB,FIU,27.0,34.0,Home,
cfb_401761650,2025,12,2025-11-15,23:00,CCU,GASO,40.0,45.0,Home,
cfb_401752900,2025,12,2025-11-16,00:30,UCLA,OSU,10.0,48.0,Home,
cfb_401752766,2025,12,2025-11-16,00:30,TEX,UGA,10.0,35.0,Home,
cfb_401752769,2025,12,2025-11-16,00:00,FLA,MISS,24.0,34.0,Home,
cfb_401756950,2025,12,2025-11-16,03:15,TCU,BYU,13.0,44.0,Home,
cfb_401756949,2025,12,2025-11-16,00:00,UTAH,BAY,55.0,28.0,Home,
cfb_401752902,2025,12,2025-11-16,00:00,PUR,WASH,13.0,49.0,Home,
cfb_401757300,2025,12,2025-11-16,00:00,DEL,SHSU,23.0,26.0,Home,
cfb_401760414,2025,12,2025-11-16,00:00,USU,UNLV,26.0,29.0,Home,
cfb_401754594,2025,12,2025-11-16,00:30,VT,FSU,14.0,34.0,Home,
cfb_401752770,2025,12,2025-11-16,00:45,MSST,MIZ,27.0,49.0,Home,
cfb_401757302,2025,12,2025-11-16,01:00,KENN,JVST,26.0,35.0,Home,
cfb_401752953,2025,12,2025-11-16,03:00,LT,WSU,3.0,28.0,Home,
cfb_401760410,2025,12,2025-11-16,03:30,BOIS,SDSU,7.0,17.0,Home,
cfb_401760412,2025,12,2025-11-16,03:30,WYO,FRES,3.0,24.0,Home,
cfb_401762862,2025,13,2025-11-19,00:00,AKR,BGSU,19.0,16.0,Home,
cfb_401762864,2025,13,2025-11-19,00:00,WMU,NIU,35.0,19.0,Home,
cfb_401762863,2025,13,2025-11-19,00:15,MASS,OHIO,14.0,42.0,Home,
cfb_401762865,2025,13,2025-11-20,00:00,M-OH,BUFF,37.0,20.0,Home,
cfb_401762866,2025,13,2025-11-20,00:00,CMU,KENT,28.0,16.0,Home,
cfb_401761655,2025,13,2025-11-21,00:30,UL,ARST,34.0,30.0,Home,
cfb_401754598,2025,13,2025-11-22,01:00,FSU,NCSU,11.0,21.0,Home,
cfb_401760418,2025,13,2025-11-22,03:30,HAW,UNLV,10.0,38.0,Home,
cfb_401752912,2025,13,2025-11-22,17:00,RUTG,OSU,9.0,42.0,Home,
cfb_401752776,2025,13,2025-11-22,17:45,CLT,UGA,3.0,35.0,Home,
cfb_401752911,2025,13,2025-11-22,20:30,USC,ORE,27.0,42.0,Home,
cfb_401752778,2025,13,2025-11-22,17:00,MIZ,OU,6.0,17.0,Home,
cfb_401754604,2025,13,2025-11-22,20:30,SYR,ND,7.0,70.0,Home,
cfb_401756960,2025,13,2025-11-22,21:00,KSU,UTAH,47.0,51.0,Home,
cfb_401754603,2025,13,2025-11-22,17:00,MIA,VT,34.0,17.0,Home,
cfb_401752782,2025,13,2025-11-22,20:30,UK,VAN,17.0,45.0,Home,
cfb_401752780,2025,13,2025-11-22,20:30,ARK,TEX,37.0,52.0,Home,
cfb_401752914,2025,13,2025-11-22,21:00,MICH,MD,45.0,20.0,Home,
cfb_401756957,2025,13,2025-11-22,21:00,TCU,HOU,17.0,14.0,Home,
cfb_401762515,2025,13,2025-11-22,20:45,TULN,TEM,37.0,13.0,Home,
cfb_401752909,2025,13,2025-11-22,17:00,MINN,NU,35.0,38.0,Home,
cfb_401754602,2025,13,2025-11-22,17:00,LOU,SMU,6.0,38.0,Home,
cfb_401754606,2025,13,2025-11-22,17:00,DEL,WAKE,14.0,52.0,Home,
cfb_401756958,2025,13,2025-11-22,17:00,KU,ISU,14.0,38.0,Home,
cfb_401762512,2025,13,2025-11-22,17:00,TLSA,ARMY,26.0,25.0,Home,
cfb_401752954,2025,13,2025-11-22,18:00,WSU,JMU,20.0,24.0,Home,
cfb_401756954,2025,13,2025-11-22,18:00,BAY,ARIZ,17.0,41.0,Home,
cfb_401761657,2025,13,2025-11-22,18:00,ODU,GASO,45.0,10.0,Home,
cfb_401757306,2025,13,2025-11-22,19:00,MOST,KENN,34.0,41.0,Home,
cfb_401760419,2025,13,2025-11-22,19:00,NEV,WYO,13.0,7.0,Home,
cfb_401762867,2025,13,2025-11-22,19:00,BALL,TOL,9.0,38.0,Home,
cfb_401761656,2025,13,2025-11-22,19:30,MRSH,APP,24.0,26.0,Home,
cfb_401757175,2025,13,2025-11-22,20:00,CONN,FAU,48.0,45.0,Home,
cfb_401757307,2025,13,2025-11-22,20:00,LIB,LT,28.0,34.0,Home,
cfb_401757308,2025,13,2025-11-22,20:00,SHSU,MTSU,17.0,31.0,Home,
cfb_401757309,2025,13,2025-11-22,20:00,NMSU,UTEP,34.0,31.0,Home,
cfb_401762511,2025,13,2025-11-22,20:00,USF,UAB,48.0,18.0,Home,
cfb_401752913,2025,13,2025-11-22,20:30,MSU,IOWA,17.0,20.0,Home,
cfb_401754600,2025,13,2025-11-22,20:30,DUKE,UNC,32.0,25.0,Home,
cfb_401757305,2025,13,2025-11-22,20:30,JVST,FIU,21.0,27.0,Home,
cfb_401761658,2025,13,2025-11-22,20:30,USM,USA,35.0,42.0,Home,
cfb_401762513,2025,13,2025-11-22,20:30,ECU,UTSA,24.0,58.0,Home,
cfb_401756959,2025,13,2025-11-22,21:00,OKST,UCF,14.0,17.0,Home,
cfb_401761660,2025,13,2025-11-22,21:00,GAST,TROY,19.0,31.0,Home,
cfb_401752779,2025,13,2025-11-22,21:15,CCU,SC,7.0,51.0,Home,
cfb_401761659,2025,13,2025-11-22,22:00,ULM,TXST,14.0,31.0,Home,
cfb_401756955,2025,13,2025-11-23,01:00,BYU,CIN,26.0,14.0,Home,
cfb_401754601,2025,13,2025-11-23,00:00,PITT,GT,42.0,28.0,Home,
cfb_401752775,2025,13,2025-11-23,00:30,TENN,FLA,31.0,11.0,Home,
cfb_401752915,2025,13,2025-11-23,00:30,ILL,WIS,10.0,27.0,Home,
cfb_401756956,2025,13,2025-11-23,01:00,ASU,COLO,42.0,17.0,Home,
cfb_401752908,2025,13,2025-11-23,00:00,NEB,PSU,10.0,37.0,Home,
cfb_401760415,2025,13,2025-11-23,00:00,UNM,AFA,20.0,3.0,Home,
cfb_401760416,2025,13,2025-11-23,00:00,CSU,BOIS,21.0,49.0,Home,
cfb_401754599,2025,13,2025-11-23,00:30,CAL,STAN,10.0,31.0,Home,
cfb_401762514,2025,13,2025-11-23,00:30,UNT,RICE,56.0,24.0,Home,
cfb_401752777,2025,13,2025-11-23,00:45,WKU,LSU,10.0,13.0,Home,
cfb_401752910,2025,13,2025-11-23,03:30,WASH,UCLA,48.0,14.0,Home,
cfb_401760417,2025,13,2025-11-23,03:30,USU,FRES,28.0,17.0,Home,
cfb_401760420,2025,13,2025-11-23,03:30,SJSU,SDSU,3.0,25.0,Home,
cfb_401762868,2025,14,2025-11-25,21:30,BGSU,MASS,45.0,14.0,Home,
cfb_401762869,2025,14,2025-11-26,00:30,WMU,EMU,31.0,21.0,Home,
cfb_401762516,2025,14,2025-11-28,00:30,NAVY,MEM,28.0,17.0,Home,
cfb_401752786,2025,14,2025-11-28,20:30,UGA,GT,16.0,9.0,Neutral,
cfb_401752788,2025,14,2025-11-28,17:00,MISS,MSST,38.0,19.0,Home,
cfb_401756964,2025,14,2025-11-28,17:00,UTAH,KU,31.0,21.0,Home,
cfb_401752916,2025,14,2025-11-28,17:00,IOWA,NEB,40.0,16.0,Home,
cfb_401762870,2025,14,2025-11-28,17:00,OHIO,BUFF,31.0,26.0,Home,
cfb_401762871,2025,14,2025-11-28,17:00,KENT,NIU,35.0,31.0,Home,
cfb_401760421,2025,14,2025-11-28,20:00,AFA,CSU,42.0,21.0,Home,
cfb_401760426,2025,14,2025-11-28,20:30,SDSU,UNM,17.0,23.0,Home,
cfb_401762442,2025,14,2025-11-28,20:30,TEM,UNT,25.0,52.0,Home,
cfb_401760422,2025,14,2025-11-28,21:00,BOIS,USU,25.0,24.0,Home,
cfb_401752924,2025,14,2025-11-29,00:30,IU,PUR,56.0,3.0,Home,
cfb_401752792,2025,14,2025-11-29,00:30,TA&M,TEX,17.0,27.0,Home,
cfb_401756961,2025,14,2025-11-29,02:00,ARIZ,ASU,23.0,7.0,Home,
cfb_401752921,2025,14,2025-11-29,17:00,OSU,MICH,27.0,9.0,Home,
cfb_401756968,2025,14,2025-11-29,17:00,TTU,WVU,49.0,0.0,Home,
cfb_401752917,2025,14,2025-11-29,20:30,ORE,WASH,26.0,14.0,Home,
cfb_401752789,2025,14,2025-11-29,20:30,LSU,OU,13.0,17.0,Home,
cfb_401756963,2025,14,2025-11-29,18:00,UCF,BYU,21.0,41.0,Home,
cfb_401754611,2025,14,2025-11-29,17:00,MIA,PITT,38.0,7.0,Home,
cfb_401752791,2025,14,2025-11-29,20:30,VAN,TENN,45.0,24.0,Home,
cfb_401752787,2025,14,2025-11-29,17:00,UK,LOU,0.0,41.0,Home,
cfb_401752790,2025,14,2025-11-29,17:00,CLEM,SC,28.0,14.0,Home,
cfb_401756962,2025,14,2025-11-29,17:00,HOU,BAY,31.0,24.0,Home,
cfb_401756965,2025,14,2025-11-29,17:00,COLO,KSU,14.0,24.0,Home,
cfb_401756966,2025,14,2025-11-29,17:00,ISU,OKST,20.0,13.0,Home,
cfb_401762519,2025,14,2025-11-29,17:00,ECU,FAU,42.0,3.0,Home,
cfb_401762872,2025,14,2025-11-29,17:00,TOL,CMU,21.0,3.0,Home,
cfb_401762875,2025,14,2025-11-29,17:00,BALL,M-OH,24.0,45.0,Home,
cfb_401757310,2025,14,2025-11-29,18:00,UTEP,DEL,31.0,61.0,Home,
cfb_401757311,2025,14,2025-11-29,18:00,FIU,SHSU,56.0,16.0,Home,
cfb_401761663,2025,14,2025-11-29,18:30,GASO,MRSH,24.0,19.0,Home,
cfb_401757312,2025,14,2025-11-29,19:00,WKU,JVST,34.0,37.0,Home,
cfb_401757314,2025,14,2025-11-29,19:00,LT,MOST,42.0,30.0,Home,
cfb_401761664,2025,14,2025-11-29,19:00,GAST,ODU,10.0,27.0,Home,
cfb_401761661,2025,14,2025-11-29,19:30,ARST,APP,30.0,29.0,Home,
cfb_401754608,2025,14,2025-11-29,20:00,BC,SYR,34.0,12.0,Home,
cfb_401757315,2025,14,2025-11-29,20:00,MTSU,NMSU,31.0,24.0,Home,
cfb_401761665,2025,14,2025-11-29,20:00,ULM,UL,27.0,30.0,Home,
cfb_401761667,2025,14,2025-11-29,20:00,USA,TXST,26.0,49.0,Home,
cfb_401762517,2025,14,2025-11-29,20:00,UAB,TLSA,31.0,24.0,Home,
cfb_401752783,2025,14,2025-11-29,20:30,MIZ,ARK,31.0,17.0,Home,
cfb_401752918,2025,14,2025-11-29,20:30,WIS,MINN,7.0,17.0,Home,
cfb_401752920,2025,14,2025-11-29,20:30,PSU,RUTG,40.0,36.0,Home,
cfb_401754610,2025,14,2025-11-29,20:30,WAKE,DUKE,32.0,49.0,Home,
cfb_401756967,2025,14,2025-11-29,20:30,CIN,TCU,23.0,45.0,Home,
cfb_401757313,2025,14,2025-11-29,20:30,KENN,LIB,48.0,42.0,Home,
cfb_401761666,2025,14,2025-11-29,20:30,TROY,USM,28.0,18.0,Home,
cfb_401762441,2025,14,2025-11-29,20:30,ARMY,UTSA,27.0,24.0,Home,
cfb_401761662,2025,14,2025-11-29,20:45,JMU,CCU,59.0,10.0,Home,
cfb_401752785,2025,14,2025-11-29,21:30,FSU,FLA,21.0,40.0,Home,
cfb_401752946,2025,14,2025-11-29,23:30,ORST,WSU,8.0,32.0,Home,
cfb_401754614,2025,14,2025-11-30,03:30,ND,STAN,49.0,20.0,Home,
cfb_401752784,2025,14,2025-11-30,00:30,ALA,AUB,27.0,20.0,Home,
cfb_401752919,2025,14,2025-11-30,00:30,UCLA,USC,10.0,29.0,Home,
cfb_401754613,2025,14,2025-11-30,00:00,VT,UVA,7.0,27.0,Home,
cfb_401754609,2025,14,2025-11-30,01:00,SMU,CAL,35.0,38.0,Home,
cfb_401762518,2025,14,2025-11-30,00:30,CLT,TULN,0.0,27.0,Home,
cfb_401752923,2025,14,2025-11-30,00:00,MD,MSU,28.0,38.0,Neutral,
cfb_401762520,2025,14,2025-11-30,00:00,RICE,USF,3.0,52.0,Home,
cfb_401752922,2025,14,2025-11-30,00:30,NU,ILL,13.0,20.0,Home,
cfb_401754612,2025,14,2025-11-30,00:30,UNC,NCSU,19.0,42.0,Home,
cfb_401760425,2025,14,2025-11-30,02:00,UNLV,NEV,42.0,17.0,Home,
cfb_401760423,2025,14,2025-11-30,03:30,FRES,SJSU,41.0,14.0,Home,
cfb_401760424,2025,14,2025-11-30,04:00,WYO,HAW,7.0,27.0,Home,
cfb_401777324,2025,15,2025-12-06,01:00,UNT,TULN,21.0,34.0,Home,
cfb_401777352,2025,15,2025-12-06,00:00,TROY,JMU,14.0,31.0,Home,
cfb_401777325,2025,15,2025-12-06,00:00,KENN,JVST,19.0,15.0,Home,
cfb_401777326,2025,15,2025-12-06,01:00,UNLV,BOIS,21.0,38.0,Home,
cfb_401777351,2025,15,2025-12-06,21:00,UGA,ALA,28.0,7.0,Neutral,
cfb_401777327,2025,15,2025-12-06,17:00,BYU,TTU,7.0,34.0,Neutral,
cfb_401777329,2025,15,2025-12-06,17:00,M-OH,WMU,13.0,23.0,Neutral,
cfb_401777353,2025,15,2025-12-07,01:00,IU,OSU,13.0,10.0,Neutral,
cfb_401777328,2025,15,2025-12-07,01:00,DUKE,UVA,27.0,20.0,Neutral,
cfb_401762521,2025,16,2025-12-13,20:00,ARMY,NAVY,16.0,17.0,Neutral,
cfb_401778302,2025,17,2025-12-14,01:00,BOIS,WASH,10.0,38.0,Neutral,
cfb_401778303,2025,17,2025-12-17,02:00,TROY,JVST,13.0,17.0,Neutral,
cfb_401778304,2025,17,2025-12-17,22:00,ODU,USF,24.0,10.0,Neutral,
cfb_401778305,2025,17,2025-12-18,01:40,UL,DEL,13.0,20.0,Neutral,
cfb_401838053,2025,17,2025-12-19,02:00,MOST,ARST,28.0,34.0,Neutral,
cfb_401778306,2025,17,2025-12-19,16:00,KENN,WMU,6.0,41.0,Neutral,
cfb_401778307,2025,17,2025-12-19,19:30,MEM,NCSU,7.0,31.0,Neutral,
cfb_401779840,2025,17,2025-12-20,01:00,ALA,OU,34.0,24.0,Home,
cfb_401779842,2025,17,2025-12-20,20:30,TULN,MISS,10.0,41.0,Home,
cfb_401779841,2025,17,2025-12-20,17:00,MIA,TA&M,10.0,3.0,Home,
cfb_401779843,2025,17,2025-12-21,00:30,JMU,ORE,34.0,51.0,Home,
cfb_401778308,2025,17,2025-12-22,19:00,WSU,USU,34.0,21.0,Neutral,
cfb_401778309,2025,17,2025-12-23,19:00,TOL,LOU,22.0,27.0,Neutral,
cfb_401778310,2025,17,2025-12-23,22:30,WKU,USM,27.0,16.0,Neutral,
cfb_401778311,2025,17,2025-12-24,02:00,UNLV,OHIO,10.0,17.0,Neutral,
cfb_401778312,2025,17,2025-12-25,01:00,CAL,HAW,31.0,35.0,Home,
cfb_401778313,2025,17,2025-12-26,18:00,CMU,NU,7.0,34.0,Neutral,
cfb_401778314,2025,17,2025-12-26,21:30,UNM,MINN,17.0,20.0,Neutral,
cfb_401778315,2025,17,2025-12-27,01:00,FIU,UTSA,20.0,57.0,Neutral,
cfb_401778319,2025,17,2025-12-27,20:40,GT,BYU,21.0,25.0,Neutral,
cfb_401778321,2025,17,2025-12-27,22:45,UNT,SDSU,49.0,47.0,Neutral,
cfb_401778316,2025,17,2025-12-27,16:00,PITT,ECU,17.0,23.0,Neutral,
cfb_401778317,2025,17,2025-12-27,17:00,PSU,CLEM,22.0,10.0,Neutral,
cfb_401778318,2025,17,2025-12-27,19:15,CONN,ARMY,16.0,41.0,Neutral,
cfb_401778320,2025,17,2025-12-27,21:30,M-OH,FRES,3.0,18.0,Neutral,
cfb_401778322,2025,17,2025-12-28,00:30,UVA,MIZ,13.0,7.0,Neutral,
cfb_401778323,2025,17,2025-12-28,02:20,LSU,HOU,35.0,38.0,Neutral,
cfb_401778324,2025,17,2025-12-29,19:00,GASO,APP,29.0,10.0,Neutral,
cfb_401778325,2025,17,2025-12-30,19:00,CCU,LT,14.0,23.0,Neutral,
cfb_401778326,2025,17,2025-12-30,22:30,TENN,ILL,28.0,30.0,Neutral,
cfb_401778327,2025,17,2025-12-31,02:00,USC,TCU,27.0,30.0,Neutral,
cfb_401778330,2025,17,2025-12-31,20:00,MICH,TEX,27.0,41.0,Neutral,
cfb_401778328,2025,17,2025-12-31,17:00,IOWA,VAN,34.0,27.0,Neutral,
cfb_401778331,2025,17,2025-12-31,20:30,NEB,UTAH,22.0,44.0,Neutral,
cfb_401778329,2025,17,2025-12-31,19:00,ASU,DUKE,39.0,42.0,Neutral,
cfb_401769070,2025,17,2026-01-01,00:30,MIA,OSU,24.0,14.0,Neutral,
cfb_401769072,2025,17,2026-01-01,21:00,ALA,IU,3.0,38.0,Neutral,
cfb_401769071,2025,17,2026-01-01,17:00,ORE,TTU,23.0,0.0,Neutral,
cfb_401769073,2025,17,2026-01-02,01:00,MISS,UGA,39.0,34.0,Neutral,
cfb_401778332,2025,17,2026-01-02,18:00,RICE,TXST,10.0,41.0,Neutral,
cfb_401778333,2025,17,2026-01-02,21:30,NAVY,CIN,35.0,13.0,Neutral,
cfb_401831583,2025,17,2026-01-03,01:00,ARIZ,SMU,19.0,24.0,Neutral,
cfb_401778334,2025,17,2026-01-03,01:00,WAKE,MSST,43.0,29.0,Neutral,
cfb_401769075,2025,17,2026-01-09,00:30,MIA,MISS,31.0,27.0,Neutral,
cfb_401769074,2025,17,2026-01-10,00:30,ORE,IU,22.0,56.0,Neutral,
cfb_401769076,2025,17,2026-01-20,00:30,MIA,IU,21.0,27.0,Home,
cfb_401864494,2026,1,2026-08-29,19:00,SJSU,USC,26.0,42.0,Home,
cfb_401856766,2026,1,2026-08-29,16:00,UNC,TCU,15.0,10.0,Neutral,
cfb_401858202,2026,1,2026-08-29,19:30,NCSU,UVA,8.0,34.0,Home,
cfb_401864577,2026,1,2026-08-29,21:30,JXST,NDSU,7.0,33.0,Home,
cfb_401866408,2026,1,2026-08-29,22:30,SAC,EMU,17.0,28.0,Home,
cfb_401858201,2026,1,2026-08-29,23:00,HAW,STAN,27.0,37.0,Home,
cfb_401864570,2026,1,2026-08-29,23:00,NMSU,FSU,17.0,34.0,Home,
cfb_401862693,2026,1,2026-08-30,02:00,MEM,UNLV,27.0,21.0,Home,
cfb_401858423,2026,1,2026-09-03,22:00,MASS,RUTG,37.0,21.0,Home,
cfb_401858204,2026,1,2026-09-03,23:00,AKR,WAKE,16.0,38.0,Home,
cfb_401856776,2026,1,2026-09-04,00:00,COLO,GT,14.0,13.0,Home,
cfb_401858424,2026,1,2026-09-04,01:00,UAB,ILL,23.0,42.0,Home,
cfb_401864495,2026,1,2026-09-04,22:30,SJSU,EMU,27.0,21.0,Home,
cfb_401858206,2026,1,2026-09-05,01:00,MIA,STAN,45.0,6.0,Home,
cfb_401856664,2026,1,2026-09-05,00:00,UTEP,OU,0.0,51.0,Home,
cfb_401858436,2026,1,2026-09-05,01:00,FRES,USC,0.0,39.0,Home,
cfb_401858429,2026,1,2026-09-05,00:00,TOL,MSU,20.0,30.0,Home,
cfb_401858432,2026,1,2026-09-05,16:30,BALL,OSU,3.0,56.0,Home,
cfb_401858433,2026,1,2026-09-05,19:30,BOIS,ORE,27.0,34.0,Home,
cfb_401856667,2026,1,2026-09-05,19:30,TXST,TEX,7.0,59.0,Home,
cfb_401858425,2026,1,2026-09-05,16:00,UNT,IU,16.0,52.0,Home,
cfb_401856668,2026,1,2026-09-05,23:00,MOST,TA&M,0.0,50.0,Home,
cfb_401856634,2026,1,2026-09-05,16:00,ECU,ALA,10.0,48.0,Home,
cfb_401858428,2026,1,2026-09-05,23:30,WMU,MICH,12.0,13.0,Home,
cfb_401858434,2026,1,2026-09-05,19:30,MRSH,PSU,0.0,45.0,Home,
cfb_401858426,2026,1,2026-09-05,20:15,NIU,IOWA,0.0,40.0,Home,
cfb_401856778,2026,1,2026-09-05,16:00,ORST,HOU,20.0,33.0,Home,
cfb_401856780,2026,1,2026-09-05,16:00,CCU,WVU,24.0,31.0,Home,
cfb_401858430,2026,1,2026-09-05,16:00,OHIO,NEB,21.0,49.0,Home,
cfb_401869960,2026,1,2026-09-05,16:00,LIB,JMU,13.0,20.0,Home,
cfb_401858207,2026,1,2026-09-05,16:30,M-OH,PITT,14.0,59.0,Home,
cfb_401856665,2026,1,2026-09-05,16:45,KENT,SC,0.0,57.0,Home,
cfb_401856636,2026,1,2026-09-05,19:30,BAY,AUB,16.0,17.0,Neutral,
cfb_401856777,2026,1,2026-09-05,19:30,BC,CIN,15.0,34.0,Home,
cfb_401858209,2026,1,2026-09-05,19:30,TULN,DUKE,3.0,17.0,Home,
cfb_401856772,2026,1,2026-09-05,19:45,OKST,TLSA,10.0,24.0,Home,
cfb_401860878,2026,1,2026-09-05,22:00,WYO,CSU,13.0,35.0,Home,
cfb_401862695,2026,1,2026-09-05,23:00,ARST,MEM,24.0,42.0,Home,
cfb_401862699,2026,1,2026-09-05,23:00,FIU,USF,9.0,19.0,Home,
cfb_401870763,2026,1,2026-09-05,23:00,SHSU,TROY,21.0,24.0,Home,
cfb_401856662,2026,1,2026-09-05,23:30,ULM,MSST,13.0,62.0,Home,
cfb_401856637,2026,1,2026-09-05,23:45,FAU,FLA,21.0,66.0,Home,
cfb_401856660,2026,1,2026-09-06,01:40,CLEM,LSU,10.0,51.0,Home,
cfb_401870790,2026,1,2026-09-06,01:00,MERC,NMSU,14.0,51.0,Home,
cfb_401864497,2026,1,2026-09-06,02:00,UNLV,HAW,21.0,6.0,Home,
cfb_401864498,2026,1,2026-09-06,02:00,CMU,UNM,7.0,38.0,Home,
cfb_401858210,2026,1,2026-09-06,02:30,UCLA,CAL,45.0,24.0,Home,
cfb_401864432,2026,1,2026-09-06,02:30,WKU,NEV,14.0,49.0,Home,
cfb_401858438,2026,1,2026-09-06,23:30,WIS,ND,13.0,41.0,Neutral,
cfb_401856661,2026,1,2026-09-06,23:30,LOU,MISS,38.0,41.0,Neutral,
cfb_401858437,2026,1,2026-09-06,20:00,WSU,WASH,10.0,24.0,Home,
cfb_401858212,2026,1,2026-09-07,23:30,SMU,FSU,27.0,24.0,Home,
cfb_401858214,2026,2,2026-09-11,23:30,RUTG,BC,21.0,28.0,Home,
cfb_401856678,2026,2,2026-09-12,00:00,MIZ,KU,38.0,21.0,Home,
cfb_401856682,2026,2,2026-09-12,23:30,OSU,TEX,23.0,24.0,Home,
cfb_401856673,2026,2,2026-09-12,16:45,WKU,UGA,20.0,70.0,Home,
cfb_401859184,2026,2,2026-09-12,19:30,RICE,ND,0.0,52.0,Home,
cfb_401856782,2026,2,2026-09-12,17:30,ORE,OKST,31.0,39.0,Home,
cfb_401867796,2026,2,2026-09-12,23:30,LT,LSU,14.0,45.0,Home,
cfb_401856676,2026,2,2026-09-12,23:45,CLT,MISS,9.0,41.0,Home,
cfb_401856683,2026,2,2026-09-12,16:00,ASU,TA&M,20.0,48.0,Home,
cfb_401856679,2026,2,2026-09-12,16:00,OU,MICH,10.0,17.0,Home,
cfb_401856674,2026,2,2026-09-12,19:30,ALA,UK,45.0,17.0,Home,
cfb_401856783,2026,2,2026-09-12,23:30,TTU,ORST,35.0,24.0,Home,
cfb_401856810,2026,2,2026-09-12,19:30,ARIZ,BYU,17.0,28.0,Home,
cfb_401858442,2026,2,2026-09-12,16:00,PSU,TEM,27.0,9.0,Home,
cfb_401856681,2026,2,2026-09-12,23:00,TENN,GT,45.0,24.0,Home,
cfb_401858446,2026,2,2026-09-12,19:30,USU,WASH,14.0,16.0,Home,
cfb_401856788,2026,2,2026-09-12,23:30,ISU,IOWA,13.0,16.0,Home,
cfb_401856781,2026,2,2026-09-12,16:00,WSU,KSU,7.0,34.0,Home,
cfb_401858221,2026,2,2026-09-12,16:00,ODU,VT,21.0,44.0,Home,
cfb_401858224,2026,2,2026-09-12,16:00,WAKE,PUR,38.0,36.0,Home,
cfb_401862702,2026,2,2026-09-12,16:00,USF,ARMY,28.0,24.0,Home,
cfb_401864571,2026,2,2026-09-12,16:00,APP,ECU,27.0,24.0,Home,
cfb_401856677,2026,2,2026-09-12,19:30,MSST,MINN,38.0,13.0,Home,
cfb_401856790,2026,2,2026-09-12,19:30,UCF,PITT,7.0,12.0,Home,
cfb_401858216,2026,2,2026-09-12,19:30,CAL,SYR,21.0,18.0,Home,
cfb_401858217,2026,2,2026-09-12,19:30,DUKE,ILL,31.0,27.0,Home,
cfb_401858440,2026,2,2026-09-12,19:30,EMU,MSU,7.0,35.0,Home,
cfb_401858444,2026,2,2026-09-12,19:30,MD,CONN,38.0,14.0,Home,
cfb_401860884,2026,2,2026-09-12,19:30,UTSA,TXST,31.0,26.0,Home,
cfb_401862708,2026,2,2026-09-12,19:30,ULM,UAB,20.0,26.0,Home,
cfb_401862705,2026,2,2026-09-12,19:45,UNLV,UNT,6.0,44.0,Home,
cfb_401865252,2026,2,2026-09-12,20:00,MERC,UNM,7.0,70.0,Home,
cfb_401856684,2026,2,2026-09-12,20:15,DEL,VAN,26.0,35.0,Home,
cfb_401860881,2026,2,2026-09-12,22:00,MEM,BOIS,20.0,38.0,Home,
cfb_401866414,2026,2,2026-09-12,22:00,BUFF,FIU,20.0,33.0,Home,
cfb_401866418,2026,2,2026-09-12,22:00,JXST,OHIO,27.0,29.0,Home,
cfb_401858441,2026,2,2026-09-12,23:00,BGSU,NEB,7.0,56.0,Home,
cfb_401862707,2026,2,2026-09-12,23:00,TLSA,SHSU,23.0,17.0,Home,
cfb_401864575,2026,2,2026-09-12,23:00,USA,TULN,24.0,28.0,Home,
cfb_401869955,2026,2,2026-09-12,23:00,GAST,KENN,31.0,17.0,Home,
cfb_401871045,2026,2,2026-09-12,23:00,MTSU,MRSH,26.0,28.0,Home,
cfb_401858443,2026,2,2026-09-12,23:15,SDSU,UCLA,10.0,28.0,Home,
cfb_401862703,2026,2,2026-09-12,23:30,NAVY,FAU,30.0,38.0,Home,
cfb_401858445,2026,2,2026-09-13,03:00,UL,USC,30.0,49.0,Home,
cfb_401856670,2026,2,2026-09-13,02:30,ARK,UTAH,10.0,43.0,Home,
cfb_401856671,2026,2,2026-09-13,00:50,USM,AUB,8.0,43.0,Home,
cfb_401858219,2026,2,2026-09-13,01:30,GASO,CLEM,7.0,22.0,Home,
cfb_401864502,2026,2,2026-09-13,02:00,NDSU,AFA,38.0,32.0,Home,
cfb_401860883,2026,2,2026-09-13,02:30,SAC,FRES,3.0,49.0,Home,
cfb_401864578,2026,2,2026-09-13,03:59,NMSU,HAW,19.0,29.0,Home,
cfb_401858225,2026,3,2026-09-17,23:30,SYR,PITT,13.0,27.0,Home,
cfb_401858226,2026,3,2026-09-18,23:30,MIA,WAKE,33.0,20.0,Home,
cfb_401856811,2026,3,2026-09-19,00:00,HOU,TTU,26.0,28.0,Home,
cfb_401856686,2026,3,2026-09-19,16:00,UGA,ARK,45.0,17.0,Home,
cfb_401858453,2026,3,2026-09-19,23:30,MSU,ND,10.0,27.0,Home,
cfb_401858449,2026,3,2026-09-19,20:00,WKU,IU,0.0,38.0,Home,
cfb_401858454,2026,3,2026-09-19,16:00,KENT,OSU,3.0,59.0,Home,
cfb_401856688,2026,3,2026-09-19,23:30,LSU,MISS,24.0,32.0,Home,
cfb_401856694,2026,3,2026-09-19,19:40,UK,TA&M,31.0,21.0,Home,
cfb_401856685,2026,3,2026-09-19,21:15,FSU,ALA,36.0,50.0,Home,
cfb_401858457,2026,3,2026-09-19,19:30,USC,RUTG,42.0,35.0,Home,
cfb_401858456,2026,3,2026-09-19,16:00,BUFF,PSU,13.0,55.0,Home,
cfb_401856692,2026,3,2026-09-19,23:45,KENN,TENN,9.0,42.0,Home,
cfb_401858230,2026,3,2026-09-19,19:30,SMU,LOU,31.0,41.0,Home,
cfb_401856801,2026,3,2026-09-19,19:30,USU,UTAH,0.0,33.0,Home,
cfb_401858450,2026,3,2026-09-19,19:30,UTEP,MICH,17.0,52.0,Home,
cfb_401856689,2026,3,2026-09-19,23:00,TROY,MIZ,17.0,27.0,Home,
cfb_401856690,2026,3,2026-09-19,23:30,UNM,OU,6.0,14.0,Home,
cfb_401856802,2026,3,2026-09-19,23:30,WVU,UVA,38.0,27.0,Neutral,
cfb_401869940,2026,3,2026-09-19,15:30,CCU,DEL,14.0,22.0,Home,
cfb_401856792,2026,3,2026-09-19,16:00,TULN,KSU,20.0,31.0,Home,
cfb_401856798,2026,3,2026-09-19,16:00,BGSU,ISU,7.0,55.0,Home,
cfb_401856812,2026,3,2026-09-19,16:00,ASU,KU,24.0,17.0,Neutral,
cfb_401858229,2026,3,2026-09-19,16:00,UNC,CLEM,20.0,28.0,Home,
cfb_401858451,2026,3,2026-09-19,16:00,AKR,MINN,7.0,41.0,Home,
cfb_401860889,2026,3,2026-09-19,16:00,UNT,TXST,35.0,49.0,Home,
cfb_401858460,2026,3,2026-09-19,16:30,EMU,WIS,10.0,54.0,Home,
cfb_401856695,2026,3,2026-09-19,16:45,NCSU,VAN,31.0,35.0,Home,
cfb_401864508,2026,3,2026-09-19,17:00,WYO,CMU,10.0,24.0,Home,
cfb_401862774,2026,3,2026-09-19,19:00,TEM,TOL,48.0,49.0,Home,
cfb_401856797,2026,3,2026-09-19,19:30,M-OH,CIN,31.0,35.0,Home,
cfb_401858231,2026,3,2026-09-19,20:00,STAN,DUKE,7.0,35.0,Home,
cfb_401866422,2026,3,2026-09-19,20:00,BALL,LIB,15.0,51.0,Home,
cfb_401867804,2026,3,2026-09-19,20:00,LT,BAY,19.0,36.0,Home,
cfb_401856691,2026,3,2026-09-19,21:35,MSST,SC,41.0,34.0,Home,
cfb_401862710,2026,3,2026-09-19,22:00,ECU,ODU,20.0,17.0,Home,
cfb_401862771,2026,3,2026-09-19,22:00,FIU,FAU,10.0,16.0,Home,
cfb_401871047,2026,3,2026-09-19,22:30,MRSH,MOST,30.0,24.0,Home,
cfb_401856687,2026,3,2026-09-19,23:00,FLA,AUB,44.0,39.0,Home,
cfb_401856800,2026,3,2026-09-19,23:00,GAST,UCF,30.0,44.0,Home,
cfb_401861963,2026,3,2026-09-19,23:00,CONN,USM,48.0,20.0,Home,
cfb_401862773,2026,3,2026-09-19,23:00,WMU,RICE,28.0,21.0,Home,
cfb_401864443,2026,3,2026-09-19,23:00,NEV,MTSU,20.0,27.0,Home,
cfb_401866423,2026,3,2026-09-19,23:00,OHIO,USA,36.0,41.0,Home,
cfb_401869948,2026,3,2026-09-19,23:00,GASO,JXST,27.0,31.0,Home,
cfb_401856796,2026,3,2026-09-19,23:30,COLO,NU,7.0,41.0,Home,
cfb_401858232,2026,3,2026-09-19,23:30,VT,MD,35.0,26.0,Home,
cfb_401856693,2026,3,2026-09-20,00:00,UTSA,TEX,6.0,30.0,Home,
cfb_401856795,2026,3,2026-09-20,00:15,BYU,CSU,41.0,23.0,Home,
cfb_401856799,2026,3,2026-09-20,00:00,ARST,TCU,7.0,31.0,Home,
cfb_401862776,2026,3,2026-09-20,00:00,UAB,UL,14.0,21.0,Home,
cfb_401864574,2026,3,2026-09-20,01:30,CLT,APP,21.0,26.0,Home,
cfb_401860887,2026,3,2026-09-20,02:00,JMU,SDSU,26.0,13.0,Home,
cfb_401856793,2026,3,2026-09-20,02:30,NIU,ARIZ,17.0,42.0,Home,
cfb_401864507,2026,3,2026-09-20,02:30,NDSU,SAC,31.0,10.0,Home,
cfb_401858458,2026,3,2026-09-20,03:00,PUR,UCLA,38.0,52.0,Home,
cfb_401860888,2026,3,2026-09-20,03:00,FRES,SJSU,26.0,10.0,Home,
cfb_401869941,2026,4,2026-09-24,23:30,LIB,CCU,34.0,17.0,Home,
cfb_401862779,2026,4,2026-09-25,20:00,ARMY,TEM,21.0,17.0,Home,
cfb_401862778,2026,4,2026-09-25,23:00,NAVY,UAB,20.0,24.0,Home,
cfb_401858461,2026,4,2026-09-26,00:00,NU,IU,23.0,29.0,Home,
cfb_401858234,2026,4,2026-09-26,02:30,CLEM,CAL,24.0,10.0,Home,
cfb_401856704,2026,4,2026-09-26,16:00,TEX,TENN,20.0,17.0,Home,
cfb_401856700,2026,4,2026-09-26,19:30,OU,UGA,13.0,41.0,Home,
cfb_401858467,2026,4,2026-09-26,18:00,ND,PUR,49.0,10.0,Home,
cfb_401856699,2026,4,2026-09-26,19:30,MISS,FLA,28.0,52.0,Home,
cfb_401858238,2026,4,2026-09-26,22:30,CMU,MIA,3.0,52.0,Home,
cfb_401858465,2026,4,2026-09-26,16:00,ILL,OSU,19.0,42.0,Home,
cfb_401856696,2026,4,2026-09-26,23:10,SC,ALA,18.0,49.0,Home,
cfb_401856702,2026,4,2026-09-26,23:30,TA&M,LSU,6.0,35.0,Home,
cfb_401856805,2026,4,2026-09-26,16:00,SHSU,TTU,14.0,49.0,Home,
cfb_401858469,2026,4,2026-09-26,23:30,ORE,USC,41.0,27.0,Home,
cfb_401858466,2026,4,2026-09-26,21:00,WIS,PSU,24.0,20.0,Home,
cfb_401856816,2026,4,2026-09-26,19:30,UTAH,ISU,31.0,17.0,Home,
cfb_401858243,2026,4,2026-09-26,16:00,WAKE,LOU,30.0,27.0,Home,
cfb_401858463,2026,4,2026-09-26,19:30,IOWA,MICH,20.0,19.0,Home,
cfb_401856703,2026,4,2026-09-26,23:45,MIZ,MSST,24.0,31.0,Home,
cfb_401856806,2026,4,2026-09-26,20:00,HOU,GASO,42.0,28.0,Home,
cfb_401856813,2026,4,2026-09-26,16:00,COLO,BAY,13.0,23.0,Home,
cfb_401858242,2026,4,2026-09-26,16:00,VT,BC,21.0,14.0,Home,
cfb_401860893,2026,4,2026-09-26,16:00,SDSU,TOL,16.0,41.0,Home,
cfb_401860896,2026,4,2026-09-26,16:00,CSU,UTSA,45.0,59.0,Home,
cfb_401864512,2026,4,2026-09-26,16:00,UNLV,AKR,38.0,10.0,Home,
cfb_401866425,2026,4,2026-09-26,16:00,BALL,KENT,13.0,26.0,Home,
cfb_401864576,2026,4,2026-09-26,16:45,USA,UK,21.0,45.0,Home,
cfb_401858462,2026,4,2026-09-26,17:30,UCLA,MD,54.0,3.0,Home,
cfb_401864511,2026,4,2026-09-26,18:00,NIU,GAST,14.0,35.0,Home,
cfb_401864510,2026,4,2026-09-26,19:00,HAW,WYO,10.0,27.0,Home,
cfb_401856815,2026,4,2026-09-26,19:30,TCU,UCF,13.0,21.0,Home,
cfb_401860897,2026,4,2026-09-26,19:30,BOIS,WMU,32.0,7.0,Home,
cfb_401861970,2026,4,2026-09-26,19:30,CONN,M-OH,21.0,24.0,Home,
cfb_401864579,2026,4,2026-09-26,19:30,UNM,NMSU,42.0,18.0,Home,
cfb_401856698,2026,4,2026-09-26,20:15,VAN,AUB,15.0,21.0,Home,
cfb_401858464,2026,4,2026-09-26,21:00,NEB,MSU,31.0,13.0,Home,
cfb_401862785,2026,4,2026-09-26,21:00,USF,BGSU,14.0,6.0,Home,
cfb_401858239,2026,4,2026-09-26,22:00,DEL,UVA,3.0,42.0,Home,
cfb_401869961,2026,4,2026-09-26,22:00,JMU,ODU,46.0,20.0,Home,
cfb_401862780,2026,4,2026-09-26,22:30,UL,CLT,34.0,7.0,Home,
cfb_401856814,2026,4,2026-09-26,23:00,KSU,CIN,26.0,31.0,Home,
cfb_401856881,2026,4,2026-09-26,23:00,OKST,WVU,41.0,24.0,Home,
cfb_401862784,2026,4,2026-09-26,23:00,USM,TULN,21.0,24.0,Home,
cfb_401869931,2026,4,2026-09-26,23:00,KENN,ARST,14.0,17.0,Home,
cfb_401870745,2026,4,2026-09-26,23:00,MERC,WKU,7.0,52.0,Home,
cfb_401871048,2026,4,2026-09-26,23:00,MTSU,JXST,13.0,23.0,Home,
cfb_401856804,2026,4,2026-09-26,23:30,ARIZ,WSU,34.0,24.0,Home,
cfb_401860894,2026,4,2026-09-26,23:30,TROY,USU,10.0,21.0,Home,
cfb_401864572,2026,4,2026-09-26,23:30,APP,NCSU,31.0,41.0,Home,
cfb_401858241,2026,4,2026-09-27,01:00,MOST,SMU,24.0,34.0,Home,
cfb_401856697,2026,4,2026-09-27,00:00,TLSA,ARK,6.0,34.0,Home,
cfb_401862782,2026,4,2026-09-27,00:00,FAU,ULM,45.0,17.0,Home,
cfb_401860895,2026,4,2026-09-27,01:00,ORST,UTEP,33.0,7.0,Home,
cfb_401866429,2026,4,2026-09-27,01:00,MASS,SAC,35.0,6.0,Home,
cfb_401860891,2026,4,2026-09-27,02:00,RICE,FRES,24.0,38.0,Home,
cfb_401858240,2026,4,2026-09-27,02:30,GT,STAN,27.0,34.0,Home,
cfb_401864509,2026,4,2026-09-27,02:30,AFA,NEV,36.0,33.0,Home,
cfb_401858470,2026,4,2026-09-27,03:00,MINN,WASH,27.0,24.0,Home,
cfb_401871049,2026,5,2026-10-02,00:00,WKU,NMSU,,,Home,2.5
cfb_401862786,2026,5,2026-10-02,01:00,UNT,TLSA,,,Home,-1.5
cfb_401858245,2026,5,2026-10-02,23:00,PITT,VT,,,Home,2.5
cfb_401871050,2026,5,2026-10-02,23:00,LIB,DEL,,,Home,-6.5
cfb_401858476,2026,5,2026-10-03,00:00,PSU,NU,,,Home,-3.0
cfb_401858250,2026,5,2026-10-03,16:00,ND,UNC,,,Home,-21.5
cfb_401856707,2026,5,2026-10-03,16:00,ALA,MSST,,,Home,-6.0
cfb_401856819,2026,5,2026-10-03,16:00,UCF,HOU,,,Home,11.5
cfb_401858246,2026,5,2026-10-03,16:00,BC,SMU,,,Home,21.5
cfb_401856807,2026,5,2026-10-03,16:00,MTSU,KU,,,Home,19.5
cfb_401856822,2026,5,2026-10-03,16:00,WVU,ISU,,,Home,3.0
cfb_401858251,2026,5,2026-10-03,16:00,STAN,WAKE,,,Home,13.5
cfb_401858252,2026,5,2026-10-03,16:00,SYR,CONN,,,Home,-6.5
cfb_401858474,2026,5,2026-10-03,16:00,MICH,MINN,,,Home,-5.5
cfb_401862791,2026,5,2026-10-03,16:00,NAVY,AFA,,,Home,-3.5
cfb_401858479,2026,5,2026-10-03,16:30,MSU,WIS,,,Home,10.0
cfb_401856705,2026,5,2026-10-03,16:45,VAN,UGA,,,Home,25.5
cfb_401866432,2026,5,2026-10-03,17:00,WMU,BUFF,,,Home,-14.0
cfb_401866431,2026,5,2026-10-03,18:00,TOL,BALL,,,Home,-20.5
cfb_401858473,2026,5,2026-10-03,19:30,OSU,IOWA,,,Home,-14.5
cfb_401856708,2026,5,2026-10-03,19:30,FLA,MIZ,,,Home,-5.5
cfb_401856710,2026,5,2026-10-03,19:30,AUB,TENN,,,Home,7.0
cfb_401858247,2026,5,2026-10-03,19:30,CAL,UNLV,,,Home,2.5
cfb_401858248,2026,5,2026-10-03,19:30,LOU,NCSU,,,Home,-3.5
cfb_401858253,2026,5,2026-10-03,19:30,UVA,FSU,,,Home,-2.5
cfb_401862787,2026,5,2026-10-03,19:30,MEM,CLT,,,Home,-20.5
cfb_401864515,2026,5,2026-10-03,19:30,WYO,NDSU,,,Home,17.5
cfb_401866430,2026,5,2026-10-03,19:30,AKR,CMU,,,Home,6.5
cfb_401866433,2026,5,2026-10-03,19:30,EMU,MASS,,,Home,5.5
cfb_401866434,2026,5,2026-10-03,19:30,OHIO,KENT,,,Home,-3.5
cfb_401866477,2026,5,2026-10-03,19:30,BGSU,M-OH,,,Home,13.5
cfb_401869956,2026,5,2026-10-03,19:30,ODU,GAST,,,Home,2.5
cfb_401869962,2026,5,2026-10-03,19:45,MRSH,JMU,,,Home,18.5
cfb_401858475,2026,5,2026-10-03,20:00,MD,NEB,,,Home,14.5
cfb_401864514,2026,5,2026-10-03,20:00,UTEP,UNM,,,Home,22.5
cfb_401856709,2026,5,2026-10-03,20:15,UK,SC,,,Home,3.0
cfb_401858472,2026,5,2026-10-03,20:15,PUR,ILL,,,Home,10.0
cfb_401860899,2026,5,2026-10-03,22:00,ORST,CSU,,,Home,-6.0
cfb_401856818,2026,5,2026-10-03,23:00,BYU,TCU,,,Home,-6.0
cfb_401856711,2026,5,2026-10-03,23:00,ARK,TA&M,,,Home,14.0
cfb_401862788,2026,5,2026-10-03,23:00,UTSA,RICE,,,Home,-11.5
cfb_401869942,2026,5,2026-10-03,23:00,GASO,CCU,,,Home,-1.5
cfb_401871089,2026,5,2026-10-03,23:00,ULM,USA,,,Home,14.0
cfb_401858249,2026,5,2026-10-03,23:30,MIA,CLEM,,,Home,-16.5
cfb_401856821,2026,5,2026-10-03,23:30,TTU,COLO,,,Home,-12.5
cfb_401858478,2026,5,2026-10-03,23:30,WASH,USC,,,Home,9.5
cfb_401860898,2026,5,2026-10-03,23:30,USU,BOIS,,,Home,20.5
cfb_401862792,2026,5,2026-10-03,23:30,TEM,USF,,,Home,6.5
cfb_401869842,2026,5,2026-10-03,23:30,ARMY,LT,,,Home,-1.5
cfb_401858477,2026,5,2026-10-04,00:00,IU,RUTG,,,Home,-24.5
cfb_401869932,2026,5,2026-10-04,00:00,ARST,UL,,,Home,6.5
cfb_401860921,2026,5,2026-10-04,01:30,FRES,WSU,,,Home,1.5
cfb_401856817,2026,5,2026-10-04,02:30,BAY,ASU,,,Home,3.5
cfb_401860900,2026,5,2026-10-04,02:30,TXST,SDSU,,,Home,-7.5
cfb_401856820,2026,5,2026-10-04,03:00,CIN,ARIZ,,,Home,6.5
cfb_401864513,2026,5,2026-10-04,03:59,SJSU,HAW,,,Home,3.0
cfb_401871090,2026,6,2026-10-07,00:00,USM,TROY,,,Home,8.5
cfb_401871051,2026,6,2026-10-07,23:00,JXST,KENN,,,Home,-2.5
cfb_401871066,2026,6,2026-10-07,23:30,NMSU,FIU,,,Home,
cfb_401870766,2026,6,2026-10-08,23:00,SHSU,LIB,,,Home,
cfb_401871052,2026,6,2026-10-08,23:00,MOST,WKU,,,Home,
cfb_401862794,2026,6,2026-10-08,23:30,USF,UTSA,,,Home,
cfb_401869933,2026,6,2026-10-08,23:30,USA,ARST,,,Home,
cfb_401858254,2026,6,2026-10-09,23:00,FSU,LOU,,,Home,
cfb_401858487,2026,6,2026-10-10,01:00,IOWA,WASH,,,Home,1.5
cfb_401860922,2026,6,2026-10-10,01:00,WSU,USU,,,Home,
cfb_401864519,2026,6,2026-10-10,01:00,WYO,SJSU,,,Home,
cfb_401856826,2026,6,2026-10-10,02:15,ISU,BYU,,,Home,14.5
cfb_401856714,2026,6,2026-10-10,04:00,SC,FLA,,,Home,14.5
cfb_401856716,2026,6,2026-10-10,04:00,TA&M,MIZ,,,Home,1.5
cfb_401862798,2026,6,2026-10-10,04:00,UAB,MEM,,,Home,
cfb_401869949,2026,6,2026-10-10,04:00,JMU,GASO,,,Home,
cfb_401858481,2026,6,2026-10-10,16:00,IU,NEB,,,Home,-9.5
cfb_401856824,2026,6,2026-10-10,16:00,UCF,OKST,,,Home,
cfb_401856823,2026,6,2026-10-10,16:00,ARIZ,WVU,,,Home,
cfb_401858256,2026,6,2026-10-10,16:00,UNC,PITT,,,Home,
cfb_401858260,2026,6,2026-10-10,16:00,WAKE,NCSU,,,Home,
cfb_401862795,2026,6,2026-10-10,16:00,TULN,ARMY,,,Home,
cfb_401866436,2026,6,2026-10-10,16:00,SAC,BGSU,,,Home,
cfb_401858482,2026,6,2026-10-10,16:30,BALL,NU,,,Home,
cfb_401869843,2026,6,2026-10-10,17:00,ODU,APP,,,Home,
cfb_401866440,2026,6,2026-10-10,18:00,M-OH,MASS,,,Home,
cfb_401856717,2026,6,2026-10-10,19:30,TEX,OU,,,Neutral,-9.5
cfb_401858257,2026,6,2026-10-10,19:30,STAN,ND,,,Home,
cfb_401856718,2026,6,2026-10-10,19:30,MISS,VAN,,,Home,
cfb_401858484,2026,6,2026-10-10,19:30,UCLA,ORE,,,Home,12.5
cfb_401856825,2026,6,2026-10-10,19:30,HOU,KSU,,,Home,
cfb_401858255,2026,6,2026-10-10,19:30,DUKE,GT,,,Home,
cfb_401858259,2026,6,2026-10-10,19:30,VT,CAL,,,Home,
cfb_401858480,2026,6,2026-10-10,19:30,ILL,MSU,,,Home,
cfb_401862796,2026,6,2026-10-10,19:30,CLT,UNT,,,Home,
cfb_401862799,2026,6,2026-10-10,19:30,TLSA,NAVY,,,Home,
cfb_401866435,2026,6,2026-10-10,19:30,EMU,AKR,,,Home,
cfb_401866437,2026,6,2026-10-10,19:30,BUFF,TOL,,,Home,
cfb_401866438,2026,6,2026-10-10,19:30,CMU,OHIO,,,Home,
cfb_401866439,2026,6,2026-10-10,19:30,KENT,WMU,,,Home,
cfb_401861964,2026,6,2026-10-10,19:45,CONN,TEM,,,Home,
cfb_401862797,2026,6,2026-10-10,20:00,RICE,ECU,,,Home,
cfb_401858483,2026,6,2026-10-10,20:15,MD,OSU,,,Home,
cfb_401856713,2026,6,2026-10-10,20:15,TENN,ARK,,,Home,
cfb_401860902,2026,6,2026-10-10,22:00,SDSU,ORST,,,Home,
cfb_401856715,2026,6,2026-10-10,23:00,LSU,UK,,,Home,-10.5
cfb_401864517,2026,6,2026-10-10,23:00,NEV,UTEP,,,Home,
cfb_401864518,2026,6,2026-10-10,23:00,NDSU,UNLV,,,Home,
cfb_401869943,2026,6,2026-10-10,23:00,CCU,MRSH,,,Home,
cfb_401856712,2026,6,2026-10-10,23:30,UGA,ALA,,,Home,-3.0
cfb_401858485,2026,6,2026-10-10,23:30,USC,PSU,,,Home,1.5
cfb_401858258,2026,6,2026-10-10,23:30,SYR,UVA,,,Home,
cfb_401864516,2026,6,2026-10-10,23:30,AFA,NIU,,,Home,
cfb_401869965,2026,6,2026-10-10,23:30,UL,LT,,,Home,
cfb_401858486,2026,6,2026-10-11,00:00,MINN,PUR,,,Home,
cfb_401856827,2026,6,2026-10-11,02:15,KU,UTAH,,,Home,
cfb_401860901,2026,6,2026-10-11,02:30,BOIS,FRES,,,Home,
cfb_401856808,2026,6,2026-10-11,02:30,HAW,ASU,,,Home,
cfb_401871067,2026,7,2026-10-13,23:00,DEL,MTSU,,,Home,
cfb_401871053,2026,7,2026-10-14,00:00,FIU,JXST,,,Home,
cfb_401871054,2026,7,2026-10-14,23:30,KENN,MOST,,,Home,
cfb_401871068,2026,7,2026-10-15,00:00,WKU,SHSU,,,Home,
cfb_401862800,2026,7,2026-10-15,23:30,ECU,UAB,,,Home,
cfb_401869950,2026,7,2026-10-15,23:30,GASO,ODU,,,Home,
cfb_401860923,2026,7,2026-10-16,00:00,CSU,TXST,,,Home,
cfb_401862801,2026,7,2026-10-16,23:30,MEM,TULN,,,Home,
cfb_401858493,2026,7,2026-10-17,00:00,WASH,PUR,,,Home,
cfb_401869844,2026,7,2026-10-17,00:00,APP,CCU,,,Home,
cfb_401856724,2026,7,2026-10-17,04:00,FLA,TEX,,,Home,
cfb_401856719,2026,7,2026-10-17,04:00,AUB,UGA,,,Home,16.5
cfb_401856809,2026,7,2026-10-17,04:00,ND,BYU,,,Home,-10.0
cfb_401858263,2026,7,2026-10-17,04:00,FSU,MIA,,,Home,16.5
cfb_401858488,2026,7,2026-10-17,04:00,OSU,IU,,,Home,1.5
cfb_401856723,2026,7,2026-10-17,04:00,ALA,TENN,,,Home,-1.5
cfb_401856721,2026,7,2026-10-17,04:00,MIZ,MISS,,,Home,
cfb_401856720,2026,7,2026-10-17,04:00,MSST,LSU,,,Home,
cfb_401856828,2026,7,2026-10-17,04:00,ASU,TTU,,,Home,
cfb_401856833,2026,7,2026-10-17,04:00,UTAH,COLO,,,Home,
cfb_401858492,2026,7,2026-10-17,04:00,NEB,ORE,,,Home,21.5
cfb_401856831,2026,7,2026-10-17,04:00,OKST,HOU,,,Home,
cfb_401858268,2026,7,2026-10-17,04:00,UVA,SMU,,,Home,
cfb_401858494,2026,7,2026-10-17,04:00,WIS,UCLA,,,Home,
cfb_401856722,2026,7,2026-10-17,04:00,UK,OU,,,Home,
cfb_401856726,2026,7,2026-10-17,04:00,ARK,VAN,,,Home,
cfb_401856829,2026,7,2026-10-17,04:00,CIN,WVU,,,Home,
cfb_401856830,2026,7,2026-10-17,04:00,KU,KSU,,,Home,7.5
cfb_401856832,2026,7,2026-10-17,04:00,TCU,BAY,,,Home,
cfb_401858264,2026,7,2026-10-17,04:00,GT,VT,,,Home,
cfb_401858265,2026,7,2026-10-17,04:00,LOU,SYR,,,Home,
cfb_401858266,2026,7,2026-10-17,04:00,UNC,DUKE,,,Home,4.5
cfb_401858267,2026,7,2026-10-17,04:00,PITT,BC,,,Home,
cfb_401858269,2026,7,2026-10-17,04:00,WAKE,CAL,,,Home,
cfb_401858489,2026,7,2026-10-17,04:00,RUTG,MD,,,Home,
cfb_401858490,2026,7,2026-10-17,04:00,PSU,MICH,,,Home,6.5
cfb_401858491,2026,7,2026-10-17,04:00,NU,MSU,,,Home,
cfb_401862803,2026,7,2026-10-17,04:00,CLT,TEM,,,Home,
cfb_401862804,2026,7,2026-10-17,04:00,NAVY,UTSA,,,Home,
cfb_401862805,2026,7,2026-10-17,04:00,TLSA,RICE,,,Home,
cfb_401862806,2026,7,2026-10-17,04:00,KENT,USF,,,Home,
cfb_401864521,2026,7,2026-10-17,04:00,UNM,HAW,,,Home,
cfb_401866441,2026,7,2026-10-17,04:00,BALL,BGSU,,,Home,
cfb_401866442,2026,7,2026-10-17,04:00,MASS,BUFF,,,Home,
cfb_401866443,2026,7,2026-10-17,04:00,WMU,CMU,,,Home,
cfb_401866444,2026,7,2026-10-17,04:00,TOL,EMU,,,Home,
cfb_401866445,2026,7,2026-10-17,04:00,OHIO,SAC,,,Home,
cfb_401866478,2026,7,2026-10-17,04:00,AKR,M-OH,,,Home,
cfb_401869934,2026,7,2026-10-17,04:00,ARST,USM,,,Home,
cfb_401869957,2026,7,2026-10-17,04:00,GAST,JMU,,,Home,
cfb_401869966,2026,7,2026-10-17,04:00,TROY,UL,,,Home,
cfb_401871091,2026,7,2026-10-17,04:00,LT,ULM,,,Home,
cfb_401862802,2026,7,2026-10-17,16:00,FAU,ARMY,,,Home,
cfb_401864522,2026,7,2026-10-17,19:30,NIU,WYO,,,Home,
cfb_401864524,2026,7,2026-10-17,19:30,UNLV,AFA,,,Home,
cfb_401860903,2026,7,2026-10-17,22:00,WSU,ORST,,,Home,
cfb_401864520,2026,7,2026-10-17,23:00,NEV,NDSU,,,Home,
cfb_401864523,2026,7,2026-10-18,01:00,SJSU,UTEP,,,Home,
cfb_401860904,2026,7,2026-10-18,02:30,FRES,SDSU,,,Home,
cfb_401871055,2026,8,2026-10-20,23:00,MTSU,FIU,,,Home,
cfb_401871069,2026,8,2026-10-20,23:00,MOST,DEL,,,Home,
cfb_401871092,2026,8,2026-10-20,23:30,USA,MRSH,,,Home,
cfb_401871070,2026,8,2026-10-22,00:00,NMSU,SHSU,,,Home,
cfb_401869845,2026,8,2026-10-22,23:00,JMU,APP,,,Home,
cfb_401871056,2026,8,2026-10-22,23:00,LIB,KENN,,,Home,
cfb_401862807,2026,8,2026-10-22,23:30,ECU,MEM,,,Home,
cfb_401858271,2026,8,2026-10-23,23:00,DUKE,UVA,,,Home,6.5
cfb_401861965,2026,8,2026-10-23,23:00,MASS,CONN,,,Home,
cfb_401862808,2026,8,2026-10-24,00:30,ARMY,TLSA,,,Home,
cfb_401864525,2026,8,2026-10-24,01:00,AFA,WYO,,,Home,
cfb_401858272,2026,8,2026-10-24,02:30,NCSU,STAN,,,Home,
cfb_401856732,2026,8,2026-10-24,04:00,MISS,TEX,,,Home,8.5
cfb_401858274,2026,8,2026-10-24,04:00,PITT,MIA,,,Home,
cfb_401858496,2026,8,2026-10-24,04:00,IU,MICH,,,Home,-6.0
cfb_401856727,2026,8,2026-10-24,04:00,TA&M,ALA,,,Home,2.5
cfb_401856835,2026,8,2026-10-24,04:00,BYU,UCF,,,Home,
cfb_401856840,2026,8,2026-10-24,04:00,TTU,CIN,,,Home,
cfb_401856837,2026,8,2026-10-24,04:00,HOU,UTAH,,,Home,6.5
cfb_401858497,2026,8,2026-10-24,04:00,IOWA,MINN,,,Home,
cfb_401858495,2026,8,2026-10-24,04:00,ORE,ILL,,,Home,
cfb_401856730,2026,8,2026-10-24,04:00,OU,MSST,,,Home,
cfb_401856731,2026,8,2026-10-24,04:00,TENN,SC,,,Home,
cfb_401858500,2026,8,2026-10-24,04:00,USC,WIS,,,Home,
cfb_401856836,2026,8,2026-10-24,04:00,COLO,OKST,,,Home,
cfb_401858270,2026,8,2026-10-24,04:00,CAL,SMU,,,Home,
cfb_401858499,2026,8,2026-10-24,04:00,MSU,UCLA,,,Home,
cfb_401856729,2026,8,2026-10-24,04:00,VAN,UK,,,Home,
cfb_401856834,2026,8,2026-10-24,04:00,BAY,KU,,,Home,
cfb_401856838,2026,8,2026-10-24,04:00,ISU,ARIZ,,,Home,
cfb_401856839,2026,8,2026-10-24,04:00,KSU,ASU,,,Home,
cfb_401856841,2026,8,2026-10-24,04:00,WVU,TCU,,,Home,
cfb_401858273,2026,8,2026-10-24,04:00,BC,GT,,,Home,
cfb_401858275,2026,8,2026-10-24,04:00,SYR,UNC,,,Home,
cfb_401858276,2026,8,2026-10-24,04:00,VT,CLEM,,,Home,
cfb_401858498,2026,8,2026-10-24,04:00,RUTG,NU,,,Home,
cfb_401862809,2026,8,2026-10-24,04:00,RICE,FAU,,,Home,
cfb_401862811,2026,8,2026-10-24,04:00,UTSA,TULN,,,Home,
cfb_401864526,2026,8,2026-10-24,04:00,HAW,NIU,,,Home,
cfb_401866446,2026,8,2026-10-24,04:00,AKR,KENT,,,Home,
cfb_401866447,2026,8,2026-10-24,04:00,SAC,BALL,,,Home,
cfb_401866448,2026,8,2026-10-24,04:00,BGSU,BUFF,,,Home,
cfb_401866449,2026,8,2026-10-24,04:00,EMU,OHIO,,,Home,
cfb_401866450,2026,8,2026-10-24,04:00,WMU,TOL,,,Home,
cfb_401866476,2026,8,2026-10-24,04:00,M-OH,CMU,,,Home,
cfb_401869967,2026,8,2026-10-24,04:00,UL,USM,,,Home,
cfb_401871093,2026,8,2026-10-24,04:00,ODU,LT,,,Home,
cfb_401871094,2026,8,2026-10-24,04:00,ULM,TROY,,,Home,
cfb_401856728,2026,8,2026-10-24,16:00,LSU,AUB,,,Home,
cfb_401862810,2026,8,2026-10-24,19:30,UNT,NAVY,,,Home,
cfb_401864528,2026,8,2026-10-24,21:00,SJSU,NEV,,,Home,
cfb_401860907,2026,8,2026-10-24,22:00,BOIS,WSU,,,Home,
cfb_401860905,2026,8,2026-10-24,22:30,SDSU,CSU,,,Home,
cfb_401869935,2026,8,2026-10-24,23:00,GAST,ARST,,,Home,
cfb_401860906,2026,8,2026-10-24,23:30,USU,TXST,,,Home,
cfb_401864527,2026,8,2026-10-25,02:00,NDSU,UNM,,,Home,
cfb_401871071,2026,9,2026-10-27,23:00,DEL,WKU,,,Home,
cfb_401871072,2026,9,2026-10-28,00:00,SHSU,MOST,,,Home,
cfb_401871058,2026,9,2026-10-28,23:00,KENN,MTSU,,,Home,
cfb_401871057,2026,9,2026-10-29,00:00,JXST,NMSU,,,Home,
cfb_401862812,2026,9,2026-10-29,23:30,FAU,UNT,,,Home,
cfb_401869963,2026,9,2026-10-29,23:30,TROY,JMU,,,Home,
cfb_401862813,2026,9,2026-10-30,23:00,TULN,CLT,,,Home,
cfb_401856844,2026,9,2026-10-30,23:30,BAY,UCF,,,Home,
cfb_401866451,2026,9,2026-10-31,02:30,KENT,SAC,,,Home,
cfb_401856737,2026,9,2026-10-31,04:00,MSST,TEX,,,Home,
cfb_401858282,2026,9,2026-10-31,04:00,MIA,UNC,,,Home,
cfb_401858509,2026,9,2026-10-31,04:00,OSU,USC,,,Home,-7.5
cfb_401858501,2026,9,2026-10-31,04:00,MINN,IU,,,Home,
cfb_401856735,2026,9,2026-10-31,04:00,AUB,MISS,,,Home,
cfb_401856843,2026,9,2026-10-31,04:00,ASU,BYU,,,Home,
cfb_401856842,2026,9,2026-10-31,04:00,ARIZ,TTU,,,Home,
cfb_401856848,2026,9,2026-10-31,04:00,UTAH,CIN,,,Home,
cfb_401858502,2026,9,2026-10-31,04:00,WIS,IOWA,,,Home,
cfb_401858505,2026,9,2026-10-31,04:00,NU,ORE,,,Home,
cfb_401856847,2026,9,2026-10-31,04:00,OKST,ISU,,,Home,
cfb_401858278,2026,9,2026-10-31,04:00,SMU,SYR,,,Home,
cfb_401858508,2026,9,2026-10-31,04:00,NEV,UCLA,,,Home,
cfb_401856733,2026,9,2026-10-31,04:00,MIZ,ARK,,,Home,
cfb_401856736,2026,9,2026-10-31,04:00,SC,OU,,,Home,
cfb_401856845,2026,9,2026-10-31,04:00,KU,TCU,,,Home,
cfb_401856846,2026,9,2026-10-31,04:00,KSU,COLO,,,Home,
cfb_401858277,2026,9,2026-10-31,04:00,CAL,NCSU,,,Home,
cfb_401858279,2026,9,2026-10-31,04:00,BC,DUKE,,,Home,
cfb_401858280,2026,9,2026-10-31,04:00,CLEM,FSU,,,Home,-1.5
cfb_401858281,2026,9,2026-10-31,04:00,GT,PITT,,,Home,
cfb_401858283,2026,9,2026-10-31,04:00,STAN,LOU,,,Home,
cfb_401858284,2026,9,2026-10-31,04:00,UVA,WAKE,,,Home,
cfb_401858503,2026,9,2026-10-31,04:00,ILL,MD,,,Home,
cfb_401858504,2026,9,2026-10-31,04:00,WASH,NEB,,,Home,
cfb_401858506,2026,9,2026-10-31,04:00,PUR,PSU,,,Home,
cfb_401858507,2026,9,2026-10-31,04:00,MICH,RUTG,,,Home,
cfb_401860924,2026,9,2026-10-31,04:00,ORST,FRES,,,Home,
cfb_401862814,2026,9,2026-10-31,04:00,ARMY,MEM,,,Home,
cfb_401862815,2026,9,2026-10-31,04:00,TEM,ECU,,,Home,
cfb_401862816,2026,9,2026-10-31,04:00,UAB,USF,,,Home,
cfb_401864529,2026,9,2026-10-31,04:00,UNM,SJSU,,,Home,
cfb_401869846,2026,9,2026-10-31,04:00,APP,GASO,,,Home,
cfb_401869944,2026,9,2026-10-31,04:00,CCU,GAST,,,Home,
cfb_401871095,2026,9,2026-10-31,04:00,USM,ULM,,,Home,
cfb_401871096,2026,9,2026-10-31,04:00,MRSH,ODU,,,Home,
cfb_401871097,2026,9,2026-10-31,04:00,LT,USA,,,Home,
cfb_401859185,2026,9,2026-10-31,16:00,ND,NAVY,,,Neutral,
cfb_401866452,2026,9,2026-10-31,16:00,BGSU,WMU,,,Home,
cfb_401861966,2026,9,2026-10-31,19:00,CONN,AFA,,,Home,
cfb_401856734,2026,9,2026-10-31,19:30,FLA,UGA,,,Neutral,12.5
cfb_401860910,2026,9,2026-10-31,19:30,CSU,USU,,,Home,
cfb_401864531,2026,9,2026-10-31,19:30,UTEP,NDSU,,,Home,
cfb_401871059,2026,9,2026-10-31,19:30,FIU,LIB,,,Home,
cfb_401860909,2026,9,2026-10-31,23:00,WSU,SDSU,,,Home,
cfb_401860908,2026,9,2026-11-01,02:00,TXST,BOIS,,,Home,
cfb_401864530,2026,9,2026-11-01,02:30,NIU,UNLV,,,Home,
cfb_401866453,2026,10,2026-11-04,00:00,OHIO,AKR,,,Home,
cfb_401866454,2026,10,2026-11-04,00:00,BUFF,M-OH,,,Home,
cfb_401866455,2026,10,2026-11-04,05:00,BALL,MASS,,,Home,
cfb_401866456,2026,10,2026-11-04,05:00,CMU,EMU,,,Neutral,
cfb_401866457,2026,10,2026-11-04,05:00,TOL,SAC,,,Home,
cfb_401862817,2026,10,2026-11-06,01:00,UTSA,FAU,,,Home,
cfb_401869964,2026,10,2026-11-06,01:00,JMU,USM,,,Home,
cfb_401858288,2026,10,2026-11-07,00:00,VT,SMU,,,Home,
cfb_401862818,2026,10,2026-11-07,00:30,USF,ECU,,,Home,
cfb_401858510,2026,10,2026-11-07,01:00,NEB,ILL,,,Home,
cfb_401864533,2026,10,2026-11-07,02:00,UNM,NEV,,,Home,
cfb_401856855,2026,10,2026-11-07,03:15,TCU,ARIZ,,,Home,
cfb_401856743,2026,10,2026-11-07,05:00,TEX,MIZ,,,Home,
cfb_401856741,2026,10,2026-11-07,05:00,UGA,MISS,,,Home,-4.5
cfb_401858514,2026,10,2026-11-07,05:00,ORE,OSU,,,Home,6.0
cfb_401856740,2026,10,2026-11-07,05:00,ALA,LSU,,,Home,3.5
cfb_401856739,2026,10,2026-11-07,05:00,OU,FLA,,,Home,
cfb_401856849,2026,10,2026-11-07,05:00,BYU,UTAH,,,Home,3.0
cfb_401856856,2026,10,2026-11-07,05:00,WVU,TTU,,,Home,
cfb_401858513,2026,10,2026-11-07,05:00,IOWA,NU,,,Home,
cfb_401856742,2026,10,2026-11-07,05:00,VAN,MSST,,,Home,
cfb_401856745,2026,10,2026-11-07,05:00,UK,TENN,,,Home,
cfb_401856854,2026,10,2026-11-07,05:00,OKST,KSU,,,Home,
cfb_401856851,2026,10,2026-11-07,05:00,CIN,HOU,,,Home,
cfb_401858512,2026,10,2026-11-07,05:00,UCLA,MINN,,,Home,
cfb_401856738,2026,10,2026-11-07,05:00,ARK,AUB,,,Home,
cfb_401856744,2026,10,2026-11-07,05:00,TA&M,SC,,,Home,
cfb_401856850,2026,10,2026-11-07,05:00,UCF,KU,,,Home,
cfb_401856852,2026,10,2026-11-07,05:00,COLO,ASU,,,Home,
cfb_401856853,2026,10,2026-11-07,05:00,ISU,BAY,,,Home,
cfb_401858285,2026,10,2026-11-07,05:00,CLEM,SYR,,,Home,
cfb_401858286,2026,10,2026-11-07,05:00,DUKE,NCSU,,,Home,
cfb_401858287,2026,10,2026-11-07,05:00,LOU,GT,,,Home,
cfb_401858289,2026,10,2026-11-07,05:00,FSU,BC,,,Home,
cfb_401858511,2026,10,2026-11-07,05:00,MSU,MICH,,,Home,16.5
cfb_401858515,2026,10,2026-11-07,05:00,MD,PUR,,,Home,
cfb_401858516,2026,10,2026-11-07,05:00,PSU,WASH,,,Home,
cfb_401858517,2026,10,2026-11-07,05:00,RUTG,WIS,,,Home,
cfb_401862819,2026,10,2026-11-07,05:00,CLT,UAB,,,Home,
cfb_401862821,2026,10,2026-11-07,05:00,RICE,UNT,,,Home,
cfb_401862822,2026,10,2026-11-07,05:00,TLSA,TULN,,,Home,
cfb_401864532,2026,10,2026-11-07,05:00,HAW,UTEP,,,Home,
cfb_401864534,2026,10,2026-11-07,05:00,NIU,SJSU,,,Home,
cfb_401869927,2026,10,2026-11-07,05:00,GAST,APP,,,Home,
cfb_401869945,2026,10,2026-11-07,05:00,ODU,CCU,,,Home,
cfb_401869951,2026,10,2026-11-07,05:00,MRSH,GASO,,,Home,
cfb_401869968,2026,10,2026-11-07,05:00,USA,UL,,,Home,
cfb_401871098,2026,10,2026-11-07,05:00,LT,TROY,,,Home,
cfb_401858292,2026,10,2026-11-07,17:00,UNC,CONN,,,Home,
cfb_401869936,2026,10,2026-11-07,20:00,ULM,ARST,,,Home,
cfb_401871073,2026,10,2026-11-07,20:00,DEL,KENN,,,Home,
cfb_401862820,2026,10,2026-11-07,20:30,TEM,NAVY,,,Home,
cfb_401871076,2026,10,2026-11-07,20:30,WKU,MTSU,,,Home,
cfb_401871074,2026,10,2026-11-07,21:00,MOST,FIU,,,Home,
cfb_401870795,2026,10,2026-11-07,22:00,LIB,NMSU,,,Home,
cfb_401860911,2026,10,2026-11-07,23:00,BOIS,CSU,,,Home,
cfb_401871075,2026,10,2026-11-08,00:00,SHSU,JXST,,,Home,
cfb_401858291,2026,10,2026-11-08,00:30,MIA,ND,,,Home,6.5
cfb_401862823,2026,10,2026-11-08,00:30,AFA,ARMY,,,Home,
cfb_401860913,2026,10,2026-11-08,02:30,FRES,USU,,,Home,
cfb_401860912,2026,10,2026-11-08,03:30,TXST,ORST,,,Home,
cfb_401864535,2026,10,2026-11-08,03:30,WYO,UNLV,,,Home,
cfb_401866458,2026,11,2026-11-11,00:00,WMU,AKR,,,Home,
cfb_401866459,2026,11,2026-11-11,00:00,KENT,BGSU,,,Home,
cfb_401866460,2026,11,2026-11-11,00:00,OHIO,M-OH,,,Home,
cfb_401866461,2026,11,2026-11-11,05:00,BUFF,BALL,,,Home,
cfb_401866462,2026,11,2026-11-11,05:00,SAC,CMU,,,Home,
cfb_401866463,2026,11,2026-11-11,05:00,MASS,TOL,,,Home,
cfb_401862824,2026,11,2026-11-13,01:00,MEM,USF,,,Home,
cfb_401869969,2026,11,2026-11-13,02:00,UL,ULM,,,Home,
cfb_401858293,2026,11,2026-11-14,00:00,FSU,PITT,,,Home,
cfb_401858526,2026,11,2026-11-14,02:00,ILL,UCLA,,,Home,
cfb_401856860,2026,11,2026-11-14,03:15,HOU,COLO,,,Home,
cfb_401856885,2026,11,2026-11-14,05:00,TEX,LSU,,,Home,-2.5
cfb_401856883,2026,11,2026-11-14,05:00,MIZ,UGA,,,Home,
cfb_401858296,2026,11,2026-11-14,05:00,DUKE,MIA,,,Home,21.0
cfb_401858522,2026,11,2026-11-14,05:00,NU,OSU,,,Home,
cfb_401858518,2026,11,2026-11-14,05:00,USC,IU,,,Home,10.0
cfb_401856889,2026,11,2026-11-14,05:00,ALA,VAN,,,Home,
cfb_401856884,2026,11,2026-11-14,05:00,FLA,UK,,,Home,
cfb_401856887,2026,11,2026-11-14,05:00,MISS,OU,,,Home,4.0
cfb_401856858,2026,11,2026-11-14,05:00,BAY,BYU,,,Home,
cfb_401856863,2026,11,2026-11-14,05:00,TTU,OKST,,,Home,-15.5
cfb_401856864,2026,11,2026-11-14,05:00,UTAH,ARIZ,,,Home,
cfb_401858519,2026,11,2026-11-14,05:00,PUR,IOWA,,,Home,
cfb_401858523,2026,11,2026-11-14,05:00,MICH,ORE,,,Home,13.5
cfb_401856886,2026,11,2026-11-14,05:00,AUB,MSST,,,Home,
cfb_401856888,2026,11,2026-11-14,05:00,TENN,TA&M,,,Home,8.5
cfb_401858301,2026,11,2026-11-14,05:00,WAKE,SMU,,,Home,
cfb_401856857,2026,11,2026-11-14,05:00,ASU,UCF,,,Home,
cfb_401856859,2026,11,2026-11-14,05:00,CIN,ISU,,,Home,
cfb_401856861,2026,11,2026-11-14,05:00,KU,WVU,,,Home,
cfb_401856862,2026,11,2026-11-14,05:00,KSU,TCU,,,Home,
cfb_401856882,2026,11,2026-11-14,05:00,SC,ARK,,,Home,
cfb_401858295,2026,11,2026-11-14,05:00,CAL,UVA,,,Home,
cfb_401858297,2026,11,2026-11-14,05:00,GT,CLEM,,,Home,
cfb_401858298,2026,11,2026-11-14,05:00,LOU,UNC,,,Home,
cfb_401858299,2026,11,2026-11-14,05:00,STAN,VT,,,Home,
cfb_401858300,2026,11,2026-11-14,05:00,SYR,NCSU,,,Home,
cfb_401858520,2026,11,2026-11-14,05:00,WIS,MD,,,Home,
cfb_401858521,2026,11,2026-11-14,05:00,WASH,MSU,,,Home,
cfb_401858524,2026,11,2026-11-14,05:00,MINN,PSU,,,Home,
cfb_401858525,2026,11,2026-11-14,05:00,NEB,RUTG,,,Home,
cfb_401862825,2026,11,2026-11-14,05:00,ECU,CLT,,,Home,
cfb_401862826,2026,11,2026-11-14,05:00,FAU,TLSA,,,Home,
cfb_401862827,2026,11,2026-11-14,05:00,UNT,UTSA,,,Home,
cfb_401862828,2026,11,2026-11-14,05:00,TULN,RICE,,,Home,
cfb_401862829,2026,11,2026-11-14,05:00,UAB,TEM,,,Home,
cfb_401864536,2026,11,2026-11-14,05:00,NEV,NIU,,,Home,
cfb_401864540,2026,11,2026-11-14,05:00,WYO,UTEP,,,Home,
cfb_401869928,2026,11,2026-11-14,05:00,APP,MRSH,,,Home,
cfb_401869937,2026,11,2026-11-14,05:00,ARST,CCU,,,Home,
cfb_401869952,2026,11,2026-11-14,05:00,GASO,GAST,,,Home,
cfb_401871099,2026,11,2026-11-14,05:00,USM,LT,,,Home,
cfb_401871100,2026,11,2026-11-14,05:00,TROY,USA,,,Home,
cfb_401861967,2026,11,2026-11-14,17:00,JMU,CONN,,,Home,
cfb_401870769,2026,11,2026-11-14,19:00,KENN,SHSU,,,Home,
cfb_401870796,2026,11,2026-11-14,20:00,NMSU,MOST,,,Home,
cfb_401871060,2026,11,2026-11-14,20:00,FIU,DEL,,,Home,
cfb_401858294,2026,11,2026-11-14,20:30,BC,ND,,,Home,
cfb_401870752,2026,11,2026-11-14,20:30,JXST,WKU,,,Home,
cfb_401871061,2026,11,2026-11-14,20:30,MTSU,LIB,,,Home,
cfb_401860916,2026,11,2026-11-14,21:00,FRES,TXST,,,Home,
cfb_401860914,2026,11,2026-11-14,23:00,ORST,BOIS,,,Home,
cfb_401864538,2026,11,2026-11-15,00:00,SJSU,AFA,,,Home,
cfb_401864539,2026,11,2026-11-15,00:30,UNLV,UNM,,,Home,
cfb_401860915,2026,11,2026-11-15,02:30,USU,SDSU,,,Home,
cfb_401860917,2026,11,2026-11-15,03:30,CSU,WSU,,,Home,
cfb_401864537,2026,11,2026-11-15,04:59,NDSU,HAW,,,Home,
cfb_401866464,2026,12,2026-11-18,00:00,BALL,OHIO,,,Home,
cfb_401866465,2026,12,2026-11-18,00:00,EMU,WMU,,,Home,
cfb_401866466,2026,12,2026-11-18,00:00,M-OH,KENT,,,Home,
cfb_401866467,2026,12,2026-11-18,05:00,AKR,MASS,,,Home,
cfb_401866469,2026,12,2026-11-18,05:00,CMU,BUFF,,,Home,
cfb_401862830,2026,12,2026-11-20,00:30,RICE,TEM,,,Home,
cfb_401856869,2026,12,2026-11-20,23:00,ISU,UCF,,,Home,
cfb_401858303,2026,12,2026-11-21,00:30,CLEM,DUKE,,,Home,
cfb_401866468,2026,12,2026-11-21,00:30,BGSU,TOL,,,Home,
cfb_401858529,2026,12,2026-11-21,01:00,ORE,MSU,,,Home,
cfb_401864545,2026,12,2026-11-21,01:00,UTEP,AFA,,,Home,
cfb_401856755,2026,12,2026-11-21,05:00,ARK,TEX,,,Home,
cfb_401856753,2026,12,2026-11-21,05:00,UGA,SC,,,Home,
cfb_401858302,2026,12,2026-11-21,05:00,VT,MIA,,,Home,16.5
cfb_401858531,2026,12,2026-11-21,05:00,OSU,NEB,,,Home,
cfb_401858535,2026,12,2026-11-21,05:00,IU,WASH,,,Home,
cfb_401856748,2026,12,2026-11-21,05:00,VAN,FLA,,,Home,
cfb_401856866,2026,12,2026-11-21,05:00,BYU,KU,,,Home,
cfb_401856754,2026,12,2026-11-21,05:00,LSU,TENN,,,Home,-1.5
cfb_401856871,2026,12,2026-11-21,05:00,TTU,BAY,,,Home,
cfb_401856872,2026,12,2026-11-21,05:00,UTAH,TCU,,,Home,
cfb_401858527,2026,12,2026-11-21,05:00,IOWA,ILL,,,Home,
cfb_401858534,2026,12,2026-11-21,05:00,MD,USC,,,Home,
cfb_401856870,2026,12,2026-11-21,05:00,OKST,ASU,,,Home,
cfb_401856868,2026,12,2026-11-21,05:00,HOU,WVU,,,Home,
cfb_401858528,2026,12,2026-11-21,05:00,UCLA,MICH,,,Home,
cfb_401856751,2026,12,2026-11-21,05:00,UK,MIZ,,,Home,
cfb_401856752,2026,12,2026-11-21,05:00,TA&M,OU,,,Home,2.5
cfb_401856865,2026,12,2026-11-21,05:00,ARIZ,KSU,,,Home,
cfb_401856867,2026,12,2026-11-21,05:00,COLO,CIN,,,Home,
cfb_401858304,2026,12,2026-11-21,05:00,NCSU,FSU,,,Home,
cfb_401858305,2026,12,2026-11-21,05:00,UNC,UVA,,,Home,
cfb_401858306,2026,12,2026-11-21,05:00,PITT,LOU,,,Home,
cfb_401858308,2026,12,2026-11-21,05:00,STAN,CAL,,,Home,
cfb_401858309,2026,12,2026-11-21,05:00,SYR,BC,,,Home,
cfb_401858310,2026,12,2026-11-21,05:00,WAKE,GT,,,Home,
cfb_401858530,2026,12,2026-11-21,05:00,NU,MINN,,,Home,
cfb_401858532,2026,12,2026-11-21,05:00,RUTG,PSU,,,Home,
cfb_401858533,2026,12,2026-11-21,05:00,WIS,PUR,,,Home,
cfb_401862832,2026,12,2026-11-21,05:00,CLT,TLSA,,,Home,
cfb_401862833,2026,12,2026-11-21,05:00,USF,FAU,,,Home,
cfb_401862835,2026,12,2026-11-21,05:00,UNT,TULN,,,Home,
cfb_401862836,2026,12,2026-11-21,05:00,UTSA,UAB,,,Home,
cfb_401864541,2026,12,2026-11-21,05:00,HAW,NEV,,,Home,
cfb_401869929,2026,12,2026-11-21,05:00,ULM,APP,,,Home,
cfb_401869938,2026,12,2026-11-21,05:00,ARST,LT,,,Home,
cfb_401869946,2026,12,2026-11-21,05:00,CCU,UL,,,Home,
cfb_401869953,2026,12,2026-11-21,05:00,GASO,TROY,,,Home,
cfb_401869958,2026,12,2026-11-21,05:00,GAST,MRSH,,,Home,
cfb_401871101,2026,12,2026-11-21,05:00,USA,USM,,,Home,
cfb_401862831,2026,12,2026-11-21,17:00,ECU,ARMY,,,Home,
cfb_401862834,2026,12,2026-11-21,17:00,MEM,NAVY,,,Home,
cfb_401871080,2026,12,2026-11-21,18:00,WKU,LIB,,,Home,
cfb_401871079,2026,12,2026-11-21,19:00,MOST,JXST,,,Home,
cfb_401871081,2026,12,2026-11-21,19:00,MTSU,SHSU,,,Home,
cfb_401871077,2026,12,2026-11-21,20:00,DEL,NMSU,,,Home,
cfb_401871078,2026,12,2026-11-21,20:00,FIU,KENN,,,Home,
cfb_401861968,2026,12,2026-11-21,20:30,ODU,CONN,,,Home,
cfb_401864543,2026,12,2026-11-21,21:00,NIU,NDSU,,,Home,
cfb_401860920,2026,12,2026-11-21,23:00,WSU,TXST,,,Home,
cfb_401864544,2026,12,2026-11-22,00:00,UNLV,SJSU,,,Home,
cfb_401858307,2026,12,2026-11-22,00:30,SMU,ND,,,Home,17.5
cfb_401860918,2026,12,2026-11-22,00:30,CSU,FRES,,,Home,
cfb_401864542,2026,12,2026-11-22,02:00,UNM,WYO,,,Home,
cfb_401860925,2026,12,2026-11-22,02:30,SDSU,BOIS,,,Home,
cfb_401860919,2026,12,2026-11-22,03:30,USU,ORST,,,Home,
cfb_401866471,2026,13,2026-11-24,05:00,M-OH,WMU,,,Home,
cfb_401866470,2026,13,2026-11-25,00:00,KENT,EMU,,,Home,
cfb_401856879,2026,13,2026-11-27,01:00,TCU,TTU,,,Home,16.5
cfb_401862837,2026,13,2026-11-27,05:00,FAU,ECU,,,Home,
cfb_401862838,2026,13,2026-11-27,05:00,TEM,MEM,,,Home,
cfb_401862839,2026,13,2026-11-27,05:00,TULN,USF,,,Home,
cfb_401856762,2026,13,2026-11-27,17:00,MSST,MISS,,,Home,14.5
cfb_401858536,2026,13,2026-11-27,17:00,NEB,IOWA,,,Home,
cfb_401866472,2026,13,2026-11-27,17:00,BUFF,AKR,,,Home,
cfb_401866473,2026,13,2026-11-27,17:00,TOL,OHIO,,,Home,
cfb_401869930,2026,13,2026-11-27,20:00,APP,USA,,,Home,
cfb_401856759,2026,13,2026-11-27,20:30,FLA,FSU,,,Home,-4.5
cfb_401864549,2026,13,2026-11-27,20:30,NDSU,SJSU,,,Home,
cfb_401856756,2026,13,2026-11-28,00:30,TEX,TA&M,,,Home,-2.5
cfb_401858544,2026,13,2026-11-28,00:30,MINN,WIS,,,Home,
cfb_401856880,2026,13,2026-11-28,02:00,WVU,UTAH,,,Home,
cfb_401856760,2026,13,2026-11-28,05:00,GT,UGA,,,Home,
cfb_401858314,2026,13,2026-11-28,05:00,ND,SYR,,,Home,
cfb_401858311,2026,13,2026-11-28,05:00,BC,MIA,,,Home,
cfb_401858538,2026,13,2026-11-28,05:00,PUR,IU,,,Home,
cfb_401856757,2026,13,2026-11-28,05:00,AUB,ALA,,,Home,10.0
cfb_401856876,2026,13,2026-11-28,05:00,CIN,BYU,,,Home,
cfb_401856758,2026,13,2026-11-28,05:00,LSU,ARK,,,Home,
cfb_401858541,2026,13,2026-11-28,05:00,WASH,ORE,,,Home,15.5
cfb_401856765,2026,13,2026-11-28,05:00,TENN,VAN,,,Home,-3.0
cfb_401858543,2026,13,2026-11-28,05:00,USC,UCLA,,,Home,-10.5
cfb_401856877,2026,13,2026-11-28,05:00,KU,OKST,,,Home,
cfb_401856874,2026,13,2026-11-28,05:00,BAY,HOU,,,Home,
cfb_401858316,2026,13,2026-11-28,05:00,SMU,STAN,,,Home,
cfb_401856761,2026,13,2026-11-28,05:00,LOU,UK,,,Home,
cfb_401856763,2026,13,2026-11-28,05:00,OU,MIZ,,,Home,
cfb_401856764,2026,13,2026-11-28,05:00,SC,CLEM,,,Home,3.0
cfb_401856873,2026,13,2026-11-28,05:00,ASU,ARIZ,,,Home,4.5
cfb_401856875,2026,13,2026-11-28,05:00,UCF,COLO,,,Home,
cfb_401856878,2026,13,2026-11-28,05:00,KSU,ISU,,,Home,
cfb_401858312,2026,13,2026-11-28,05:00,DUKE,WAKE,,,Home,
cfb_401858313,2026,13,2026-11-28,05:00,NCSU,UNC,,,Home,-1.5
cfb_401858315,2026,13,2026-11-28,05:00,PITT,CAL,,,Home,
cfb_401858317,2026,13,2026-11-28,05:00,UVA,VT,,,Home,1.5
cfb_401858537,2026,13,2026-11-28,05:00,ILL,NU,,,Home,-3.5
cfb_401858539,2026,13,2026-11-28,05:00,PSU,MD,,,Home,
cfb_401858542,2026,13,2026-11-28,05:00,MSU,RUTG,,,Home,
cfb_401861969,2026,13,2026-11-28,05:00,CONN,WYO,,,Home,
cfb_401862840,2026,13,2026-11-28,05:00,TLSA,UTSA,,,Home,
cfb_401862841,2026,13,2026-11-28,05:00,ARMY,RICE,,,Home,
cfb_401862842,2026,13,2026-11-28,05:00,NAVY,CLT,,,Home,
cfb_401862843,2026,13,2026-11-28,05:00,UAB,UNT,,,Home,
cfb_401864550,2026,13,2026-11-28,05:00,UTEP,NIU,,,Home,
cfb_401869947,2026,13,2026-11-28,05:00,CCU,JMU,,,Home,
cfb_401869954,2026,13,2026-11-28,05:00,LT,GASO,,,Home,
cfb_401869959,2026,13,2026-11-28,05:00,UL,GAST,,,Home,
cfb_401871102,2026,13,2026-11-28,05:00,MRSH,ULM,,,Home,
cfb_401871103,2026,13,2026-11-28,05:00,USM,ODU,,,Home,
cfb_401858540,2026,13,2026-11-28,17:00,MICH,OSU,,,Home,13.5
cfb_401866474,2026,13,2026-11-28,17:00,CMU,BALL,,,Home,
cfb_401866475,2026,13,2026-11-28,17:00,MASS,BGSU,,,Home,
cfb_401870804,2026,13,2026-11-28,18:00,KENN,WKU,,,Home,
cfb_401871063,2026,13,2026-11-28,19:00,LIB,MOST,,,Home,
cfb_401871082,2026,13,2026-11-28,19:00,SHSU,FIU,,,Home,
cfb_401871083,2026,13,2026-11-28,19:00,NMSU,MTSU,,,Home,
cfb_401869939,2026,13,2026-11-28,20:00,TROY,ARST,,,Home,
cfb_401871062,2026,13,2026-11-28,20:30,JXST,DEL,,,Home,
cfb_401864546,2026,13,2026-11-28,21:30,AFA,UNM,,,Home,
cfb_401864548,2026,13,2026-11-29,02:00,NEV,UNLV,,,Home,
cfb_401864547,2026,13,2026-11-29,04:00,SAC,HAW,,,Home,
cfb_401862844,2026,15,2026-12-12,20:00,NAVY,ARMY,,,Neutral,-2.5
